time_seconds,raw,filtered,r_peak
0.000000,-0.145000,0.037467,0
0.002778,-0.145000,0.037198,0
0.005556,-0.145000,0.037252,0
0.008333,-0.145000,0.037958,0
0.011111,-0.145000,0.039592,0
0.013889,-0.145000,0.042213,0
0.016667,-0.145000,0.045452,0
0.019444,-0.145000,0.048431,0
0.022222,-0.120000,0.049987,0
0.025000,-0.135000,0.049221,0
0.027778,-0.145000,0.045976,0
0.030556,-0.150000,0.040847,0
0.033333,-0.160000,0.034779,0
0.036111,-0.155000,0.028667,0
0.038889,-0.160000,0.023235,0
0.041667,-0.175000,0.019070,0
0.044444,-0.180000,0.016526,0
0.047222,-0.185000,0.015502,0
0.050000,-0.170000,0.015444,0
0.052778,-0.155000,0.015822,0
0.055556,-0.175000,0.016764,0
0.058333,-0.180000,0.019094,0
0.061111,-0.190000,0.023453,0
0.063889,-0.180000,0.029121,0
0.066667,-0.155000,0.033635,0
0.069444,-0.135000,0.033791,0
0.072222,-0.155000,0.027468,0
0.075000,-0.190000,0.014874,0
0.077778,-0.205000,-0.001669,0
0.080556,-0.235000,-0.019103,0
0.083333,-0.225000,-0.035011,0
0.086111,-0.245000,-0.048148,0
0.088889,-0.250000,-0.058135,0
0.091667,-0.260000,-0.064899,0
0.094444,-0.275000,-0.068443,0
0.097222,-0.275000,-0.069054,0
0.100000,-0.275000,-0.067666,0
0.102778,-0.265000,-0.065877,0
0.105556,-0.255000,-0.065428,0
0.108333,-0.265000,-0.067387,0
0.111111,-0.275000,-0.071638,0
0.113889,-0.290000,-0.077052,0
0.116667,-0.290000,-0.082189,0
0.119444,-0.290000,-0.085966,0
0.122222,-0.290000,-0.087887,0
0.125000,-0.285000,-0.087862,0
0.127778,-0.295000,-0.086003,0
0.130556,-0.305000,-0.082687,0
0.133333,-0.285000,-0.078783,0
0.136111,-0.275000,-0.075578,0
0.138889,-0.275000,-0.074200,0
0.141667,-0.280000,-0.074924,0
0.144444,-0.285000,-0.076996,0
0.147222,-0.305000,-0.079142,0
0.150000,-0.290000,-0.080446,0
0.152778,-0.300000,-0.080970,0
0.155556,-0.280000,-0.081701,0
0.158333,-0.290000,-0.083924,0
0.161111,-0.300000,-0.088538,0
0.163889,-0.315000,-0.095847,0
0.166667,-0.320000,-0.105886,0
0.169444,-0.335000,-0.118904,0
0.172222,-0.360000,-0.135643,0
0.175000,-0.385000,-0.157155,0
0.177778,-0.385000,-0.183963,0
0.180556,-0.405000,-0.214547,0
0.183333,-0.455000,-0.243806,0
0.186111,-0.485000,-0.262612,0
0.188889,-0.485000,-0.258961,0
0.191667,-0.425000,-0.220202,0
0.194444,-0.330000,-0.135546,0
0.197222,-0.220000,0.001152,0
0.200000,-0.070000,0.187865,0
0.202778,0.120000,0.410505,0
0.205556,0.375000,0.640871,0
0.208333,0.620000,0.839303,0
0.211111,0.780000,0.963347,0
0.213889,0.840000,0.980505,1
0.216667,0.765000,0.880502,0
0.219444,0.520000,0.681671,0
0.222222,0.170000,0.427496,0
0.225000,-0.165000,0.173239,0
0.227778,-0.365000,-0.032261,0
0.230556,-0.435000,-0.161486,0
0.233333,-0.425000,-0.213336,0
0.236111,-0.370000,-0.207429,0
0.238889,-0.330000,-0.172006,0
0.241667,-0.325000,-0.131955,0
0.244444,-0.335000,-0.101944,0
0.247222,-0.345000,-0.085970,0
0.250000,-0.330000,-0.081228,0
0.252778,-0.325000,-0.082841,0
0.255556,-0.315000,-0.086950,0
0.258333,-0.310000,-0.091555,0
0.261111,-0.320000,-0.095898,0
0.263889,-0.335000,-0.099587,0
0.266667,-0.340000,-0.102204,0
0.269444,-0.325000,-0.103386,0
0.272222,-0.345000,-0.103010,0
0.275000,-0.335000,-0.101318,0
0.277778,-0.330000,-0.098945,0
0.280556,-0.335000,-0.096800,0
0.283333,-0.330000,-0.095790,0
0.286111,-0.325000,-0.096432,0
0.288889,-0.330000,-0.098476,0
0.291667,-0.330000,-0.100776,0
0.294444,-0.345000,-0.101648,0
0.297222,-0.355000,-0.099743,0
0.300000,-0.335000,-0.094969,0
0.302778,-0.325000,-0.088773,0
0.305556,-0.305000,-0.083449,0
0.308333,-0.320000,-0.080947,0
0.311111,-0.320000,-0.082008,0
0.313889,-0.330000,-0.086076,0
0.316667,-0.340000,-0.091813,0
0.319444,-0.335000,-0.097726,0
0.322222,-0.340000,-0.102533,0
0.325000,-0.345000,-0.105263,0
0.327778,-0.355000,-0.105371,0
0.330556,-0.355000,-0.102970,0
0.333333,-0.340000,-0.098974,0
0.336111,-0.330000,-0.094781,0
0.338889,-0.330000,-0.091567,0
0.341667,-0.330000,-0.089676,0
0.344444,-0.340000,-0.088587,0
0.347222,-0.350000,-0.087496,0
0.350000,-0.325000,-0.086012,0
0.352778,-0.325000,-0.084382,0
0.355556,-0.330000,-0.083164,0
0.358333,-0.330000,-0.082798,0
0.361111,-0.335000,-0.083452,0
0.363889,-0.335000,-0.085116,0
0.366667,-0.340000,-0.087695,0
0.369444,-0.330000,-0.090921,0
0.372222,-0.340000,-0.094156,0
0.375000,-0.350000,-0.096357,0
0.377778,-0.355000,-0.096452,0
0.380556,-0.350000,-0.093972,0
0.383333,-0.345000,-0.089460,0
0.386111,-0.330000,-0.084306,0
0.388889,-0.320000,-0.080062,0
0.391667,-0.335000,-0.077687,0
0.394444,-0.330000,-0.077268,0
0.397222,-0.345000,-0.078314,0
0.400000,-0.330000,-0.080243,0
0.402778,-0.335000,-0.082628,0
0.405556,-0.335000,-0.085077,0
0.408333,-0.345000,-0.087063,0
0.411111,-0.345000,-0.088001,0
0.413889,-0.355000,-0.087576,0
0.416667,-0.340000,-0.086033,0
0.419444,-0.340000,-0.084121,0
0.422222,-0.335000,-0.082648,0
0.425000,-0.330000,-0.081966,0
0.427778,-0.350000,-0.081797,0
0.430556,-0.350000,-0.081591,0
0.433333,-0.345000,-0.081125,0
0.436111,-0.335000,-0.080766,0
0.438889,-0.335000,-0.081116,0
0.441667,-0.335000,-0.082387,0
0.444444,-0.350000,-0.084074,0
0.447222,-0.355000,-0.085265,0
0.450000,-0.355000,-0.085333,0
0.452778,-0.345000,-0.084462,0
0.455556,-0.345000,-0.083571,0
0.458333,-0.335000,-0.083717,0
0.461111,-0.350000,-0.085447,0
0.463889,-0.360000,-0.088574,0
0.466667,-0.360000,-0.092442,0
0.469444,-0.360000,-0.096358,0
0.472222,-0.365000,-0.099782,0
0.475000,-0.360000,-0.102258,0
0.477778,-0.370000,-0.103353,0
0.480556,-0.385000,-0.102822,0
0.483333,-0.370000,-0.100959,0
0.486111,-0.360000,-0.098669,0
0.488889,-0.355000,-0.097011,0
0.491667,-0.360000,-0.096523,0
0.494444,-0.375000,-0.096938,0
0.497222,-0.375000,-0.097531,0
0.500000,-0.365000,-0.097698,0
0.502778,-0.365000,-0.097202,0
0.505556,-0.360000,-0.095955,0
0.508333,-0.360000,-0.093685,0
0.511111,-0.365000,-0.089909,0
0.513889,-0.370000,-0.084322,0
0.516667,-0.355000,-0.077303,0
0.519444,-0.330000,-0.069947,0
0.522222,-0.325000,-0.063417,0
0.525000,-0.325000,-0.058094,0
0.527778,-0.335000,-0.053337,0
0.530556,-0.340000,-0.048100,0
0.533333,-0.315000,-0.041839,0
0.536111,-0.300000,-0.034878,0
0.538889,-0.300000,-0.027963,0
0.541667,-0.290000,-0.021546,0
0.544444,-0.295000,-0.015434,0
0.547222,-0.290000,-0.009041,0
0.550000,-0.285000,-0.001961,0
0.552778,-0.275000,0.005590,0
0.555556,-0.255000,0.012839,0
0.558333,-0.250000,0.018989,0
0.561111,-0.250000,0.023782,0
0.563889,-0.265000,0.027553,0
0.566667,-0.255000,0.030729,0
0.569444,-0.245000,0.033300,0
0.572222,-0.230000,0.034848,0
0.575000,-0.245000,0.035072,0
0.577778,-0.245000,0.034219,0
0.580556,-0.255000,0.032986,0
0.583333,-0.255000,0.032050,0
0.586111,-0.240000,0.031688,0
0.588889,-0.250000,0.031759,0
0.591667,-0.255000,0.031926,0
0.594444,-0.245000,0.031834,0
0.597222,-0.255000,0.031204,0
0.600000,-0.250000,0.029917,0
0.602778,-0.250000,0.028079,0
0.605556,-0.265000,0.025997,0
0.608333,-0.260000,0.024011,0
0.611111,-0.260000,0.022292,0
0.613889,-0.265000,0.020757,0
0.616667,-0.270000,0.019130,0
0.619444,-0.265000,0.017119,0
0.622222,-0.260000,0.014666,0
0.625000,-0.275000,0.012168,0
0.627778,-0.280000,0.010364,0
0.630556,-0.290000,0.009840,0
0.633333,-0.275000,0.010518,0
0.636111,-0.270000,0.011652,0
0.638889,-0.260000,0.012401,0
0.641667,-0.280000,0.012482,0
0.644444,-0.280000,0.012291,0
0.647222,-0.285000,0.012421,0
0.650000,-0.275000,0.013058,0
0.652778,-0.275000,0.013812,0
0.655556,-0.265000,0.014067,0
0.658333,-0.270000,0.013518,0
0.661111,-0.285000,0.012400,0
0.663889,-0.290000,0.011177,0
0.666667,-0.280000,0.010018,0
0.669444,-0.275000,0.008590,0
0.672222,-0.285000,0.006373,0
0.675000,-0.280000,0.003143,0
0.677778,-0.300000,-0.000812,0
0.680556,-0.300000,-0.004872,0
0.683333,-0.305000,-0.008431,0
0.686111,-0.295000,-0.011074,0
0.688889,-0.300000,-0.012469,0
0.691667,-0.310000,-0.012242,0
0.694444,-0.310000,-0.010142,0
0.697222,-0.305000,-0.006415,0
0.700000,-0.295000,-0.001979,0
0.702778,-0.285000,0.001866,0
0.705556,-0.285000,0.004068,0
0.708333,-0.290000,0.004311,0
0.711111,-0.295000,0.003021,0
0.713889,-0.310000,0.000898,0
0.716667,-0.290000,-0.001590,0
0.719444,-0.295000,-0.004311,0
0.722222,-0.300000,-0.007150,0
0.725000,-0.305000,-0.009694,0
0.727778,-0.310000,-0.011322,0
0.730556,-0.325000,-0.011677,0
0.733333,-0.310000,-0.011112,0
0.736111,-0.300000,-0.010616,0
0.738889,-0.290000,-0.011099,0
0.741667,-0.310000,-0.012589,0
0.744444,-0.325000,-0.014161,0
0.747222,-0.330000,-0.014777,0
0.750000,-0.315000,-0.014261,0
0.752778,-0.300000,-0.013494,0
0.755556,-0.305000,-0.013644,0
0.758333,-0.310000,-0.015157,0
0.761111,-0.320000,-0.017359,0
0.763889,-0.330000,-0.018906,0
0.766667,-0.325000,-0.018675,0
0.769444,-0.315000,-0.016404,0
0.772222,-0.310000,-0.012709,0
0.775000,-0.305000,-0.008581,0
0.777778,-0.305000,-0.004826,0
0.780556,-0.310000,-0.001826,0
0.783333,-0.300000,0.000370,0
0.786111,-0.305000,0.001857,0
0.788889,-0.290000,0.002812,0
0.791667,-0.300000,0.003548,0
0.794444,-0.300000,0.004472,0
0.797222,-0.305000,0.005821,0
0.800000,-0.305000,0.007320,0
0.802778,-0.290000,0.008175,0
0.805556,-0.280000,0.007608,0
0.808333,-0.295000,0.005628,0
0.811111,-0.305000,0.003340,0
0.813889,-0.315000,0.002419,0
0.816667,-0.305000,0.004118,0
0.819444,-0.295000,0.008564,0
0.822222,-0.290000,0.014795,0
0.825000,-0.280000,0.021388,0
0.827778,-0.270000,0.027239,0
0.830556,-0.275000,0.032086,0
0.833333,-0.275000,0.036524,0
0.836111,-0.270000,0.041576,0
0.838889,-0.250000,0.048165,0
0.841667,-0.250000,0.056765,0
0.844444,-0.255000,0.067200,0
0.847222,-0.225000,0.078489,0
0.850000,-0.220000,0.088947,0
0.852778,-0.205000,0.096713,0
0.855556,-0.200000,0.100520,0
0.858333,-0.205000,0.100252,0
0.861111,-0.215000,0.096947,0
0.863889,-0.230000,0.092201,0
0.866667,-0.220000,0.087392,0
0.869444,-0.225000,0.083244,0
0.872222,-0.225000,0.079976,0
0.875000,-0.225000,0.077769,0
0.877778,-0.230000,0.077087,0
0.880556,-0.235000,0.078520,0
0.883333,-0.240000,0.082163,0
0.886111,-0.235000,0.086900,0
0.888889,-0.220000,0.090224,0
0.891667,-0.210000,0.089035,0
0.894444,-0.205000,0.081137,0
0.897222,-0.245000,0.066532,0
0.900000,-0.285000,0.047527,0
0.902778,-0.285000,0.027620,0
0.905556,-0.300000,0.010081,0
0.908333,-0.310000,-0.002885,0
0.911111,-0.330000,-0.010370,0
0.913889,-0.330000,-0.012777,0
0.916667,-0.325000,-0.011691,0
0.919444,-0.315000,-0.009423,0
0.922222,-0.320000,-0.008223,0
0.925000,-0.315000,-0.009491,0
0.927778,-0.325000,-0.013370,0
0.930556,-0.340000,-0.018906,0
0.933333,-0.345000,-0.024647,0
0.936111,-0.340000,-0.029296,0
0.938889,-0.340000,-0.032028,0
0.941667,-0.350000,-0.032487,0
0.944444,-0.345000,-0.030749,0
0.947222,-0.355000,-0.027405,0
0.950000,-0.330000,-0.023579,0
0.952778,-0.335000,-0.020607,0
0.955556,-0.330000,-0.019420,0
0.958333,-0.320000,-0.019998,0
0.961111,-0.345000,-0.021318,0
0.963889,-0.355000,-0.021987,0
0.966667,-0.340000,-0.021239,0
0.969444,-0.330000,-0.019524,0
0.972222,-0.325000,-0.018261,0
0.975000,-0.330000,-0.019125,0
0.977778,-0.350000,-0.023575,0
0.980556,-0.365000,-0.032934,0
0.983333,-0.360000,-0.048566,0
0.986111,-0.380000,-0.071545,0
0.988889,-0.425000,-0.101720,0
0.991667,-0.445000,-0.136676,0
0.994444,-0.475000,-0.171046,0
0.997222,-0.510000,-0.196477,0
1.000000,-0.535000,-0.202483,0
1.002778,-0.505000,-0.178129,0
1.005556,-0.415000,-0.113926,0
1.008333,-0.300000,-0.003370,0
1.011111,-0.160000,0.155532,0
1.013889,-0.015000,0.357981,0
1.016667,0.235000,0.589679,0
1.019444,0.490000,0.825664,0
1.022222,0.720000,1.032789,0
1.025000,0.875000,1.176122,0
1.027778,0.940000,1.227471,1
1.030556,0.905000,1.173412,0
1.033333,0.755000,1.020317,0
1.036111,0.490000,0.794293,0
1.038889,0.165000,0.535120,0
1.041667,-0.110000,0.285567,0
1.044444,-0.270000,0.080116,0
1.047222,-0.390000,-0.062369,0
1.050000,-0.450000,-0.139862,0
1.052778,-0.475000,-0.163418,0
1.055556,-0.455000,-0.151109,0
1.058333,-0.425000,-0.121977,0
1.061111,-0.390000,-0.091361,0
1.063889,-0.390000,-0.068409,0
1.066667,-0.385000,-0.055995,0
1.069444,-0.390000,-0.052525,0
1.072222,-0.380000,-0.054439,0
1.075000,-0.380000,-0.058240,0
1.077778,-0.380000,-0.061527,0
1.080556,-0.395000,-0.063259,0
1.083333,-0.385000,-0.063639,0
1.086111,-0.385000,-0.063729,0
1.088889,-0.385000,-0.064800,0
1.091667,-0.375000,-0.067564,0
1.094444,-0.395000,-0.071664,0
1.097222,-0.410000,-0.075813,0
1.100000,-0.410000,-0.078542,0
1.102778,-0.400000,-0.079002,0
1.105556,-0.395000,-0.077235,0
1.108333,-0.390000,-0.073885,0
1.111111,-0.405000,-0.069830,0
1.113889,-0.395000,-0.066074,0
1.116667,-0.385000,-0.063714,0
1.119444,-0.375000,-0.063632,0
1.122222,-0.390000,-0.065955,0
1.125000,-0.390000,-0.069788,0
1.127778,-0.405000,-0.073554,0
1.130556,-0.410000,-0.075828,0
1.133333,-0.410000,-0.076138,0
1.136111,-0.390000,-0.075188,0
1.138889,-0.390000,-0.074312,0
1.141667,-0.395000,-0.074556,0
1.144444,-0.405000,-0.076127,0
1.147222,-0.415000,-0.078517,0
1.150000,-0.400000,-0.081010,0
1.152778,-0.410000,-0.083042,0
1.155556,-0.405000,-0.084228,0
1.158333,-0.410000,-0.084276,0
1.161111,-0.415000,-0.083034,0
1.163889,-0.410000,-0.080661,0
1.166667,-0.400000,-0.077703,0
1.169444,-0.400000,-0.074904,0
1.172222,-0.395000,-0.072809,0
1.175000,-0.390000,-0.071461,0
1.177778,-0.405000,-0.070441,0
1.180556,-0.410000,-0.069290,0
1.183333,-0.390000,-0.068001,0
1.186111,-0.390000,-0.067061,0
1.188889,-0.385000,-0.066950,0
1.191667,-0.385000,-0.067559,0
1.194444,-0.410000,-0.068122,0
1.197222,-0.405000,-0.067811,0
1.200000,-0.395000,-0.066480,0
1.202778,-0.390000,-0.064860,0
1.205556,-0.375000,-0.063978,0
1.208333,-0.390000,-0.064328,0
1.211111,-0.395000,-0.065507,0
1.213889,-0.410000,-0.066640,0
1.216667,-0.400000,-0.067199,0
1.219444,-0.390000,-0.067458,0
1.222222,-0.390000,-0.068195,0
1.225000,-0.385000,-0.069924,0
1.227778,-0.405000,-0.072384,0
1.230556,-0.415000,-0.074743,0
1.233333,-0.415000,-0.076342,0
1.236111,-0.400000,-0.077262,0
1.238889,-0.395000,-0.078174,0
1.241667,-0.405000,-0.079673,0
1.244444,-0.415000,-0.081797,0
1.247222,-0.420000,-0.084140,0
1.250000,-0.420000,-0.086331,0
1.252778,-0.410000,-0.088336,0
1.255556,-0.415000,-0.090335,0
1.258333,-0.425000,-0.092419,0
1.261111,-0.420000,-0.094472,0
1.263889,-0.435000,-0.096350,0
1.266667,-0.430000,-0.098146,0
1.269444,-0.430000,-0.100267,0
1.272222,-0.420000,-0.103145,0
1.275000,-0.430000,-0.106769,0
1.277778,-0.450000,-0.110530,0
1.280556,-0.455000,-0.113652,0
1.283333,-0.450000,-0.115844,0
1.286111,-0.435000,-0.117527,0
1.288889,-0.445000,-0.119372,0
1.291667,-0.450000,-0.121666,0
1.294444,-0.455000,-0.124092,0
1.297222,-0.470000,-0.126092,0
1.300000,-0.460000,-0.127430,0
1.302778,-0.455000,-0.128410,0
1.305556,-0.450000,-0.129530,0
1.308333,-0.455000,-0.130872,0
1.311111,-0.470000,-0.131842,0
1.313889,-0.475000,-0.131528,0
1.316667,-0.460000,-0.129341,0
1.319444,-0.450000,-0.125286,0
1.322222,-0.445000,-0.119654,0
1.325000,-0.440000,-0.112508,0
1.327778,-0.435000,-0.103523,0
1.330556,-0.440000,-0.092338,0
1.333333,-0.410000,-0.079126,0
1.336111,-0.395000,-0.064821,0
1.338889,-0.370000,-0.050724,0
1.341667,-0.365000,-0.037812,0
1.344444,-0.360000,-0.026360,0
1.347222,-0.365000,-0.016198,0
1.350000,-0.340000,-0.007312,0
1.352778,-0.325000,-0.000096,0
1.355556,-0.315000,0.005041,0
1.358333,-0.320000,0.008278,0
1.361111,-0.330000,0.010524,0
1.363889,-0.330000,0.012855,0
1.366667,-0.320000,0.015741,0
1.369444,-0.310000,0.018760,0
1.372222,-0.300000,0.021046,0
1.375000,-0.300000,0.022087,0
1.377778,-0.320000,0.022156,0
1.380556,-0.320000,0.022009,0
1.383333,-0.315000,0.022174,0
1.386111,-0.305000,0.022543,0
1.388889,-0.305000,0.022632,0
1.391667,-0.295000,0.022201,0
1.394444,-0.320000,0.021612,0
1.397222,-0.330000,0.021518,0
1.400000,-0.305000,0.022182,0
1.402778,-0.310000,0.023146,0
1.405556,-0.300000,0.023604,0
1.408333,-0.300000,0.023101,0
1.411111,-0.320000,0.021890,0
1.413889,-0.325000,0.020667,0
1.416667,-0.310000,0.019990,0
1.419444,-0.305000,0.019989,0
1.422222,-0.315000,0.020568,0
1.425000,-0.305000,0.021716,0
1.427778,-0.315000,0.023553,0
1.430556,-0.315000,0.026056,0
1.433333,-0.310000,0.028744,0
1.436111,-0.295000,0.030703,0
1.438889,-0.290000,0.031078,0
1.441667,-0.305000,0.029691,0
1.444444,-0.310000,0.027184,0
1.447222,-0.320000,0.024543,0
1.450000,-0.315000,0.022430,0
1.452778,-0.300000,0.020894,0
1.455556,-0.315000,0.019633,0
1.458333,-0.315000,0.018416,0
1.461111,-0.315000,0.017233,0
1.463889,-0.330000,0.016108,0
1.466667,-0.315000,0.014865,0
1.469444,-0.320000,0.013121,0
1.472222,-0.315000,0.010588,0
1.475000,-0.325000,0.007419,0
1.477778,-0.335000,0.004236,0
1.480556,-0.340000,0.001734,0
1.483333,-0.335000,0.000190,0
1.486111,-0.335000,-0.000723,0
1.488889,-0.330000,-0.001632,0
1.491667,-0.325000,-0.002908,0
1.494444,-0.345000,-0.004327,0
1.497222,-0.350000,-0.005268,0
1.500000,-0.345000,-0.005308,0
1.502778,-0.335000,-0.004613,0
1.505556,-0.330000,-0.003753,0
1.508333,-0.330000,-0.003147,0
1.511111,-0.345000,-0.002732,0
1.513889,-0.345000,-0.002183,0
1.516667,-0.345000,-0.001423,0
1.519444,-0.320000,-0.000815,0
1.522222,-0.330000,-0.000791,0
1.525000,-0.335000,-0.001335,0
1.527778,-0.340000,-0.001929,0
1.530556,-0.355000,-0.002083,0
1.533333,-0.335000,-0.001949,0
1.536111,-0.330000,-0.002372,0
1.538889,-0.330000,-0.004243,0
1.541667,-0.335000,-0.007691,0
1.544444,-0.355000,-0.011809,0
1.547222,-0.360000,-0.015165,0
1.550000,-0.355000,-0.016668,0
1.552778,-0.350000,-0.016100,0
1.555556,-0.340000,-0.013998,0
1.558333,-0.345000,-0.011123,0
1.561111,-0.345000,-0.008053,0
1.563889,-0.345000,-0.005154,0
1.566667,-0.345000,-0.002813,0
1.569444,-0.330000,-0.001522,0
1.572222,-0.330000,-0.001652,0
1.575000,-0.335000,-0.003068,0
1.577778,-0.345000,-0.005056,0
1.580556,-0.350000,-0.006725,0
1.583333,-0.350000,-0.007600,0
1.586111,-0.340000,-0.007906,0
1.588889,-0.330000,-0.008248,0
1.591667,-0.345000,-0.008975,0
1.594444,-0.345000,-0.009804,0
1.597222,-0.355000,-0.010044,0
1.600000,-0.350000,-0.009167,0
1.602778,-0.340000,-0.007207,0
1.605556,-0.330000,-0.004674,0
1.608333,-0.340000,-0.002151,0
1.611111,-0.340000,-0.000039,0
1.613889,-0.340000,0.001381,0
1.616667,-0.330000,0.001797,0
1.619444,-0.335000,0.000957,0
1.622222,-0.330000,-0.001013,0
1.625000,-0.335000,-0.003339,0
1.627778,-0.345000,-0.004658,0
1.630556,-0.345000,-0.003513,0
1.633333,-0.340000,0.000970,0
1.636111,-0.330000,0.008625,0
1.638889,-0.315000,0.018323,0
1.641667,-0.295000,0.028551,0
1.644444,-0.300000,0.038095,0
1.647222,-0.295000,0.046407,0
1.650000,-0.285000,0.053483,0
1.652778,-0.275000,0.059588,0
1.655556,-0.265000,0.065126,0
1.658333,-0.265000,0.070645,0
1.661111,-0.265000,0.076722,0
1.663889,-0.255000,0.083642,0
1.666667,-0.250000,0.091058,0
1.669444,-0.240000,0.097955,0
1.672222,-0.225000,0.103050,0
1.675000,-0.215000,0.105463,0
1.677778,-0.240000,0.105189,0
1.680556,-0.245000,0.102922,0
1.683333,-0.240000,0.099382,0
1.686111,-0.245000,0.094811,0
1.688889,-0.235000,0.089159,0
1.691667,-0.245000,0.082786,0
1.694444,-0.250000,0.077018,0
1.697222,-0.275000,0.073944,0
1.700000,-0.275000,0.075339,0
1.702778,-0.265000,0.081356,0
1.705556,-0.250000,0.089941,0
1.708333,-0.225000,0.097499,0
1.711111,-0.220000,0.100512,0
1.713889,-0.230000,0.097125,0
1.716667,-0.265000,0.087724,0
1.719444,-0.270000,0.074267,0
1.722222,-0.280000,0.059070,0
1.725000,-0.285000,0.043979,0
1.727778,-0.305000,0.030210,0
1.730556,-0.320000,0.018482,0
1.733333,-0.340000,0.009028,0
1.736111,-0.330000,0.001558,0
1.738889,-0.335000,-0.004525,0
1.741667,-0.335000,-0.009640,0
1.744444,-0.355000,-0.013701,0
1.747222,-0.370000,-0.016383,0
1.750000,-0.360000,-0.017758,0
1.752778,-0.345000,-0.018627,0
1.755556,-0.350000,-0.020097,0
1.758333,-0.355000,-0.022799,0
1.761111,-0.365000,-0.026474,0
1.763889,-0.375000,-0.030243,0
1.766667,-0.380000,-0.033292,0
1.769444,-0.370000,-0.035398,0
1.772222,-0.365000,-0.036861,0
1.775000,-0.365000,-0.037975,0
1.777778,-0.380000,-0.038590,0
1.780556,-0.385000,-0.038275,0
1.783333,-0.380000,-0.036941,0
1.786111,-0.375000,-0.035331,0
1.788889,-0.355000,-0.034891,0
1.791667,-0.370000,-0.037178,0
1.794444,-0.390000,-0.043415,0
1.797222,-0.405000,-0.054615,0
1.800000,-0.410000,-0.071924,0
1.802778,-0.435000,-0.096487,0
1.805556,-0.465000,-0.128500,0
1.808333,-0.490000,-0.165721,0
1.811111,-0.520000,-0.202047,0
1.813889,-0.555000,-0.226873,0
1.816667,-0.570000,-0.225925,0
1.819444,-0.525000,-0.183697,0
1.822222,-0.405000,-0.086912,0
1.825000,-0.250000,0.071628,0
1.827778,-0.090000,0.288880,0
1.830556,0.120000,0.547333,0
1.833333,0.410000,0.812681,0
1.836111,0.690000,1.036888,0
1.838889,0.885000,1.168801,0
1.841667,0.960000,1.170421,1
1.844444,0.850000,1.032773,0
1.847222,0.520000,0.783546,0
1.850000,0.050000,0.480773,0
1.852778,-0.320000,0.193232,0
1.855556,-0.500000,-0.023874,0
1.858333,-0.505000,-0.145921,0
1.861111,-0.445000,-0.180936,0
1.863889,-0.415000,-0.158297,0
1.866667,-0.395000,-0.112375,0
1.869444,-0.390000,-0.069667,0
1.872222,-0.395000,-0.043470,0
1.875000,-0.390000,-0.035254,0
1.877778,-0.395000,-0.039492,0
1.880556,-0.405000,-0.048765,0
1.883333,-0.395000,-0.057306,0
1.886111,-0.405000,-0.062415,0
1.888889,-0.390000,-0.064121,0
1.891667,-0.395000,-0.063892,0
1.894444,-0.395000,-0.063306,0
1.897222,-0.410000,-0.063301,0
1.900000,-0.405000,-0.064145,0
1.902778,-0.400000,-0.065730,0
1.905556,-0.400000,-0.067774,0
1.908333,-0.415000,-0.069882,0
1.911111,-0.405000,-0.071663,0
1.913889,-0.420000,-0.072965,0
1.916667,-0.415000,-0.074023,0
1.919444,-0.405000,-0.075332,0
1.922222,-0.405000,-0.077213,0
1.925000,-0.420000,-0.079396,0
1.927778,-0.420000,-0.081072,0
1.930556,-0.435000,-0.081466,0
1.933333,-0.420000,-0.080507,0
1.936111,-0.410000,-0.078975,0
1.938889,-0.410000,-0.077976,0
1.941667,-0.405000,-0.078147,0
1.944444,-0.425000,-0.079244,0
1.947222,-0.430000,-0.080439,0
1.950000,-0.420000,-0.080989,0
1.952778,-0.415000,-0.080661,0
1.955556,-0.410000,-0.079582,0
1.958333,-0.410000,-0.077830,0
1.961111,-0.425000,-0.075282,0
1.963889,-0.420000,-0.071918,0
1.966667,-0.400000,-0.068169,0
1.969444,-0.395000,-0.064835,0
1.972222,-0.400000,-0.062586,0
1.975000,-0.400000,-0.061550,0
1.977778,-0.395000,-0.061346,0
1.980556,-0.415000,-0.061491,0
1.983333,-0.405000,-0.061889,0
1.986111,-0.390000,-0.062972,0
1.988889,-0.400000,-0.065315,0
1.991667,-0.400000,-0.069008,0
1.994444,-0.415000,-0.073386,0
1.997222,-0.425000,-0.077365,0
2.000000,-0.425000,-0.080111,0
2.002778,-0.415000,-0.081480,0
2.005556,-0.415000,-0.081869,0
2.008333,-0.410000,-0.081688,0
2.011111,-0.425000,-0.080964,0
2.013889,-0.425000,-0.079455,0
2.016667,-0.420000,-0.077134,0
2.019444,-0.415000,-0.074509,0
2.022222,-0.400000,-0.072412,0
2.025000,-0.400000,-0.071394,0
2.027778,-0.410000,-0.071235,0
2.030556,-0.425000,-0.071084,0
2.033333,-0.410000,-0.070112,0
2.036111,-0.405000,-0.068086,0
2.038889,-0.395000,-0.065361,0
2.041667,-0.400000,-0.062459,0
2.044444,-0.400000,-0.059740,0
2.047222,-0.405000,-0.057418,0
2.050000,-0.385000,-0.055760,0
2.052778,-0.400000,-0.055138,0
2.055556,-0.390000,-0.055869,0
2.058333,-0.390000,-0.057992,0
2.061111,-0.400000,-0.061152,0
2.063889,-0.415000,-0.064751,0
2.066667,-0.405000,-0.068278,0
2.069444,-0.405000,-0.071513,0
2.072222,-0.410000,-0.074412,0
2.075000,-0.415000,-0.076864,0
2.077778,-0.420000,-0.078660,0
2.080556,-0.420000,-0.079688,0
2.083333,-0.425000,-0.080172,0
2.086111,-0.415000,-0.080678,0
2.088889,-0.415000,-0.081803,0
2.091667,-0.410000,-0.083700,0
2.094444,-0.435000,-0.085867,0
2.097222,-0.430000,-0.087454,0
2.100000,-0.435000,-0.087898,0
2.102778,-0.420000,-0.087313,0
2.105556,-0.420000,-0.086299,0
2.108333,-0.420000,-0.085369,0
2.111111,-0.420000,-0.084466,0
2.113889,-0.425000,-0.082919,0
2.116667,-0.425000,-0.079815,0
2.119444,-0.415000,-0.074481,0
2.122222,-0.395000,-0.066730,0
2.125000,-0.395000,-0.056780,0
2.127778,-0.390000,-0.045127,0
2.130556,-0.375000,-0.032576,0
2.133333,-0.360000,-0.020305,0
2.136111,-0.340000,-0.009619,0
2.138889,-0.335000,-0.001422,0
2.141667,-0.330000,0.004248,0
2.144444,-0.335000,0.008219,0
2.147222,-0.335000,0.011670,0
2.150000,-0.325000,0.015437,0
2.152778,-0.320000,0.019637,0
2.155556,-0.305000,0.023823,0
2.158333,-0.305000,0.027483,0
2.161111,-0.315000,0.030417,0
2.163889,-0.310000,0.032694,0
2.166667,-0.305000,0.034347,0
2.169444,-0.300000,0.035223,0
2.172222,-0.300000,0.035133,0
2.175000,-0.300000,0.034135,0
2.177778,-0.310000,0.032627,0
2.180556,-0.310000,0.031141,0
2.183333,-0.310000,0.030002,0
2.186111,-0.315000,0.029123,0
2.188889,-0.300000,0.028131,0
2.191667,-0.305000,0.026756,0
2.194444,-0.315000,0.025166,0
2.197222,-0.320000,0.023901,0
2.200000,-0.325000,0.023422,0
2.202778,-0.310000,0.023722,0
2.205556,-0.305000,0.024407,0
2.208333,-0.305000,0.025151,0
2.211111,-0.320000,0.025986,0
2.213889,-0.325000,0.027072,0
2.216667,-0.305000,0.028226,0
2.219444,-0.310000,0.028791,0
2.222222,-0.295000,0.028071,0
2.225000,-0.310000,0.025911,0
2.227778,-0.325000,0.022820,0
2.230556,-0.330000,0.019497,0
2.233333,-0.320000,0.016220,0
2.236111,-0.320000,0.012735,0
2.238889,-0.320000,0.008750,0
2.241667,-0.325000,0.004534,0
2.244444,-0.350000,0.000989,0
2.247222,-0.350000,-0.000962,0
2.250000,-0.340000,-0.001160,0
2.252778,-0.335000,-0.000463,0
2.255556,-0.330000,-0.000239,0
2.258333,-0.335000,-0.001530,0
2.261111,-0.340000,-0.004514,0
2.263889,-0.360000,-0.008567,0
2.266667,-0.350000,-0.012768,0
2.269444,-0.350000,-0.016371,0
2.272222,-0.355000,-0.018915,0
2.275000,-0.360000,-0.020133,0
2.277778,-0.355000,-0.019921,0
2.280556,-0.365000,-0.018461,0
2.283333,-0.355000,-0.016336,0
2.286111,-0.350000,-0.014432,0
2.288889,-0.340000,-0.013563,0
2.291667,-0.355000,-0.014015,0
2.294444,-0.350000,-0.015418,0
2.297222,-0.365000,-0.017083,0
2.300000,-0.365000,-0.018564,0
2.302778,-0.350000,-0.019970,0
2.305556,-0.355000,-0.021746,0
2.308333,-0.350000,-0.024093,0
2.311111,-0.370000,-0.026624,0
2.313889,-0.380000,-0.028607,0
2.316667,-0.370000,-0.029594,0
2.319444,-0.360000,-0.029783,0
2.322222,-0.365000,-0.029761,0
2.325000,-0.360000,-0.029901,0
2.327778,-0.365000,-0.029998,0
2.330556,-0.380000,-0.029432,0
2.333333,-0.370000,-0.027749,0
2.336111,-0.365000,-0.025142,0
2.338889,-0.350000,-0.022380,0
2.341667,-0.350000,-0.020205,0
2.344444,-0.350000,-0.018747,0
2.347222,-0.370000,-0.017520,0
2.350000,-0.365000,-0.016017,0
2.352778,-0.345000,-0.014332,0
2.355556,-0.345000,-0.013156,0
2.358333,-0.340000,-0.013173,0
2.361111,-0.355000,-0.014505,0
2.363889,-0.365000,-0.016717,0
2.366667,-0.360000,-0.019284,0
2.369444,-0.355000,-0.021964,0
2.372222,-0.355000,-0.024690,0
2.375000,-0.355000,-0.027181,0
2.377778,-0.375000,-0.028817,0
2.380556,-0.385000,-0.029028,0
2.383333,-0.355000,-0.027852,0
2.386111,-0.360000,-0.026014,0
2.388889,-0.355000,-0.024400,0
2.391667,-0.360000,-0.023435,0
2.394444,-0.360000,-0.022898,0
2.397222,-0.370000,-0.022212,0
2.400000,-0.360000,-0.020908,0
2.402778,-0.345000,-0.018830,0
2.405556,-0.355000,-0.015964,0
2.408333,-0.345000,-0.012158,0
2.411111,-0.345000,-0.007081,0
2.413889,-0.345000,-0.000515,0
2.416667,-0.340000,0.007273,0
2.419444,-0.310000,0.015441,0
2.422222,-0.305000,0.022980,0
2.425000,-0.305000,0.029336,0
2.427778,-0.310000,0.034660,0
2.430556,-0.305000,0.039476,0
2.433333,-0.290000,0.044171,0
2.436111,-0.285000,0.048809,0
2.438889,-0.275000,0.053367,0
2.441667,-0.280000,0.058003,0
2.444444,-0.280000,0.062992,0
2.447222,-0.275000,0.068333,0
2.450000,-0.265000,0.073409,0
2.452778,-0.255000,0.077102,0
2.455556,-0.245000,0.078393,0
2.458333,-0.260000,0.077025,0
2.461111,-0.265000,0.073702,0
2.463889,-0.275000,0.069639,0
2.466667,-0.280000,0.065846,0
2.469444,-0.265000,0.062715,0
2.472222,-0.270000,0.060208,0
2.475000,-0.275000,0.058393,0
2.477778,-0.280000,0.057786,0
2.480556,-0.275000,0.059188,0
2.483333,-0.280000,0.063127,0
2.486111,-0.275000,0.069216,0
2.488889,-0.265000,0.075793,0
2.491667,-0.255000,0.080142,0
2.494444,-0.240000,0.079403,0
2.497222,-0.260000,0.071760,0
2.500000,-0.280000,0.057222,0
2.502778,-0.310000,0.037557,0
2.505556,-0.310000,0.015599,0
2.508333,-0.345000,-0.005557,0
2.511111,-0.360000,-0.023219,0
2.513889,-0.380000,-0.035685,0
2.516667,-0.385000,-0.042696,0
2.519444,-0.380000,-0.045443,0
2.522222,-0.370000,-0.045969,0
2.525000,-0.375000,-0.046189,0
2.527778,-0.385000,-0.047130,0
2.530556,-0.390000,-0.048845,0
2.533333,-0.395000,-0.050905,0
2.536111,-0.385000,-0.052924,0
2.538889,-0.385000,-0.054700,0
2.541667,-0.385000,-0.056017,0
2.544444,-0.395000,-0.056512,0
2.547222,-0.405000,-0.055934,0
2.550000,-0.400000,-0.054610,0
2.552778,-0.375000,-0.053535,0
2.555556,-0.375000,-0.053761,0
2.558333,-0.390000,-0.055563,0
2.561111,-0.395000,-0.058208,0
2.563889,-0.415000,-0.060661,0
2.566667,-0.405000,-0.062666,0
2.569444,-0.400000,-0.065298,0
2.572222,-0.390000,-0.070491,0
2.575000,-0.405000,-0.079856,0
2.577778,-0.425000,-0.093730,0
2.580556,-0.460000,-0.111200,0
2.583333,-0.475000,-0.131051,0
2.586111,-0.505000,-0.152846,0
2.588889,-0.510000,-0.177212,0
2.591667,-0.525000,-0.204866,0
2.594444,-0.540000,-0.234812,0
2.597222,-0.600000,-0.262876,0
2.600000,-0.645000,-0.281739,0
2.602778,-0.630000,-0.282388,0
2.605556,-0.575000,-0.255697,0
2.608333,-0.495000,-0.193023,0
2.611111,-0.385000,-0.086423,0
2.613889,-0.270000,0.069722,0
2.616667,-0.115000,0.274441,0
2.619444,0.090000,0.514384,0
2.622222,0.370000,0.760062,0
2.625000,0.635000,0.968208,0
2.627778,0.810000,1.091861,0
2.630556,0.860000,1.095614,1
2.633333,0.770000,0.970167,0
2.636111,0.475000,0.739467,0
2.638889,0.065000,0.455695,0
2.641667,-0.305000,0.182376,0
2.644444,-0.500000,-0.027571,0
2.647222,-0.520000,-0.148441,0
2.650000,-0.475000,-0.185405,0
2.652778,-0.410000,-0.165257,0
2.655556,-0.390000,-0.121035,0
2.658333,-0.390000,-0.078874,0
2.661111,-0.400000,-0.052030,0
2.663889,-0.410000,-0.042102,0
2.666667,-0.405000,-0.044131,0
2.669444,-0.385000,-0.051739,0
2.672222,-0.390000,-0.060062,0
2.675000,-0.395000,-0.066407,0
2.677778,-0.405000,-0.069785,0
2.680556,-0.410000,-0.070350,0
2.683333,-0.405000,-0.069061,0
2.686111,-0.400000,-0.067322,0
2.688889,-0.390000,-0.066428,0
2.691667,-0.395000,-0.066978,0
2.694444,-0.410000,-0.068659,0
2.697222,-0.415000,-0.070633,0
2.700000,-0.410000,-0.072189,0
2.702778,-0.395000,-0.073082,0
2.705556,-0.405000,-0.073327,0
2.708333,-0.410000,-0.072839,0
2.711111,-0.405000,-0.071370,0
2.713889,-0.405000,-0.068779,0
2.716667,-0.410000,-0.065354,0
2.719444,-0.390000,-0.061892,0
2.722222,-0.385000,-0.059400,0
2.725000,-0.390000,-0.058550,0
2.727778,-0.395000,-0.059328,0
2.730556,-0.400000,-0.061145,0
2.733333,-0.400000,-0.063281,0
2.736111,-0.400000,-0.065234,0
2.738889,-0.395000,-0.066758,0
2.741667,-0.395000,-0.067639,0
2.744444,-0.405000,-0.067509,0
2.747222,-0.405000,-0.065986,0
2.750000,-0.400000,-0.063029,0
2.752778,-0.395000,-0.059197,0
2.755556,-0.385000,-0.055487,0
2.758333,-0.375000,-0.052830,0
2.761111,-0.385000,-0.051580,0
2.763889,-0.395000,-0.051440,0
2.766667,-0.390000,-0.051847,0
2.769444,-0.385000,-0.052423,0
2.772222,-0.375000,-0.053029,0
2.775000,-0.385000,-0.053499,0
2.777778,-0.395000,-0.053514,0
2.780556,-0.395000,-0.052865,0
2.783333,-0.385000,-0.051794,0
2.786111,-0.375000,-0.050926,0
2.788889,-0.375000,-0.050744,0
2.791667,-0.385000,-0.051117,0
2.794444,-0.395000,-0.051380,0
2.797222,-0.390000,-0.050939,0
2.800000,-0.390000,-0.049844,0
2.802778,-0.365000,-0.048765,0
2.805556,-0.375000,-0.048394,0
2.808333,-0.385000,-0.048847,0
2.811111,-0.395000,-0.049644,0
2.813889,-0.380000,-0.050189,0
2.816667,-0.385000,-0.050190,0
2.819444,-0.375000,-0.049671,0
2.822222,-0.380000,-0.048740,0
2.825000,-0.390000,-0.047478,0
2.827778,-0.380000,-0.046060,0
2.830556,-0.375000,-0.044865,0
2.833333,-0.375000,-0.044340,0
2.836111,-0.375000,-0.044684,0
2.838889,-0.375000,-0.045629,0
2.841667,-0.380000,-0.046525,0
2.844444,-0.390000,-0.046742,0
2.847222,-0.390000,-0.046176,0
2.850000,-0.365000,-0.045409,0
2.852778,-0.370000,-0.045270,0
2.855556,-0.375000,-0.046121,0
2.858333,-0.385000,-0.047544,0
2.861111,-0.390000,-0.048708,0
2.863889,-0.390000,-0.049051,0
2.866667,-0.375000,-0.048645,0
2.869444,-0.365000,-0.047937,0
2.872222,-0.385000,-0.047194,0
2.875000,-0.380000,-0.046277,0
2.877778,-0.390000,-0.044980,0
2.880556,-0.375000,-0.043517,0
2.883333,-0.375000,-0.042631,0
2.886111,-0.365000,-0.043127,0
2.888889,-0.370000,-0.045212,0
2.891667,-0.385000,-0.048159,0
2.894444,-0.395000,-0.050640,0
2.897222,-0.385000,-0.051465,0
2.900000,-0.385000,-0.050125,0
2.902778,-0.370000,-0.046742,0
2.905556,-0.365000,-0.041597,0
2.908333,-0.370000,-0.034759,0
2.911111,-0.375000,-0.026225,0
2.913889,-0.350000,-0.016410,0
2.916667,-0.335000,-0.006381,0
2.919444,-0.320000,0.002572,0
2.922222,-0.315000,0.009686,0
2.925000,-0.320000,0.015151,0
2.927778,-0.325000,0.019825,0
2.930556,-0.315000,0.024500,0
2.933333,-0.295000,0.029391,0
2.936111,-0.285000,0.034252,0
2.938889,-0.300000,0.038835,0
2.941667,-0.295000,0.043083,0
2.944444,-0.285000,0.046914,0
2.947222,-0.285000,0.049966,0
2.950000,-0.280000,0.051664,0
2.952778,-0.270000,0.051570,0
2.955556,-0.280000,0.049782,0
2.958333,-0.290000,0.047015,0
2.961111,-0.295000,0.044229,0
2.963889,-0.295000,0.042056,0
2.966667,-0.290000,0.040526,0
2.969444,-0.280000,0.039330,0
2.972222,-0.290000,0.038365,0
2.975000,-0.295000,0.038008,0
2.977778,-0.310000,0.038785,0
2.980556,-0.295000,0.040694,0
2.983333,-0.285000,0.042888,0
2.986111,-0.280000,0.044097,0
2.988889,-0.275000,0.043504,0
2.991667,-0.295000,0.041337,0
2.994444,-0.305000,0.038682,0
2.997222,-0.300000,0.036679,0
3.000000,-0.295000,0.035796,0
3.002778,-0.295000,0.035699,0
3.005556,-0.285000,0.035692,0
3.008333,-0.300000,0.035236,0
3.011111,-0.305000,0.034165,0
3.013889,-0.300000,0.032546,0
3.016667,-0.295000,0.030530,0
3.019444,-0.300000,0.028389,0
3.022222,-0.305000,0.026581,0
3.025000,-0.315000,0.025550,0
3.027778,-0.310000,0.025310,0
3.030556,-0.315000,0.025168,0
3.033333,-0.295000,0.023970,0
3.036111,-0.300000,0.020860,0
3.038889,-0.310000,0.016024,0
3.041667,-0.330000,0.010776,0
3.044444,-0.340000,0.006781,0
3.047222,-0.330000,0.005005,0
3.050000,-0.320000,0.005222,0
3.052778,-0.320000,0.006404,0
3.055556,-0.315000,0.007549,0
3.058333,-0.325000,0.008258,0
3.061111,-0.335000,0.008659,0
3.063889,-0.330000,0.008877,0
3.066667,-0.315000,0.008644,0
3.069444,-0.320000,0.007457,0
3.072222,-0.320000,0.005101,0
3.075000,-0.330000,0.001972,0
3.077778,-0.345000,-0.001140,0
3.080556,-0.340000,-0.003630,0
3.083333,-0.335000,-0.005473,0
3.086111,-0.330000,-0.007083,0
3.088889,-0.335000,-0.008766,0
3.091667,-0.345000,-0.010328,0
3.094444,-0.350000,-0.011181,0
3.097222,-0.345000,-0.010821,0
3.100000,-0.340000,-0.009218,0
3.102778,-0.335000,-0.006814,0
3.105556,-0.335000,-0.004236,0
3.108333,-0.330000,-0.001995,0
3.111111,-0.335000,-0.000403,0
3.113889,-0.340000,0.000278,0
3.116667,-0.335000,-0.000350,0
3.119444,-0.320000,-0.002728,0
3.122222,-0.340000,-0.006940,0
3.125000,-0.340000,-0.012337,0
3.127778,-0.350000,-0.017618,0
3.130556,-0.365000,-0.021377,0
3.133333,-0.360000,-0.022784,0
3.136111,-0.345000,-0.021921,0
3.138889,-0.345000,-0.019557,0
3.141667,-0.350000,-0.016636,0
3.144444,-0.350000,-0.013969,0
3.147222,-0.350000,-0.012264,0
3.150000,-0.340000,-0.012179,0
3.152778,-0.340000,-0.014119,0
3.155556,-0.345000,-0.017839,0
3.158333,-0.345000,-0.022261,0
3.161111,-0.380000,-0.025820,0
3.163889,-0.360000,-0.027255,0
3.166667,-0.360000,-0.026259,0
3.169444,-0.345000,-0.023470,0
3.172222,-0.345000,-0.019854,0
3.175000,-0.350000,-0.016117,0
3.177778,-0.355000,-0.012587,0
3.180556,-0.345000,-0.009491,0
3.183333,-0.330000,-0.007108,0
3.186111,-0.330000,-0.005517,0
3.188889,-0.335000,-0.004208,0
3.191667,-0.335000,-0.002089,0
3.194444,-0.340000,0.001971,0
3.197222,-0.330000,0.008390,0
3.200000,-0.320000,0.016474,0
3.202778,-0.290000,0.024742,0
3.205556,-0.290000,0.031807,0
3.208333,-0.300000,0.037133,0
3.211111,-0.305000,0.041064,0
3.213889,-0.285000,0.044272,0
3.216667,-0.280000,0.047294,0
3.219444,-0.275000,0.050545,0
3.222222,-0.280000,0.054504,0
3.225000,-0.275000,0.059655,0
3.227778,-0.270000,0.066141,0
3.230556,-0.265000,0.073430,0
3.233333,-0.250000,0.080344,0
3.236111,-0.230000,0.085560,0
3.238889,-0.245000,0.088320,0
3.241667,-0.240000,0.088813,0
3.244444,-0.255000,0.087894,0
3.247222,-0.255000,0.086375,0
3.250000,-0.245000,0.084485,0
3.252778,-0.235000,0.081946,0
3.255556,-0.255000,0.078524,0
3.258333,-0.265000,0.074462,0
3.261111,-0.260000,0.070471,0
3.263889,-0.255000,0.067468,0
3.266667,-0.270000,0.066327,0
3.269444,-0.265000,0.067548,0
3.272222,-0.280000,0.070762,0
3.275000,-0.255000,0.074405,0
3.277778,-0.250000,0.076028,0
3.280556,-0.245000,0.073305,0
3.283333,-0.265000,0.065170,0
3.286111,-0.280000,0.052347,0
3.288889,-0.300000,0.036994,0
3.291667,-0.315000,0.021770,0
3.294444,-0.325000,0.008875,0
3.297222,-0.335000,-0.000554,0
3.300000,-0.345000,-0.006549,0
3.302778,-0.330000,-0.009941,0
3.305556,-0.335000,-0.011723,0
3.308333,-0.345000,-0.012512,0
3.311111,-0.360000,-0.012565,0
3.313889,-0.350000,-0.012268,0
3.316667,-0.340000,-0.012475,0
3.319444,-0.335000,-0.014222,0
3.322222,-0.345000,-0.018015,0
3.325000,-0.360000,-0.023392,0
3.327778,-0.365000,-0.029161,0
3.330556,-0.375000,-0.034094,0
3.333333,-0.370000,-0.037535,0
3.336111,-0.365000,-0.039512,0
3.338889,-0.365000,-0.040398,0
3.341667,-0.380000,-0.040510,0
3.344444,-0.375000,-0.040028,0
3.347222,-0.375000,-0.039174,0
3.350000,-0.365000,-0.038294,0
3.352778,-0.370000,-0.037670,0
3.355556,-0.360000,-0.037218,0
3.358333,-0.370000,-0.036403,0
3.361111,-0.380000,-0.034569,0
3.363889,-0.365000,-0.031536,0
3.366667,-0.360000,-0.028019,0
3.369444,-0.350000,-0.025533,0
3.372222,-0.355000,-0.025918,0
3.375000,-0.370000,-0.030964,0
3.377778,-0.385000,-0.042348,0
3.380556,-0.395000,-0.061627,0
3.383333,-0.430000,-0.089811,0
3.386111,-0.445000,-0.126268,0
3.388889,-0.485000,-0.167200,0
3.391667,-0.515000,-0.204418,0
3.394444,-0.565000,-0.225318,0
3.397222,-0.555000,-0.214615,0
3.400000,-0.475000,-0.157446,0
3.402778,-0.355000,-0.043096,0
3.405556,-0.220000,0.130959,0
3.408333,-0.055000,0.354668,0
3.411111,0.185000,0.601978,0
3.413889,0.475000,0.831531,0
3.416667,0.705000,0.994455,0
3.419444,0.820000,1.048712,1
3.422222,0.780000,0.974969,0
3.425000,0.535000,0.786542,0
3.427778,0.145000,0.527461,0
3.430556,-0.200000,0.257978,0
3.433333,-0.420000,0.033638,0
3.436111,-0.500000,-0.112241,0
3.438889,-0.480000,-0.175114,0
3.441667,-0.450000,-0.173756,0
3.444444,-0.410000,-0.137752,0
3.447222,-0.400000,-0.094888,0
3.450000,-0.390000,-0.063289,0
3.452778,-0.390000,-0.049533,0
3.455556,-0.400000,-0.051183,0
3.458333,-0.405000,-0.061224,0
3.461111,-0.425000,-0.072324,0
3.463889,-0.425000,-0.079686,0
3.466667,-0.405000,-0.081954,0
3.469444,-0.395000,-0.080340,0
3.472222,-0.405000,-0.076874,0
3.475000,-0.405000,-0.073022,0
3.477778,-0.415000,-0.069356,0
3.480556,-0.405000,-0.066018,0
3.483333,-0.385000,-0.063172,0
3.486111,-0.390000,-0.061019,0
3.488889,-0.395000,-0.059560,0
3.491667,-0.395000,-0.058580,0
3.494444,-0.395000,-0.057942,0
3.497222,-0.395000,-0.057853,0
3.500000,-0.385000,-0.058803,0
3.502778,-0.390000,-0.061157,0
3.505556,-0.390000,-0.064675,0
3.508333,-0.400000,-0.068411,0
3.511111,-0.425000,-0.071184,0
3.513889,-0.410000,-0.072385,0
3.516667,-0.400000,-0.072434,0
3.519444,-0.395000,-0.072404,0
3.522222,-0.400000,-0.073140,0
3.525000,-0.405000,-0.074625,0
3.527778,-0.425000,-0.076117,0
3.530556,-0.415000,-0.076858,0
3.533333,-0.405000,-0.076683,0
3.536111,-0.405000,-0.076045,0
3.538889,-0.405000,-0.075562,0
3.541667,-0.410000,-0.075585,0
3.544444,-0.415000,-0.076118,0
3.547222,-0.405000,-0.076988,0
3.550000,-0.420000,-0.078025,0
3.552778,-0.405000,-0.079086,0
3.555556,-0.410000,-0.079928,0
3.558333,-0.410000,-0.080083,0
3.561111,-0.420000,-0.078962,0
3.563889,-0.415000,-0.076220,0
3.566667,-0.405000,-0.072118,0
3.569444,-0.395000,-0.067526,0
3.572222,-0.395000,-0.063562,0
3.575000,-0.395000,-0.061178,0
3.577778,-0.400000,-0.060956,0
3.580556,-0.395000,-0.063095,0
3.583333,-0.395000,-0.067368,0
3.586111,-0.405000,-0.072979,0
3.588889,-0.405000,-0.078533,0
3.591667,-0.420000,-0.082357,0
3.594444,-0.435000,-0.083199,0
3.597222,-0.415000,-0.080944,0
3.600000,-0.405000,-0.076763,0
3.602778,-0.395000,-0.072434,0
3.605556,-0.390000,-0.069306,0
3.608333,-0.415000,-0.067710,0
3.611111,-0.405000,-0.067199,0
3.613889,-0.405000,-0.067248,0
3.616667,-0.400000,-0.067722,0
3.619444,-0.395000,-0.068767,0
3.622222,-0.395000,-0.070336,0
3.625000,-0.405000,-0.071900,0
3.627778,-0.420000,-0.072680,0
3.630556,-0.415000,-0.072325,0
3.633333,-0.400000,-0.071384,0
3.636111,-0.395000,-0.071067,0
3.638889,-0.400000,-0.072449,0
3.641667,-0.405000,-0.075775,0
3.644444,-0.425000,-0.080435,0
3.647222,-0.425000,-0.085524,0
3.650000,-0.425000,-0.090479,0
3.652778,-0.420000,-0.095245,0
3.655556,-0.425000,-0.099967,0
3.658333,-0.450000,-0.104644,0
3.661111,-0.445000,-0.109127,0
3.663889,-0.450000,-0.113304,0
3.666667,-0.435000,-0.117051,0
3.669444,-0.445000,-0.119926,0
3.672222,-0.470000,-0.121080,0
3.675000,-0.455000,-0.119742,0
3.677778,-0.460000,-0.115950,0
3.680556,-0.440000,-0.110862,0
3.683333,-0.435000,-0.106284,0
3.686111,-0.425000,-0.103709,0
3.688889,-0.430000,-0.103452,0
3.691667,-0.445000,-0.104477,0
3.694444,-0.450000,-0.105074,0
3.697222,-0.445000,-0.103903,0
3.700000,-0.430000,-0.100634,0
3.702778,-0.420000,-0.095754,0
3.705556,-0.410000,-0.089825,0
3.708333,-0.425000,-0.082939,0
3.711111,-0.420000,-0.074858,0
3.713889,-0.405000,-0.065607,0
3.716667,-0.380000,-0.055788,0
3.719444,-0.370000,-0.046204,0
3.722222,-0.365000,-0.037179,0
3.725000,-0.365000,-0.028268,0
3.727778,-0.365000,-0.018701,0
3.730556,-0.345000,-0.008182,0
3.733333,-0.330000,0.002628,0
3.736111,-0.315000,0.012342,0
3.738889,-0.305000,0.019606,0
3.741667,-0.305000,0.023809,0
3.744444,-0.320000,0.025272,0
3.747222,-0.310000,0.024868,0
3.750000,-0.310000,0.023488,0
3.752778,-0.305000,0.021823,0
3.755556,-0.310000,0.020451,0
3.758333,-0.315000,0.019926,0
3.761111,-0.320000,0.020602,0
3.763889,-0.315000,0.022328,0
3.766667,-0.305000,0.024352,0
3.769444,-0.305000,0.025674,0
3.772222,-0.295000,0.025667,0
3.775000,-0.310000,0.024533,0
3.777778,-0.320000,0.023224,0
3.780556,-0.310000,0.022862,0
3.783333,-0.315000,0.024134,0
3.786111,-0.295000,0.027067,0
3.788889,-0.300000,0.031200,0
3.791667,-0.305000,0.035814,0
3.794444,-0.300000,0.039985,0
3.797222,-0.285000,0.042624,0
3.800000,-0.280000,0.042824,0
3.802778,-0.290000,0.040408,0
3.805556,-0.295000,0.036185,0
3.808333,-0.305000,0.031591,0
3.811111,-0.325000,0.027867,0
3.813889,-0.305000,0.025323,0
3.816667,-0.300000,0.023283,0
3.819444,-0.300000,0.020803,0
3.822222,-0.315000,0.017517,0
3.825000,-0.325000,0.013865,0
3.827778,-0.335000,0.010597,0
3.830556,-0.325000,0.008100,0
3.833333,-0.315000,0.006220,0
3.836111,-0.320000,0.004677,0
3.838889,-0.335000,0.003543,0
3.841667,-0.330000,0.003223,0
3.844444,-0.340000,0.003983,0
3.847222,-0.325000,0.005492,0
3.850000,-0.325000,0.006813,0
3.852778,-0.320000,0.006912,0
3.855556,-0.315000,0.005333,0
3.858333,-0.335000,0.002596,0
3.861111,-0.335000,-0.000036,0
3.863889,-0.345000,-0.001300,0
3.866667,-0.335000,-0.000695,0
3.869444,-0.325000,0.001271,0
3.872222,-0.330000,0.003463,0
3.875000,-0.315000,0.004797,0
3.877778,-0.335000,0.004770,0
3.880556,-0.330000,0.003565,0
3.883333,-0.330000,0.001807,0
3.886111,-0.330000,0.000266,0
3.888889,-0.330000,-0.000357,0
3.891667,-0.335000,0.000367,0
3.894444,-0.340000,0.002315,0
3.897222,-0.330000,0.004629,0
3.900000,-0.320000,0.005926,0
3.902778,-0.315000,0.005016,0
3.905556,-0.325000,0.001720,0
3.908333,-0.335000,-0.002852,0
3.911111,-0.355000,-0.006851,0
3.913889,-0.345000,-0.008744,0
3.916667,-0.340000,-0.008098,0
3.919444,-0.335000,-0.005597,0
3.922222,-0.320000,-0.002375,0
3.925000,-0.325000,0.000740,0
3.927778,-0.350000,0.003456,0
3.930556,-0.330000,0.005656,0
3.933333,-0.315000,0.006996,0
3.936111,-0.315000,0.007039,0
3.938889,-0.330000,0.005725,0
3.941667,-0.330000,0.003549,0
3.944444,-0.335000,0.001245,0
3.947222,-0.335000,-0.000648,0
3.950000,-0.330000,-0.001982,0
3.952778,-0.330000,-0.002840,0
3.955556,-0.330000,-0.003256,0
3.958333,-0.340000,-0.003109,0
3.961111,-0.340000,-0.002358,0
3.963889,-0.340000,-0.001374,0
3.966667,-0.325000,-0.000964,0
3.969444,-0.325000,-0.001881,0
3.972222,-0.325000,-0.004129,0
3.975000,-0.345000,-0.006662,0
3.977778,-0.350000,-0.007817,0
3.980556,-0.340000,-0.006189,0
3.983333,-0.330000,-0.001254,0
3.986111,-0.320000,0.006619,0
3.988889,-0.310000,0.016594,0
3.991667,-0.305000,0.027747,0
3.994444,-0.305000,0.039136,0
3.997222,-0.275000,0.049736,0
4.000000,-0.270000,0.058575,0
4.002778,-0.255000,0.065166,0
4.005556,-0.260000,0.069884,0
4.008333,-0.265000,0.073836,0
4.011111,-0.260000,0.078216,0
4.013889,-0.250000,0.083580,0
4.016667,-0.235000,0.089589,0
4.019444,-0.235000,0.095329,0
4.022222,-0.220000,0.099903,0
4.025000,-0.235000,0.102826,0
4.027778,-0.235000,0.104016,0
4.030556,-0.220000,0.103561,0
4.033333,-0.230000,0.101609,0
4.036111,-0.225000,0.098499,0
4.038889,-0.235000,0.094868,0
4.041667,-0.245000,0.091498,0
4.044444,-0.255000,0.088900,0
4.047222,-0.240000,0.087048,0
4.050000,-0.230000,0.085646,0
4.052778,-0.230000,0.084848,0
4.055556,-0.250000,0.085678,0
4.058333,-0.255000,0.089496,0
4.061111,-0.250000,0.096703,0
4.063889,-0.230000,0.105725,0
4.066667,-0.205000,0.113221,0
4.069444,-0.195000,0.115559,0
4.072222,-0.210000,0.110639,0
4.075000,-0.230000,0.098838,0
4.077778,-0.270000,0.082510,0
4.080556,-0.270000,0.064523,0
4.083333,-0.285000,0.046962,0
4.086111,-0.285000,0.030798,0
4.088889,-0.310000,0.016385,0
4.091667,-0.330000,0.004043,0
4.094444,-0.340000,-0.005814,0
4.097222,-0.340000,-0.012887,0
4.100000,-0.345000,-0.017190,0
4.102778,-0.350000,-0.019038,0
4.105556,-0.350000,-0.018978,0
4.108333,-0.340000,-0.017715,0
4.111111,-0.355000,-0.016065,0
4.113889,-0.345000,-0.014910,0
4.116667,-0.340000,-0.015060,0
4.119444,-0.340000,-0.016955,0
4.122222,-0.345000,-0.020334,0
4.125000,-0.355000,-0.024225,0
4.127778,-0.370000,-0.027417,0
4.130556,-0.355000,-0.029155,0
4.133333,-0.370000,-0.029547,0
4.136111,-0.345000,-0.029351,0
4.138889,-0.340000,-0.029262,0
4.141667,-0.360000,-0.029269,0
4.144444,-0.380000,-0.028764,0
4.147222,-0.360000,-0.027351,0
4.150000,-0.345000,-0.025546,0
4.152778,-0.350000,-0.024664,0
4.155556,-0.350000,-0.026132,0
4.158333,-0.355000,-0.030955,0
4.161111,-0.380000,-0.039694,0
4.163889,-0.390000,-0.052845,0
4.166667,-0.395000,-0.071136,0
4.169444,-0.425000,-0.095274,0
4.172222,-0.455000,-0.125120,0
4.175000,-0.475000,-0.158614,0
4.177778,-0.510000,-0.190824,0
4.180556,-0.545000,-0.213511,0
4.183333,-0.540000,-0.215503,0
4.186111,-0.495000,-0.183897,0
4.188889,-0.405000,-0.106015,0
4.191667,-0.295000,0.027524,0
4.194444,-0.160000,0.218138,0
4.197222,0.040000,0.453724,0
4.200000,0.315000,0.705059,0
4.202778,0.595000,0.927976,0
4.205556,0.800000,1.073231,0
4.208333,0.885000,1.101879,1
4.211111,0.795000,1.000319,0
4.213889,0.520000,0.788018,0
4.216667,0.130000,0.513200,0
4.219444,-0.215000,0.237095,0
4.222222,-0.425000,0.013372,0
4.225000,-0.500000,-0.127949,0
4.227778,-0.490000,-0.185491,0
4.230556,-0.450000,-0.180088,0
4.233333,-0.400000,-0.141954,0
4.236111,-0.390000,-0.098159,0
4.238889,-0.395000,-0.065270,0
4.241667,-0.395000,-0.048432,0
4.244444,-0.400000,-0.044973,0
4.247222,-0.390000,-0.049291,0
4.250000,-0.380000,-0.056432,0
4.252778,-0.385000,-0.063425,0
4.255556,-0.385000,-0.068977,0
4.258333,-0.400000,-0.072669,0
4.261111,-0.410000,-0.074515,0
4.263889,-0.410000,-0.074957,0
4.266667,-0.390000,-0.074851,0
4.269444,-0.390000,-0.075060,0
4.272222,-0.405000,-0.075895,0
4.275000,-0.405000,-0.076982,0
4.277778,-0.415000,-0.077734,0
4.280556,-0.410000,-0.077973,0
4.283333,-0.395000,-0.078121,0
4.286111,-0.395000,-0.078762,0
4.288889,-0.400000,-0.079981,0
4.291667,-0.415000,-0.081139,0
4.294444,-0.415000,-0.081350,0
4.297222,-0.415000,-0.080246,0
4.300000,-0.400000,-0.078350,0
4.302778,-0.390000,-0.076701,0
4.305556,-0.390000,-0.076024,0
4.308333,-0.410000,-0.076205,0
4.311111,-0.415000,-0.076539,0
4.313889,-0.405000,-0.076479,0
4.316667,-0.395000,-0.076105,0
4.319444,-0.395000,-0.075901,0
4.322222,-0.395000,-0.076173,0
4.325000,-0.405000,-0.076719,0
4.327778,-0.410000,-0.077055,0
4.330556,-0.410000,-0.076969,0
4.333333,-0.400000,-0.076857,0
4.336111,-0.390000,-0.077470,0
4.338889,-0.395000,-0.079250,0
4.341667,-0.410000,-0.081880,0
4.344444,-0.425000,-0.084520,0
4.347222,-0.415000,-0.086531,0
4.350000,-0.405000,-0.087938,0
4.352778,-0.410000,-0.089191,0
4.355556,-0.405000,-0.090510,0
4.358333,-0.415000,-0.091458,0
4.361111,-0.425000,-0.091147,0
4.363889,-0.425000,-0.088951,0
4.366667,-0.410000,-0.085158,0
4.369444,-0.395000,-0.080950,0
4.372222,-0.390000,-0.077687,0
4.375000,-0.400000,-0.076105,0
4.377778,-0.410000,-0.076119,0
4.380556,-0.410000,-0.077279,0
4.383333,-0.400000,-0.079296,0
4.386111,-0.390000,-0.082083,0
4.388889,-0.410000,-0.085384,0
4.391667,-0.420000,-0.088593,0
4.394444,-0.420000,-0.091048,0
4.397222,-0.415000,-0.092482,0
4.400000,-0.415000,-0.093117,0
4.402778,-0.405000,-0.093317,0
4.405556,-0.420000,-0.093178,0
4.408333,-0.415000,-0.092429,0
4.411111,-0.425000,-0.090738,0
4.413889,-0.410000,-0.088119,0
4.416667,-0.400000,-0.085031,0
4.419444,-0.405000,-0.082094,0
4.422222,-0.400000,-0.079733,0
4.425000,-0.400000,-0.078058,0
4.427778,-0.410000,-0.077063,0
4.430556,-0.400000,-0.076889,0
4.433333,-0.395000,-0.077882,0
4.436111,-0.395000,-0.080285,0
4.438889,-0.405000,-0.083855,0
4.441667,-0.410000,-0.087817,0
4.444444,-0.425000,-0.091304,0
4.447222,-0.425000,-0.093976,0
4.450000,-0.410000,-0.096284,0
4.452778,-0.410000,-0.099069,0
4.455556,-0.420000,-0.102791,0
4.458333,-0.430000,-0.107088,0
4.461111,-0.445000,-0.111052,0
4.463889,-0.440000,-0.113942,0
4.466667,-0.435000,-0.115692,0
4.469444,-0.430000,-0.116795,0
4.472222,-0.430000,-0.117763,0
4.475000,-0.450000,-0.118723,0
4.477778,-0.445000,-0.119509,0
4.480556,-0.445000,-0.120040,0
4.483333,-0.435000,-0.120490,0
4.486111,-0.435000,-0.121034,0
4.488889,-0.445000,-0.121470,0
4.491667,-0.440000,-0.121114,0
4.494444,-0.450000,-0.119075,0
4.497222,-0.430000,-0.114653,0
4.500000,-0.430000,-0.107557,0
4.502778,-0.415000,-0.097855,0
4.505556,-0.400000,-0.085824,0
4.508333,-0.400000,-0.071900,0
4.511111,-0.385000,-0.056845,0
4.513889,-0.365000,-0.041879,0
4.516667,-0.335000,-0.028439,0
4.519444,-0.330000,-0.017512,0
4.522222,-0.325000,-0.009040,0
4.525000,-0.330000,-0.002003,0
4.527778,-0.330000,0.004781,0
4.530556,-0.310000,0.011742,0
4.533333,-0.295000,0.018273,0
4.536111,-0.285000,0.023291,0
4.538889,-0.290000,0.026136,0
4.541667,-0.290000,0.027062,0
4.544444,-0.310000,0.026976,0
4.547222,-0.295000,0.026742,0
4.550000,-0.285000,0.026718,0
4.552778,-0.280000,0.026900,0
4.555556,-0.300000,0.027344,0
4.558333,-0.290000,0.028308,0
4.561111,-0.295000,0.029975,0
4.563889,-0.290000,0.032129,0
4.566667,-0.280000,0.034171,0
4.569444,-0.275000,0.035511,0
4.572222,-0.275000,0.036057,0
4.575000,-0.290000,0.036360,0
4.577778,-0.290000,0.037192,0
4.580556,-0.285000,0.038869,0
4.583333,-0.270000,0.040945,0
4.586111,-0.270000,0.042529,0
4.588889,-0.270000,0.042932,0
4.591667,-0.275000,0.042067,0
4.594444,-0.290000,0.040314,0
4.597222,-0.285000,0.038035,0
4.600000,-0.275000,0.035278,0
4.602778,-0.275000,0.031967,0
4.605556,-0.290000,0.028349,0
4.608333,-0.295000,0.025117,0
4.611111,-0.305000,0.023008,0
4.613889,-0.295000,0.022239,0
4.616667,-0.295000,0.022310,0
4.619444,-0.285000,0.022334,0
4.622222,-0.290000,0.021646,0
4.625000,-0.300000,0.020173,0
4.627778,-0.305000,0.018279,0
4.630556,-0.310000,0.016263,0
4.633333,-0.295000,0.014016,0
4.636111,-0.300000,0.011184,0
4.638889,-0.305000,0.007658,0
4.641667,-0.310000,0.003900,0
4.644444,-0.325000,0.000761,0
4.647222,-0.325000,-0.001064,0
4.650000,-0.315000,-0.001509,0
4.652778,-0.310000,-0.001127,0
4.655556,-0.315000,-0.000646,0
4.658333,-0.315000,-0.000537,0
4.661111,-0.325000,-0.000927,0
4.663889,-0.320000,-0.001779,0
4.666667,-0.310000,-0.003025,0
4.669444,-0.320000,-0.004469,0
4.672222,-0.315000,-0.005644,0
4.675000,-0.330000,-0.005946,0
4.677778,-0.330000,-0.005072,0
4.680556,-0.320000,-0.003430,0
4.683333,-0.310000,-0.002073,0
4.686111,-0.310000,-0.002073,0
4.688889,-0.310000,-0.003785,0
4.691667,-0.330000,-0.006610,0
4.694444,-0.335000,-0.009456,0
4.697222,-0.330000,-0.011506,0
4.700000,-0.320000,-0.012651,0
4.702778,-0.325000,-0.013290,0
4.705556,-0.325000,-0.013807,0
4.708333,-0.330000,-0.014251,0
4.711111,-0.335000,-0.014398,0
4.713889,-0.330000,-0.014052,0
4.716667,-0.325000,-0.013250,0
4.719444,-0.325000,-0.012187,0
4.722222,-0.320000,-0.011005,0
4.725000,-0.325000,-0.009659,0
4.727778,-0.330000,-0.008049,0
4.730556,-0.325000,-0.006312,0
4.733333,-0.315000,-0.004933,0
4.736111,-0.305000,-0.004472,0
4.738889,-0.325000,-0.005105,0
4.741667,-0.315000,-0.006465,0
4.744444,-0.335000,-0.007947,0
4.747222,-0.330000,-0.009220,0
4.750000,-0.310000,-0.010439,0
4.752778,-0.320000,-0.011933,0
4.755556,-0.330000,-0.013718,0
4.758333,-0.330000,-0.015365,0
4.761111,-0.335000,-0.016305,0
4.763889,-0.330000,-0.016253,0
4.766667,-0.330000,-0.015371,0
4.769444,-0.320000,-0.014101,0
4.772222,-0.320000,-0.012807,0
4.775000,-0.330000,-0.011564,0
4.777778,-0.330000,-0.010295,0
4.780556,-0.325000,-0.009086,0
4.783333,-0.315000,-0.008297,0
4.786111,-0.315000,-0.008261,0
4.788889,-0.315000,-0.008852,0
4.791667,-0.330000,-0.009383,0
4.794444,-0.330000,-0.008998,0
4.797222,-0.320000,-0.007237,0
4.800000,-0.315000,-0.004253,0
4.802778,-0.305000,-0.000505,0
4.805556,-0.305000,0.003788,0
4.808333,-0.295000,0.008939,0
4.811111,-0.315000,0.015533,0
4.813889,-0.300000,0.023743,0
4.816667,-0.275000,0.032821,0
4.819444,-0.255000,0.041393,0
4.822222,-0.255000,0.048399,0
4.825000,-0.260000,0.053843,0
4.827778,-0.265000,0.058682,0
4.830556,-0.255000,0.064013,0
4.833333,-0.235000,0.070348,0
4.836111,-0.230000,0.077476,0
4.838889,-0.225000,0.084818,0
4.841667,-0.220000,0.091757,0
4.844444,-0.220000,0.097681,0
4.847222,-0.215000,0.101865,0
4.850000,-0.200000,0.103503,0
4.852778,-0.205000,0.102060,0
4.855556,-0.205000,0.097742,0
4.858333,-0.225000,0.091623,0
4.861111,-0.235000,0.085226,0
4.863889,-0.240000,0.079812,0
4.866667,-0.230000,0.075971,0
4.869444,-0.215000,0.073862,0
4.872222,-0.240000,0.073751,0
4.875000,-0.240000,0.076084,0
4.877778,-0.250000,0.080779,0
4.880556,-0.235000,0.086355,0
4.883333,-0.210000,0.089897,0
4.886111,-0.200000,0.088237,0
4.888889,-0.220000,0.079670,0
4.891667,-0.255000,0.064915,0
4.894444,-0.275000,0.046665,0
4.897222,-0.285000,0.028200,0
4.900000,-0.300000,0.012134,0
4.902778,-0.305000,-0.000141,0
4.905556,-0.320000,-0.008392,0
4.908333,-0.330000,-0.013266,0
4.911111,-0.325000,-0.015982,0
4.913889,-0.320000,-0.017919,0
4.916667,-0.330000,-0.020096,0
4.919444,-0.330000,-0.022775,0
4.922222,-0.335000,-0.025445,0
4.925000,-0.340000,-0.027195,0
4.927778,-0.345000,-0.027321,0
4.930556,-0.340000,-0.025848,0
4.933333,-0.335000,-0.023675,0
4.936111,-0.320000,-0.022149,0
4.938889,-0.325000,-0.022289,0
4.941667,-0.335000,-0.024201,0
4.944444,-0.345000,-0.027135,0
4.947222,-0.345000,-0.030083,0
4.950000,-0.345000,-0.032405,0
4.952778,-0.335000,-0.033998,0
4.955556,-0.340000,-0.034992,0
4.958333,-0.345000,-0.035389,0
4.961111,-0.355000,-0.035033,0
4.963889,-0.340000,-0.033888,0
4.966667,-0.340000,-0.032294,0
4.969444,-0.340000,-0.030971,0
4.972222,-0.340000,-0.030913,0
4.975000,-0.345000,-0.033336,0
4.977778,-0.355000,-0.039701,0
4.980556,-0.365000,-0.051636,0
4.983333,-0.370000,-0.070553,0
4.986111,-0.405000,-0.096976,0
4.988889,-0.445000,-0.129827,0
4.991667,-0.480000,-0.165949,0
4.994444,-0.495000,-0.199806,0
4.997222,-0.520000,-0.223239,0
5.000000,-0.535000,-0.225585,0
5.002778,-0.505000,-0.194680,0
5.005556,-0.415000,-0.118854,0
5.008333,-0.280000,0.010325,0
5.011111,-0.135000,0.194652,0
5.013889,0.065000,0.425315,0
5.016667,0.300000,0.679546,0
5.019444,0.580000,0.920496,0
5.022222,0.810000,1.102827,0
5.025000,0.945000,1.184170,1
5.027778,0.920000,1.139184,0
5.030556,0.775000,0.970704,0
5.033333,0.445000,0.712475,0
5.036111,0.020000,0.420563,0
5.038889,-0.295000,0.155424,0
5.041667,-0.445000,-0.037948,0
5.044444,-0.470000,-0.142523,0
5.047222,-0.425000,-0.169230,0
5.050000,-0.380000,-0.146371,0
5.052778,-0.360000,-0.105259,0
5.055556,-0.360000,-0.069069,0
5.058333,-0.370000,-0.048443,0
5.061111,-0.380000,-0.043331,0
5.063889,-0.380000,-0.048018,0
5.066667,-0.375000,-0.056064,0
5.069444,-0.370000,-0.063154,0
5.072222,-0.365000,-0.067617,0
5.075000,-0.370000,-0.069522,0
5.077778,-0.385000,-0.069606,0
5.080556,-0.385000,-0.068747,0
5.083333,-0.375000,-0.067873,0
5.086111,-0.370000,-0.067840,0
5.088889,-0.370000,-0.069088,0
5.091667,-0.385000,-0.071421,0
5.094444,-0.395000,-0.074221,0
5.097222,-0.385000,-0.076964,0
5.100000,-0.385000,-0.079534,0
5.102778,-0.390000,-0.082062,0
5.105556,-0.385000,-0.084531,0
5.108333,-0.395000,-0.086553,0
5.111111,-0.410000,-0.087569,0
5.113889,-0.400000,-0.087337,0
5.116667,-0.395000,-0.086264,0
5.119444,-0.380000,-0.085192,0
5.122222,-0.395000,-0.084792,0
5.125000,-0.395000,-0.085155,0
5.127778,-0.400000,-0.085873,0
5.130556,-0.400000,-0.086471,0
5.133333,-0.395000,-0.086728,0
5.136111,-0.390000,-0.086656,0
5.138889,-0.390000,-0.086223,0
5.141667,-0.395000,-0.085163,0
5.144444,-0.405000,-0.083144,0
5.147222,-0.390000,-0.080176,0
5.150000,-0.385000,-0.076812,0
5.152778,-0.375000,-0.073872,0
5.155556,-0.375000,-0.071870,0
5.158333,-0.380000,-0.070659,0
5.161111,-0.390000,-0.069626,0
5.163889,-0.385000,-0.068279,0
5.166667,-0.370000,-0.066696,0
5.169444,-0.370000,-0.065430,0
5.172222,-0.370000,-0.065004,0
5.175000,-0.375000,-0.065494,0
5.177778,-0.385000,-0.066544,0
5.180556,-0.370000,-0.067694,0
5.183333,-0.390000,-0.068708,0
5.186111,-0.375000,-0.069664,0
5.188889,-0.370000,-0.070751,0
5.191667,-0.380000,-0.071956,0
5.194444,-0.390000,-0.072959,0
5.197222,-0.390000,-0.073432,0
5.200000,-0.385000,-0.073427,0
5.202778,-0.375000,-0.073400,0
5.205556,-0.375000,-0.073794,0
5.208333,-0.385000,-0.074592,0
5.211111,-0.395000,-0.075325,0
5.213889,-0.390000,-0.075516,0
5.216667,-0.385000,-0.075114,0
5.219444,-0.375000,-0.074457,0
5.222222,-0.380000,-0.073851,0
5.225000,-0.385000,-0.073221,0
5.227778,-0.390000,-0.072180,0
5.230556,-0.380000,-0.070411,0
5.233333,-0.380000,-0.067965,0
5.236111,-0.370000,-0.065227,0
5.238889,-0.370000,-0.062643,0
5.241667,-0.365000,-0.060491,0
5.244444,-0.390000,-0.058944,0
5.247222,-0.365000,-0.058328,0
5.250000,-0.365000,-0.059165,0
5.252778,-0.360000,-0.061757,0
5.255556,-0.375000,-0.065645,0
5.258333,-0.380000,-0.069559,0
5.261111,-0.400000,-0.072068,0
5.263889,-0.390000,-0.072505,0
5.266667,-0.375000,-0.071427,0
5.269444,-0.375000,-0.070222,0
5.272222,-0.370000,-0.070148,0
5.275000,-0.385000,-0.071563,0
5.277778,-0.390000,-0.073851,0
5.280556,-0.390000,-0.075945,0
5.283333,-0.390000,-0.076990,0
5.286111,-0.390000,-0.076693,0
5.288889,-0.375000,-0.075271,0
5.291667,-0.385000,-0.073177,0
5.294444,-0.395000,-0.070929,0
5.297222,-0.380000,-0.069125,0
5.300000,-0.370000,-0.068360,0
5.302778,-0.375000,-0.068849,0
5.305556,-0.375000,-0.070070,0
5.308333,-0.390000,-0.070915,0
5.311111,-0.405000,-0.070432,0
5.313889,-0.375000,-0.068595,0
5.316667,-0.370000,-0.066336,0
5.319444,-0.360000,-0.064719,0
5.322222,-0.375000,-0.063945,0
5.325000,-0.385000,-0.063117,0
5.327778,-0.380000,-0.060875,0
5.330556,-0.370000,-0.056307,0
5.333333,-0.360000,-0.049391,0
5.336111,-0.345000,-0.040802,0
5.338889,-0.345000,-0.031376,0
5.341667,-0.330000,-0.021712,0
5.344444,-0.330000,-0.012095,0
5.347222,-0.315000,-0.002689,0
5.350000,-0.310000,0.006239,0
5.352778,-0.295000,0.014273,0
5.355556,-0.285000,0.021008,0
5.358333,-0.285000,0.026261,0
5.361111,-0.295000,0.030085,0
5.363889,-0.280000,0.032557,0
5.366667,-0.270000,0.033657,0
5.369444,-0.280000,0.033436,0
5.372222,-0.280000,0.032256,0
5.375000,-0.280000,0.030794,0
5.377778,-0.290000,0.029762,0
5.380556,-0.290000,0.029527,0
5.383333,-0.280000,0.029917,0
5.386111,-0.275000,0.030398,0
5.388889,-0.280000,0.030522,0
5.391667,-0.285000,0.030233,0
5.394444,-0.290000,0.029760,0
5.397222,-0.290000,0.029254,0
5.400000,-0.280000,0.028567,0
5.402778,-0.280000,0.027427,0
5.405556,-0.285000,0.025832,0
5.408333,-0.290000,0.024242,0
5.411111,-0.300000,0.023341,0
5.413889,-0.295000,0.023557,0
5.416667,-0.285000,0.024764,0
5.419444,-0.280000,0.026447,0
5.422222,-0.285000,0.028133,0
5.425000,-0.285000,0.029640,0
5.427778,-0.295000,0.030918,0
5.430556,-0.285000,0.031695,0
5.433333,-0.280000,0.031403,0
5.436111,-0.275000,0.029583,0
5.438889,-0.280000,0.026505,0
5.441667,-0.290000,0.023412,0
5.444444,-0.310000,0.021996,0
5.447222,-0.305000,0.023344,0
5.450000,-0.285000,0.027159,0
5.452778,-0.270000,0.031945,0
5.455556,-0.270000,0.036048,0
5.458333,-0.275000,0.038656,0
5.461111,-0.285000,0.040028,0
5.463889,-0.285000,0.040938,0
5.466667,-0.270000,0.041990,0
5.469444,-0.265000,0.043415,0
5.472222,-0.265000,0.045372,0
5.475000,-0.265000,0.048244,0
5.477778,-0.280000,0.052469,0
5.480556,-0.265000,0.058015,0
5.483333,-0.245000,0.064094,0
5.486111,-0.235000,0.069533,0
5.488889,-0.235000,0.073556,0
5.491667,-0.250000,0.076205,0
5.494444,-0.250000,0.078039,0
5.497222,-0.245000,0.079488,0
5.500000,-0.215000,0.080646,0
5.502778,-0.220000,0.081703,0
5.505556,-0.245000,0.083333,0
5.508333,-0.255000,0.086297,0
5.511111,-0.230000,0.090521,0
5.513889,-0.205000,0.094743,0
5.516667,-0.210000,0.097223,0
5.519444,-0.220000,0.096827,0
5.522222,-0.230000,0.093452,0
5.525000,-0.240000,0.087603,0
5.527778,-0.240000,0.079694,0
5.530556,-0.245000,0.069759,0
5.533333,-0.250000,0.057779,0
5.536111,-0.270000,0.044236,0
5.538889,-0.285000,0.030358,0
5.541667,-0.315000,0.017707,0
5.544444,-0.320000,0.007354,0
5.547222,-0.320000,-0.000725,0
5.550000,-0.310000,-0.007492,0
5.552778,-0.330000,-0.014027,0
5.555556,-0.340000,-0.020758,0
5.558333,-0.345000,-0.027303,0
5.561111,-0.360000,-0.032933,0
5.563889,-0.365000,-0.037229,0
5.566667,-0.360000,-0.040463,0
5.569444,-0.350000,-0.043380,0
5.572222,-0.355000,-0.046531,0
5.575000,-0.375000,-0.049740,0
5.577778,-0.385000,-0.052257,0
5.580556,-0.375000,-0.053432,0
5.583333,-0.370000,-0.053200,0
5.586111,-0.365000,-0.051976,0
5.588889,-0.365000,-0.050162,0
5.591667,-0.370000,-0.047846,0
5.594444,-0.380000,-0.044950,0
5.597222,-0.360000,-0.041629,0
5.600000,-0.350000,-0.038398,0
5.602778,-0.355000,-0.035820,0
5.605556,-0.355000,-0.034091,0
5.608333,-0.350000,-0.032935,0
5.611111,-0.365000,-0.031883,0
5.613889,-0.350000,-0.030675,0
5.616667,-0.350000,-0.029486,0
5.619444,-0.340000,-0.028811,0
5.622222,-0.355000,-0.029226,0
5.625000,-0.350000,-0.031332,0
5.627778,-0.375000,-0.036029,0
5.630556,-0.365000,-0.044780,0
5.633333,-0.375000,-0.059449,0
5.636111,-0.400000,-0.081566,0
5.638889,-0.430000,-0.111395,0
5.641667,-0.475000,-0.147295,0
5.644444,-0.520000,-0.185488,0
5.647222,-0.520000,-0.219983,0
5.650000,-0.550000,-0.242426,0
5.652778,-0.570000,-0.242311,0
5.655556,-0.540000,-0.208172,0
5.658333,-0.445000,-0.129758,0
5.661111,-0.305000,-0.000555,0
5.663889,-0.140000,0.179622,0
5.666667,0.025000,0.401721,0
5.669444,0.260000,0.644656,0
5.672222,0.510000,0.874705,0
5.675000,0.735000,1.049787,0
5.677778,0.845000,1.129437,1
5.680556,0.875000,1.088151,0
5.683333,0.735000,0.927080,0
5.686111,0.400000,0.678137,0
5.688889,-0.025000,0.396344,0
5.691667,-0.335000,0.141710,0
5.694444,-0.480000,-0.041436,0
5.697222,-0.470000,-0.137417,0
5.700000,-0.415000,-0.158722,0
5.702778,-0.375000,-0.134372,0
5.705556,-0.365000,-0.094916,0
5.708333,-0.385000,-0.061698,0
5.711111,-0.400000,-0.043648,0
5.713889,-0.380000,-0.040083,0
5.716667,-0.390000,-0.045704,0
5.719444,-0.375000,-0.054661,0
5.722222,-0.385000,-0.062608,0
5.725000,-0.395000,-0.067230,0
5.727778,-0.405000,-0.068115,0
5.730556,-0.390000,-0.066379,0
5.733333,-0.380000,-0.063985,0
5.736111,-0.385000,-0.062770,0
5.738889,-0.385000,-0.063584,0
5.741667,-0.395000,-0.066038,0
5.744444,-0.400000,-0.068902,0
5.747222,-0.405000,-0.070878,0
5.750000,-0.400000,-0.071252,0
5.752778,-0.390000,-0.070084,0
5.755556,-0.390000,-0.067934,0
5.758333,-0.395000,-0.065473,0
5.761111,-0.400000,-0.063353,0
5.763889,-0.390000,-0.062279,0
5.766667,-0.385000,-0.062954,0
5.769444,-0.390000,-0.065693,0
5.772222,-0.385000,-0.069986,0
5.775000,-0.410000,-0.074453,0
5.777778,-0.420000,-0.077424,0
5.780556,-0.405000,-0.077828,0
5.783333,-0.410000,-0.075756,0
5.786111,-0.390000,-0.072259,0
5.788889,-0.390000,-0.068595,0
5.791667,-0.390000,-0.065498,0
5.794444,-0.400000,-0.062985,0
5.797222,-0.400000,-0.060781,0
5.800000,-0.390000,-0.058899,0
5.802778,-0.375000,-0.057777,0
5.805556,-0.380000,-0.057878,0
5.808333,-0.395000,-0.059242,0
5.811111,-0.400000,-0.061488,0
5.813889,-0.390000,-0.064171,0
5.816667,-0.400000,-0.067013,0
5.819444,-0.390000,-0.069765,0
5.822222,-0.395000,-0.071924,0
5.825000,-0.410000,-0.072715,0
5.827778,-0.415000,-0.071529,0
5.830556,-0.405000,-0.068537,0
5.833333,-0.385000,-0.064833,0
5.836111,-0.385000,-0.061829,0
5.838889,-0.380000,-0.060331,0
5.841667,-0.400000,-0.060084,0
5.844444,-0.400000,-0.060126,0
5.847222,-0.395000,-0.059604,0
5.850000,-0.390000,-0.058343,0
5.852778,-0.380000,-0.056763,0
5.855556,-0.375000,-0.055337,0
5.858333,-0.395000,-0.054173,0
5.861111,-0.395000,-0.053111,0
5.863889,-0.385000,-0.052176,0
5.866667,-0.380000,-0.051783,0
5.869444,-0.375000,-0.052431,0
5.872222,-0.385000,-0.054168,0
5.875000,-0.390000,-0.056406,0
5.877778,-0.400000,-0.058264,0
5.880556,-0.400000,-0.059169,0
5.883333,-0.385000,-0.059191,0
5.886111,-0.380000,-0.058817,0
5.888889,-0.395000,-0.058420,0
5.891667,-0.390000,-0.057977,0
5.894444,-0.400000,-0.057295,0
5.897222,-0.395000,-0.056436,0
5.900000,-0.385000,-0.055875,0
5.902778,-0.380000,-0.056171,0
5.905556,-0.385000,-0.057390,0
5.908333,-0.395000,-0.058841,0
5.911111,-0.405000,-0.059466,0
5.913889,-0.400000,-0.058614,0
5.916667,-0.390000,-0.056594,0
5.919444,-0.380000,-0.054498,0
5.922222,-0.380000,-0.053477,0
5.925000,-0.385000,-0.054036,0
5.927778,-0.405000,-0.055928,0
5.930556,-0.395000,-0.058619,0
5.933333,-0.400000,-0.061797,0
5.936111,-0.390000,-0.065430,0
5.938889,-0.400000,-0.069390,0
5.941667,-0.405000,-0.073111,0
5.944444,-0.425000,-0.075728,0
5.947222,-0.420000,-0.076615,0
5.950000,-0.405000,-0.075821,0
5.952778,-0.400000,-0.073918,0
5.955556,-0.405000,-0.071442,0
5.958333,-0.405000,-0.068529,0
5.961111,-0.415000,-0.065104,0
5.963889,-0.400000,-0.061347,0
5.966667,-0.390000,-0.057888,0
5.969444,-0.380000,-0.055426,0
5.972222,-0.385000,-0.054094,0
5.975000,-0.395000,-0.053228,0
5.977778,-0.405000,-0.051814,0
5.980556,-0.390000,-0.049254,0
5.983333,-0.370000,-0.045687,0
5.986111,-0.370000,-0.041577,0
5.988889,-0.370000,-0.037072,0
5.991667,-0.385000,-0.031882,0
5.994444,-0.370000,-0.025794,0
5.997222,-0.355000,-0.019211,0
6.000000,-0.345000,-0.013097,0
6.002778,-0.340000,-0.008326,0
6.005556,-0.335000,-0.004982,0
6.008333,-0.340000,-0.002176,0
6.011111,-0.355000,0.001424,0
6.013889,-0.335000,0.006672,0
6.016667,-0.325000,0.013306,0
6.019444,-0.310000,0.020118,0
6.022222,-0.305000,0.025731,0
6.025000,-0.305000,0.029360,0
6.027778,-0.320000,0.030976,0
6.030556,-0.315000,0.030887,0
6.033333,-0.310000,0.029237,0
6.036111,-0.305000,0.025985,0
6.038889,-0.305000,0.021386,0
6.041667,-0.330000,0.016421,0
6.044444,-0.325000,0.012659,0
6.047222,-0.345000,0.011539,0
6.050000,-0.325000,0.013588,0
6.052778,-0.315000,0.018181,0
6.055556,-0.315000,0.023927,0
6.058333,-0.305000,0.029361,0
6.061111,-0.310000,0.033424,0
6.063889,-0.310000,0.035581,0
6.066667,-0.300000,0.035716,0
6.069444,-0.305000,0.034075,0
6.072222,-0.305000,0.031270,0
6.075000,-0.315000,0.028196,0
6.077778,-0.320000,0.025716,0
6.080556,-0.325000,0.024237,0
6.083333,-0.315000,0.023517,0
6.086111,-0.305000,0.022950,0
6.088889,-0.315000,0.022151,0
6.091667,-0.325000,0.021310,0
6.094444,-0.325000,0.020961,0
6.097222,-0.330000,0.021368,0
6.100000,-0.315000,0.022113,0
6.102778,-0.315000,0.022242,0
6.105556,-0.310000,0.020843,0
6.108333,-0.330000,0.017551,0
6.111111,-0.340000,0.012597,0
6.113889,-0.335000,0.006497,0
6.116667,-0.330000,-0.000114,0
6.119444,-0.345000,-0.006350,0
6.122222,-0.355000,-0.011017,0
6.125000,-0.365000,-0.013031,0
6.127778,-0.370000,-0.012149,0
6.130556,-0.345000,-0.009395,0
6.133333,-0.340000,-0.006652,0
6.136111,-0.340000,-0.005618,0
6.138889,-0.345000,-0.006865,0
6.141667,-0.360000,-0.009665,0
6.144444,-0.365000,-0.012625,0
6.147222,-0.360000,-0.014587,0
6.150000,-0.360000,-0.015168,0
6.152778,-0.345000,-0.014646,0
6.155556,-0.355000,-0.013462,0
6.158333,-0.365000,-0.011871,0
6.161111,-0.350000,-0.010008,0
6.163889,-0.360000,-0.008149,0
6.166667,-0.350000,-0.006806,0
6.169444,-0.340000,-0.006479,0
6.172222,-0.345000,-0.007231,0
6.175000,-0.355000,-0.008478,0
6.177778,-0.370000,-0.009311,0
6.180556,-0.350000,-0.009143,0
6.183333,-0.350000,-0.008087,0
6.186111,-0.350000,-0.006784,0
6.188889,-0.345000,-0.005909,0
6.191667,-0.350000,-0.005788,0
6.194444,-0.355000,-0.006347,0
6.197222,-0.360000,-0.007332,0
6.200000,-0.345000,-0.008544,0
6.202778,-0.355000,-0.009849,0
6.205556,-0.350000,-0.011022,0
6.208333,-0.360000,-0.011721,0
6.211111,-0.370000,-0.011757,0
6.213889,-0.355000,-0.011433,0
6.216667,-0.355000,-0.011568,0
6.219444,-0.350000,-0.013010,0
6.222222,-0.355000,-0.015987,0
6.225000,-0.360000,-0.019798,0
6.227778,-0.390000,-0.023221,0
6.230556,-0.385000,-0.025392,0
6.233333,-0.360000,-0.026406,0
6.236111,-0.360000,-0.027013,0
6.238889,-0.370000,-0.027676,0
6.241667,-0.370000,-0.027948,0
6.244444,-0.390000,-0.026756,0
6.247222,-0.375000,-0.023321,0
6.250000,-0.370000,-0.017935,0
6.252778,-0.350000,-0.011960,0
6.255556,-0.340000,-0.007023,0
6.258333,-0.345000,-0.004049,0
6.261111,-0.360000,-0.002881,0
6.263889,-0.360000,-0.002743,0
6.266667,-0.350000,-0.003038,0
6.269444,-0.350000,-0.003738,0
6.272222,-0.335000,-0.005121,0
6.275000,-0.360000,-0.007271,0
6.277778,-0.365000,-0.009921,0
6.280556,-0.365000,-0.012762,0
6.283333,-0.360000,-0.015761,0
6.286111,-0.360000,-0.019074,0
6.288889,-0.365000,-0.022652,0
6.291667,-0.375000,-0.025992,0
6.294444,-0.385000,-0.028333,0
6.297222,-0.385000,-0.029151,0
6.300000,-0.365000,-0.028474,0
6.302778,-0.370000,-0.026725,0
6.305556,-0.375000,-0.024326,0
6.308333,-0.370000,-0.021526,0
6.311111,-0.375000,-0.018568,0
6.313889,-0.365000,-0.015891,0
6.316667,-0.355000,-0.014049,0
6.319444,-0.355000,-0.013314,0
6.322222,-0.360000,-0.013297,0
6.325000,-0.365000,-0.012998,0
6.327778,-0.370000,-0.011370,0
6.330556,-0.360000,-0.008007,0
6.333333,-0.350000,-0.003465,0
6.336111,-0.340000,0.001027,0
6.338889,-0.345000,0.004216,0
6.341667,-0.340000,0.005373,0
6.344444,-0.350000,0.004461,0
6.347222,-0.345000,0.001967,0
6.350000,-0.350000,-0.001373,0
6.352778,-0.360000,-0.004827,0
6.355556,-0.350000,-0.007823,0
6.358333,-0.360000,-0.010030,0
6.361111,-0.370000,-0.011411,0
6.363889,-0.360000,-0.012249,0
6.366667,-0.360000,-0.013033,0
6.369444,-0.355000,-0.014097,0
6.372222,-0.360000,-0.015268,0
6.375000,-0.375000,-0.015902,0
6.377778,-0.375000,-0.015417,0
6.380556,-0.370000,-0.013913,0
6.383333,-0.350000,-0.012281,0
6.386111,-0.355000,-0.011615,0
6.388889,-0.360000,-0.012416,0
6.391667,-0.365000,-0.014238,0
6.394444,-0.375000,-0.016006,0
6.397222,-0.370000,-0.016677,0
6.400000,-0.365000,-0.015750,0
6.402778,-0.360000,-0.013335,0
6.405556,-0.355000,-0.009872,0
6.408333,-0.360000,-0.005863,0
6.411111,-0.360000,-0.001843,0
6.413889,-0.350000,0.001503,0
6.416667,-0.340000,0.003402,0
6.419444,-0.345000,0.003348,0
6.422222,-0.345000,0.001481,0
6.425000,-0.355000,-0.001355,0
6.427778,-0.360000,-0.004005,0
6.430556,-0.360000,-0.005588,0
6.433333,-0.365000,-0.005930,0
6.436111,-0.345000,-0.005540,0
6.438889,-0.355000,-0.005123,0
6.441667,-0.350000,-0.004973,0
6.444444,-0.360000,-0.004686,0
6.447222,-0.355000,-0.003370,0
6.450000,-0.360000,-0.000169,0
6.452778,-0.345000,0.005257,0
6.455556,-0.335000,0.012572,0
6.458333,-0.330000,0.020936,0
6.461111,-0.330000,0.029309,0
6.463889,-0.310000,0.036720,0
6.466667,-0.305000,0.042552,0
6.469444,-0.300000,0.046841,0
6.472222,-0.305000,0.050372,0
6.475000,-0.295000,0.054373,0
6.477778,-0.305000,0.059914,0
6.480556,-0.285000,0.067300,0
6.483333,-0.275000,0.075857,0
6.486111,-0.265000,0.084220,0
6.488889,-0.255000,0.090972,0
6.491667,-0.255000,0.095211,0
6.494444,-0.260000,0.096745,0
6.497222,-0.265000,0.095890,0
6.500000,-0.255000,0.093166,0
6.502778,-0.255000,0.089221,0
6.505556,-0.260000,0.084956,0
6.508333,-0.280000,0.081442,0
6.511111,-0.290000,0.079362,0
6.513889,-0.280000,0.078351,0
6.516667,-0.270000,0.076993,0
6.519444,-0.255000,0.073803,0
6.522222,-0.275000,0.068567,0
6.525000,-0.290000,0.062921,0
6.527778,-0.320000,0.059513,0
6.530556,-0.300000,0.060258,0
6.533333,-0.295000,0.064952,0
6.536111,-0.270000,0.071248,0
6.538889,-0.265000,0.075883,0
6.541667,-0.270000,0.076265,0
6.544444,-0.285000,0.071426,0
6.547222,-0.300000,0.061949,0
6.550000,-0.310000,0.049236,0
6.552778,-0.315000,0.034828,0
6.555556,-0.320000,0.020202,0
6.558333,-0.350000,0.006842,0
6.561111,-0.370000,-0.003880,0
6.563889,-0.365000,-0.011134,0
6.566667,-0.365000,-0.014958,0
6.569444,-0.365000,-0.016125,0
6.572222,-0.370000,-0.015724,0
6.575000,-0.370000,-0.014845,0
6.577778,-0.370000,-0.014515,0
6.580556,-0.380000,-0.015715,0
6.583333,-0.360000,-0.019225,0
6.586111,-0.375000,-0.025205,0
6.588889,-0.375000,-0.032769,0
6.591667,-0.400000,-0.040061,0
6.594444,-0.420000,-0.045092,0
6.597222,-0.405000,-0.046878,0
6.600000,-0.400000,-0.046030,0
6.602778,-0.385000,-0.044257,0
6.605556,-0.380000,-0.043138,0
6.608333,-0.400000,-0.043149,0
6.611111,-0.415000,-0.043697,0
6.613889,-0.405000,-0.044037,0
6.616667,-0.395000,-0.044193,0
6.619444,-0.395000,-0.045114,0
6.622222,-0.395000,-0.048167,0
6.625000,-0.410000,-0.054555,0
6.627778,-0.430000,-0.065131,0
6.630556,-0.440000,-0.080556,0
6.633333,-0.455000,-0.101318,0
6.636111,-0.490000,-0.127234,0
6.638889,-0.485000,-0.156400,0
6.641667,-0.520000,-0.184062,0
6.644444,-0.570000,-0.202235,0
6.647222,-0.575000,-0.200687,0
6.650000,-0.525000,-0.168872,0
6.652778,-0.420000,-0.097669,0
6.655556,-0.305000,0.019442,0
6.658333,-0.190000,0.184708,0
6.661111,-0.020000,0.392903,0
6.663889,0.220000,0.627590,0
6.666667,0.485000,0.859836,0
6.669444,0.715000,1.051951,0
6.672222,0.845000,1.166212,0
6.675000,0.885000,1.175782,1
6.677778,0.790000,1.073873,0
6.680556,0.560000,0.877473,0
6.683333,0.225000,0.623533,0
6.686111,-0.070000,0.358367,0
6.688889,-0.285000,0.124372,0
6.691667,-0.425000,-0.050401,0
6.694444,-0.500000,-0.156289,0
6.697222,-0.550000,-0.199780,0
6.700000,-0.535000,-0.197572,0
6.702778,-0.500000,-0.169734,0
6.705556,-0.465000,-0.133939,0
6.708333,-0.450000,-0.101963,0
6.711111,-0.450000,-0.078987,0
6.713889,-0.435000,-0.065240,0
6.716667,-0.420000,-0.058574,0
6.719444,-0.410000,-0.056514,0
6.722222,-0.410000,-0.057190,0
6.725000,-0.415000,-0.059433,0
6.727778,-0.420000,-0.062592,0
6.730556,-0.425000,-0.066367,0
6.733333,-0.420000,-0.070634,0
6.736111,-0.430000,-0.075196,0
6.738889,-0.430000,-0.079570,0
6.741667,-0.440000,-0.083005,0
6.744444,-0.450000,-0.084833,0
6.747222,-0.450000,-0.084936,0
6.750000,-0.430000,-0.083928,0
6.752778,-0.430000,-0.082748,0
6.755556,-0.430000,-0.081961,0
6.758333,-0.445000,-0.081412,0
6.761111,-0.445000,-0.080547,0
6.763889,-0.440000,-0.079084,0
6.766667,-0.425000,-0.077371,0
6.769444,-0.430000,-0.076154,0
6.772222,-0.430000,-0.076030,0
6.775000,-0.425000,-0.077054,0
6.777778,-0.445000,-0.078764,0
6.780556,-0.445000,-0.080551,0
6.783333,-0.430000,-0.082037,0
6.786111,-0.435000,-0.083110,0
6.788889,-0.435000,-0.083657,0
6.791667,-0.445000,-0.083409,0
6.794444,-0.445000,-0.082134,0
6.797222,-0.435000,-0.079954,0
6.800000,-0.430000,-0.077406,0
6.802778,-0.425000,-0.075152,0
6.805556,-0.430000,-0.073601,0
6.808333,-0.430000,-0.072796,0
6.811111,-0.440000,-0.072608,0
6.813889,-0.420000,-0.072977,0
6.816667,-0.430000,-0.073906,0
6.819444,-0.425000,-0.075221,0
6.822222,-0.430000,-0.076393,0
6.825000,-0.440000,-0.076721,0
6.827778,-0.440000,-0.075821,0
6.830556,-0.430000,-0.074066,0
6.833333,-0.430000,-0.072565,0
6.836111,-0.415000,-0.072580,0
6.838889,-0.425000,-0.074698,0
6.841667,-0.430000,-0.078368,0
6.844444,-0.455000,-0.082178,0
6.847222,-0.445000,-0.084727,0
6.850000,-0.445000,-0.085422,0
6.852778,-0.430000,-0.084588,0
6.855556,-0.430000,-0.082918,0
6.858333,-0.440000,-0.080834,0
6.861111,-0.440000,-0.078335,0
6.863889,-0.435000,-0.075319,0
6.866667,-0.430000,-0.071942,0
6.869444,-0.415000,-0.068613,0
6.872222,-0.415000,-0.065668,0
6.875000,-0.425000,-0.063130,0
6.877778,-0.425000,-0.060858,0
6.880556,-0.420000,-0.058938,0
6.883333,-0.405000,-0.057811,0
6.886111,-0.405000,-0.057910,0
6.888889,-0.415000,-0.059112,0
6.891667,-0.415000,-0.060588,0
6.894444,-0.425000,-0.061224,0
6.897222,-0.430000,-0.060346,0
6.900000,-0.405000,-0.058187,0
6.902778,-0.405000,-0.055727,0
6.905556,-0.405000,-0.054034,0
6.908333,-0.405000,-0.053723,0
6.911111,-0.430000,-0.054956,0
6.913889,-0.415000,-0.057845,0
6.916667,-0.410000,-0.062671,0
6.919444,-0.415000,-0.069557,0
6.922222,-0.430000,-0.077932,0
6.925000,-0.445000,-0.086452,0
6.927778,-0.465000,-0.093623,0
6.930556,-0.460000,-0.098711,0
6.933333,-0.450000,-0.102173,0
6.936111,-0.455000,-0.105278,0
6.938889,-0.460000,-0.109229,0
6.941667,-0.465000,-0.114482,0
6.944444,-0.485000,-0.120671,0
6.947222,-0.495000,-0.127049,0
6.950000,-0.475000,-0.132980,0
6.952778,-0.490000,-0.138036,0
6.955556,-0.500000,-0.141816,0
6.958333,-0.495000,-0.143890,0
6.961111,-0.515000,-0.144081,0
6.963889,-0.500000,-0.142781,0
6.966667,-0.485000,-0.140903,0
6.969444,-0.490000,-0.139338,0
6.972222,-0.485000,-0.138297,0
6.975000,-0.500000,-0.137139,0
6.977778,-0.500000,-0.134861,0
6.980556,-0.490000,-0.130869,0
6.983333,-0.480000,-0.125369,0
6.986111,-0.460000,-0.119073,0
6.988889,-0.460000,-0.112515,0
6.991667,-0.470000,-0.105629,0
6.994444,-0.465000,-0.098000,0
6.997222,-0.440000,-0.089421,0
7.000000,-0.430000,-0.080150,0
7.002778,-0.425000,-0.070646,0
7.005556,-0.410000,-0.061158,0
7.008333,-0.410000,-0.051580,0
7.011111,-0.400000,-0.041654,0
7.013889,-0.390000,-0.031344,0
7.016667,-0.380000,-0.021059,0
7.019444,-0.355000,-0.011501,0
7.022222,-0.350000,-0.003190,0
7.025000,-0.355000,0.003937,0
7.027778,-0.350000,0.010455,0
7.030556,-0.340000,0.016972,0
7.033333,-0.330000,0.023687,0
7.036111,-0.325000,0.030324,0
7.038889,-0.305000,0.036402,0
7.041667,-0.320000,0.041529,0
7.044444,-0.315000,0.045475,0
7.047222,-0.305000,0.048025,0
7.050000,-0.300000,0.048931,0
7.052778,-0.305000,0.048105,0
7.055556,-0.305000,0.045852,0
7.058333,-0.310000,0.042860,0
7.061111,-0.330000,0.039894,0
7.063889,-0.310000,0.037415,0
7.066667,-0.315000,0.035474,0
7.069444,-0.315000,0.033973,0
7.072222,-0.320000,0.032979,0
7.075000,-0.325000,0.032749,0
7.077778,-0.325000,0.033420,0
7.080556,-0.325000,0.034686,0
7.083333,-0.310000,0.035788,0
7.086111,-0.310000,0.035938,0
7.088889,-0.315000,0.034858,0
7.091667,-0.325000,0.032977,0
7.094444,-0.330000,0.031079,0
7.097222,-0.325000,0.029734,0
7.100000,-0.325000,0.028972,0
7.102778,-0.315000,0.028454,0
7.105556,-0.320000,0.027916,0
7.108333,-0.330000,0.027446,0
7.111111,-0.335000,0.027311,0
7.113889,-0.330000,0.027538,0
7.116667,-0.315000,0.027762,0
7.119444,-0.320000,0.027549,0
7.122222,-0.320000,0.026881,0
7.125000,-0.335000,0.026253,0
7.127778,-0.335000,0.026232,0
7.130556,-0.325000,0.026869,0
7.133333,-0.325000,0.027503,0
7.136111,-0.320000,0.027120,0
7.138889,-0.320000,0.025006,0
7.141667,-0.325000,0.021223,0
7.144444,-0.350000,0.016567,0
7.147222,-0.345000,0.012024,0
7.150000,-0.345000,0.008186,0
7.152778,-0.335000,0.005151,0
7.155556,-0.345000,0.002898,0
7.158333,-0.355000,0.001622,0
7.161111,-0.355000,0.001635,0
7.163889,-0.355000,0.002959,0
7.166667,-0.345000,0.005093,0
7.169444,-0.335000,0.007240,0
7.172222,-0.335000,0.008843,0
7.175000,-0.345000,0.009921,0
7.177778,-0.355000,0.010861,0
7.180556,-0.340000,0.011852,0
7.183333,-0.335000,0.012583,0
7.186111,-0.330000,0.012517,0
7.188889,-0.335000,0.011454,0
7.191667,-0.345000,0.009815,0
7.194444,-0.350000,0.008362,0
7.197222,-0.350000,0.007616,0
7.200000,-0.340000,0.007500,0
7.202778,-0.335000,0.007517,0
7.205556,-0.330000,0.007273,0
7.208333,-0.360000,0.006774,0
7.211111,-0.355000,0.006145,0
7.213889,-0.345000,0.005142,0
7.216667,-0.335000,0.003142,0
7.219444,-0.345000,-0.000256,0
7.222222,-0.350000,-0.004590,0
7.225000,-0.360000,-0.008540,0
7.227778,-0.380000,-0.010658,0
7.230556,-0.370000,-0.010348,0
7.233333,-0.345000,-0.008290,0
7.236111,-0.345000,-0.005898,0
7.238889,-0.350000,-0.004294,0
7.241667,-0.355000,-0.003687,0
7.244444,-0.365000,-0.003584,0
7.247222,-0.360000,-0.003486,0
7.250000,-0.345000,-0.003350,0
7.252778,-0.345000,-0.003449,0
7.255556,-0.350000,-0.003882,0
7.258333,-0.360000,-0.004331,0
7.261111,-0.360000,-0.004304,0
7.263889,-0.350000,-0.003568,0
7.266667,-0.355000,-0.002345,0
7.269444,-0.340000,-0.001100,0
7.272222,-0.345000,-0.000180,0
7.275000,-0.355000,0.000364,0
7.277778,-0.355000,0.000581,0
7.280556,-0.355000,0.000289,0
7.283333,-0.340000,-0.000924,0
7.286111,-0.340000,-0.003186,0
7.288889,-0.345000,-0.005718,0
7.291667,-0.365000,-0.006798,0
7.294444,-0.370000,-0.004588,0
7.297222,-0.350000,0.001725,0
7.300000,-0.330000,0.011368,0
7.302778,-0.320000,0.022422,0
7.305556,-0.315000,0.032843,0
7.308333,-0.295000,0.041355,0
7.311111,-0.305000,0.047818,0
7.313889,-0.295000,0.053003,0
7.316667,-0.300000,0.057956,0
7.319444,-0.285000,0.063335,0
7.322222,-0.275000,0.069160,0
7.325000,-0.260000,0.075035,0
7.327778,-0.275000,0.080547,0
7.330556,-0.265000,0.085418,0
7.333333,-0.260000,0.089379,0
7.336111,-0.250000,0.092098,0
7.338889,-0.245000,0.093365,0
7.341667,-0.255000,0.093297,0
7.344444,-0.265000,0.092246,0
7.347222,-0.260000,0.090409,0
7.350000,-0.260000,0.087581,0
7.352778,-0.250000,0.083417,0
7.355556,-0.260000,0.078070,0
7.358333,-0.280000,0.072602,0
7.361111,-0.280000,0.068753,0
7.363889,-0.275000,0.068157,0
7.366667,-0.285000,0.071499,0
7.369444,-0.280000,0.077938,0
7.372222,-0.255000,0.085122,0
7.375000,-0.245000,0.089937,0
7.377778,-0.245000,0.089791,0
7.380556,-0.260000,0.083653,0
7.383333,-0.285000,0.072241,0
7.386111,-0.290000,0.057386,0
7.388889,-0.300000,0.041185,0
7.391667,-0.320000,0.025446,0
7.394444,-0.335000,0.011452,0
7.397222,-0.355000,-0.000169,0
7.400000,-0.350000,-0.009443,0
7.402778,-0.355000,-0.016756,0
7.405556,-0.355000,-0.022326,0
7.408333,-0.375000,-0.025885,0
7.411111,-0.385000,-0.026963,0
7.413889,-0.380000,-0.025594,0
7.416667,-0.360000,-0.022740,0
7.419444,-0.350000,-0.019923,0
7.422222,-0.360000,-0.018339,0
7.425000,-0.365000,-0.018279,0
7.427778,-0.370000,-0.019264,0
7.430556,-0.370000,-0.020665,0
7.433333,-0.365000,-0.022194,0
7.436111,-0.360000,-0.023912,0
7.438889,-0.365000,-0.025882,0
7.441667,-0.370000,-0.027886,0
7.444444,-0.385000,-0.029563,0
7.447222,-0.385000,-0.030838,0
7.450000,-0.365000,-0.032144,0
7.452778,-0.360000,-0.034034,0
7.455556,-0.380000,-0.036514,0
7.458333,-0.385000,-0.038868,0
7.461111,-0.395000,-0.040335,0
7.463889,-0.395000,-0.041129,0
7.466667,-0.385000,-0.042996,0
7.469444,-0.380000,-0.048800,0
7.472222,-0.395000,-0.061343,0
7.475000,-0.425000,-0.082169,0
7.477778,-0.465000,-0.110993,0
7.480556,-0.500000,-0.145721,0
7.483333,-0.515000,-0.182430,0
7.486111,-0.530000,-0.214805,0
7.488889,-0.560000,-0.233469,0
7.491667,-0.585000,-0.226306,0
7.494444,-0.530000,-0.180418,0
7.497222,-0.410000,-0.085127,0
7.500000,-0.255000,0.064951,0
7.502778,-0.105000,0.266895,0
7.505556,0.105000,0.506304,0
7.508333,0.355000,0.755092,0
7.511111,0.600000,0.972958,0
7.513889,0.810000,1.114782,0
7.516667,0.890000,1.143392,1
7.519444,0.830000,1.043615,0
7.522222,0.580000,0.831276,0
7.525000,0.185000,0.551537,0
7.527778,-0.205000,0.265276,0
7.530556,-0.450000,0.028584,0
7.533333,-0.525000,-0.125064,0
7.536111,-0.495000,-0.191691,0
7.538889,-0.465000,-0.191102,0
7.541667,-0.435000,-0.153747,0
7.544444,-0.415000,-0.107778,0
7.547222,-0.415000,-0.071466,0
7.550000,-0.415000,-0.051935,0
7.552778,-0.400000,-0.048083,0
7.555556,-0.395000,-0.054674,0
7.558333,-0.405000,-0.065589,0
7.561111,-0.425000,-0.075802,0
7.563889,-0.435000,-0.082399,0
7.566667,-0.415000,-0.084819,0
7.569444,-0.415000,-0.084234,0
7.572222,-0.415000,-0.082369,0
7.575000,-0.415000,-0.080485,0
7.577778,-0.430000,-0.079045,0
7.580556,-0.420000,-0.077996,0
7.583333,-0.410000,-0.077150,0
7.586111,-0.405000,-0.076261,0
7.588889,-0.420000,-0.074910,0
7.591667,-0.410000,-0.072611,0
7.594444,-0.420000,-0.069191,0
7.597222,-0.400000,-0.065112,0
7.600000,-0.395000,-0.061357,0
7.602778,-0.385000,-0.058880,0
7.605556,-0.400000,-0.058049,0
7.608333,-0.400000,-0.058535,0
7.611111,-0.400000,-0.059672,0
7.613889,-0.400000,-0.060919,0
7.616667,-0.395000,-0.062050,0
7.619444,-0.400000,-0.063058,0
7.622222,-0.400000,-0.063957,0
7.625000,-0.400000,-0.064692,0
7.627778,-0.410000,-0.065196,0
7.630556,-0.395000,-0.065511,0
7.633333,-0.410000,-0.065840,0
7.636111,-0.400000,-0.066447,0
7.638889,-0.395000,-0.067447,0
7.641667,-0.405000,-0.068619,0
7.644444,-0.410000,-0.069459,0
7.647222,-0.415000,-0.069557,0
7.650000,-0.405000,-0.069006,0
7.652778,-0.400000,-0.068440,0
7.655556,-0.395000,-0.068586,0
7.658333,-0.405000,-0.069727,0
7.661111,-0.415000,-0.071515,0
7.663889,-0.405000,-0.073241,0
7.666667,-0.415000,-0.074273,0
7.669444,-0.410000,-0.074341,0
7.672222,-0.405000,-0.073559,0
7.675000,-0.405000,-0.072259,0
7.677778,-0.410000,-0.070792,0
7.680556,-0.405000,-0.069428,0
7.683333,-0.400000,-0.068309,0
7.686111,-0.395000,-0.067378,0
7.688889,-0.405000,-0.066347,0
7.691667,-0.405000,-0.064891,0
7.694444,-0.400000,-0.063001,0
7.697222,-0.395000,-0.061185,0
7.700000,-0.390000,-0.060293,0
7.702778,-0.395000,-0.061055,0
7.705556,-0.390000,-0.063610,0
7.708333,-0.395000,-0.067329,0
7.711111,-0.420000,-0.071072,0
7.713889,-0.415000,-0.073826,0
7.716667,-0.405000,-0.075257,0
7.719444,-0.400000,-0.075690,0
7.722222,-0.400000,-0.075588,0
7.725000,-0.415000,-0.075134,0
7.727778,-0.420000,-0.074363,0
7.730556,-0.410000,-0.073599,0
7.733333,-0.395000,-0.073569,0
7.736111,-0.400000,-0.074911,0
7.738889,-0.405000,-0.077529,0
7.741667,-0.415000,-0.080469,0
7.744444,-0.435000,-0.082527,0
7.747222,-0.415000,-0.083131,0
7.750000,-0.415000,-0.082755,0
7.752778,-0.400000,-0.082463,0
7.755556,-0.405000,-0.082993,0
7.758333,-0.420000,-0.084163,0
7.761111,-0.430000,-0.085118,0
7.763889,-0.425000,-0.085170,0
7.766667,-0.410000,-0.084423,0
7.769444,-0.410000,-0.083655,0
7.772222,-0.405000,-0.083622,0
7.775000,-0.415000,-0.084454,0
7.777778,-0.425000,-0.085634,0
7.780556,-0.425000,-0.086535,0
7.783333,-0.420000,-0.086991,0
7.786111,-0.410000,-0.087386,0
7.788889,-0.410000,-0.088204,0
7.791667,-0.420000,-0.089483,0
7.794444,-0.430000,-0.090701,0
7.797222,-0.425000,-0.091137,0
7.800000,-0.420000,-0.090270,0
7.802778,-0.405000,-0.087822,0
7.805556,-0.415000,-0.083524,0
7.808333,-0.410000,-0.077048,0
7.811111,-0.410000,-0.068300,0
7.813889,-0.385000,-0.057791,0
7.816667,-0.370000,-0.046603,0
7.819444,-0.360000,-0.035880,0
7.822222,-0.350000,-0.026241,0
7.825000,-0.350000,-0.017611,0
7.827778,-0.350000,-0.009586,0
7.830556,-0.335000,-0.002026,0
7.833333,-0.320000,0.004676,0
7.836111,-0.305000,0.009921,0
7.838889,-0.315000,0.013523,0
7.841667,-0.315000,0.015996,0
7.844444,-0.320000,0.018248,0
7.847222,-0.305000,0.020986,0
7.850000,-0.305000,0.024378,0
7.852778,-0.295000,0.028147,0
7.855556,-0.290000,0.031934,0
7.858333,-0.295000,0.035568,0
7.861111,-0.295000,0.039036,0
7.863889,-0.285000,0.042232,0
7.866667,-0.285000,0.044818,0
7.869444,-0.270000,0.046374,0
7.872222,-0.280000,0.046736,0
7.875000,-0.280000,0.046159,0
7.877778,-0.295000,0.045111,0
7.880556,-0.280000,0.043868,0
7.883333,-0.285000,0.042337,0
7.886111,-0.275000,0.040311,0
7.888889,-0.285000,0.037890,0
7.891667,-0.295000,0.035616,0
7.894444,-0.305000,0.034105,0
7.897222,-0.295000,0.033481,0
7.900000,-0.285000,0.033207,0
7.902778,-0.285000,0.032526,0
7.905556,-0.290000,0.031132,0
7.908333,-0.300000,0.029426,0
7.911111,-0.310000,0.028153,0
7.913889,-0.295000,0.027753,0
7.916667,-0.300000,0.028007,0
7.919444,-0.290000,0.028247,0
7.922222,-0.285000,0.027904,0
7.925000,-0.305000,0.026903,0
7.927778,-0.310000,0.025568,0
7.930556,-0.300000,0.024172,0
7.933333,-0.295000,0.022658,0
7.936111,-0.305000,0.020797,0
7.938889,-0.300000,0.018540,0
7.941667,-0.305000,0.016182,0
7.944444,-0.320000,0.014176,0
7.947222,-0.320000,0.012710,0
7.950000,-0.310000,0.011432,0
7.952778,-0.300000,0.009686,0
7.955556,-0.310000,0.007151,0
7.958333,-0.320000,0.004253,0
7.961111,-0.340000,0.001851,0
7.963889,-0.330000,0.000463,0
7.966667,-0.310000,-0.000187,0
7.969444,-0.315000,-0.000835,0
7.972222,-0.325000,-0.001959,0
7.975000,-0.325000,-0.003432,0
7.977778,-0.345000,-0.004853,0
7.980556,-0.330000,-0.006100,0
7.983333,-0.320000,-0.007509,0
7.986111,-0.320000,-0.009426,0
7.988889,-0.335000,-0.011618,0
7.991667,-0.335000,-0.013211,0
7.994444,-0.355000,-0.013330,0
7.997222,-0.340000,-0.011922,0
8.000000,-0.320000,-0.009991,0
8.002778,-0.315000,-0.008937,0
8.005556,-0.330000,-0.009553,0
8.008333,-0.340000,-0.011570,0
8.011111,-0.340000,-0.014083,0
8.013889,-0.350000,-0.016359,0
8.016667,-0.330000,-0.018283,0
8.019444,-0.330000,-0.020133,0
8.022222,-0.340000,-0.021999,0
8.025000,-0.350000,-0.023493,0
8.027778,-0.355000,-0.024059,0
8.030556,-0.345000,-0.023518,0
8.033333,-0.335000,-0.022253,0
8.036111,-0.335000,-0.020867,0
8.038889,-0.340000,-0.019688,0
8.041667,-0.340000,-0.018606,0
8.044444,-0.345000,-0.017334,0
8.047222,-0.335000,-0.015803,0
8.050000,-0.335000,-0.014308,0
8.052778,-0.325000,-0.013272,0
8.055556,-0.325000,-0.012836,0
8.058333,-0.335000,-0.012636,0
8.061111,-0.340000,-0.012055,0
8.063889,-0.340000,-0.010773,0
8.066667,-0.320000,-0.009101,0
8.069444,-0.315000,-0.007701,0
8.072222,-0.320000,-0.006961,0
8.075000,-0.335000,-0.006672,0
8.077778,-0.335000,-0.006358,0
8.080556,-0.320000,-0.005849,0
8.083333,-0.325000,-0.005488,0
8.086111,-0.315000,-0.005775,0
8.088889,-0.320000,-0.006825,0
8.091667,-0.320000,-0.008103,0
8.094444,-0.345000,-0.008734,0
8.097222,-0.335000,-0.008229,0
8.100000,-0.320000,-0.007000,0
8.102778,-0.310000,-0.006101,0
8.105556,-0.320000,-0.006356,0
8.108333,-0.320000,-0.007648,0
8.111111,-0.340000,-0.008946,0
8.113889,-0.330000,-0.008942,0
8.116667,-0.320000,-0.006702,0
8.119444,-0.310000,-0.001844,0
8.122222,-0.310000,0.005642,0
8.125000,-0.310000,0.015488,0
8.127778,-0.295000,0.026965,0
8.130556,-0.280000,0.038743,0
8.133333,-0.255000,0.049211,0
8.136111,-0.250000,0.057232,0
8.138889,-0.250000,0.062789,0
8.141667,-0.255000,0.066953,0
8.144444,-0.260000,0.071127,0
8.147222,-0.240000,0.076123,0
8.150000,-0.220000,0.081771,0
8.152778,-0.230000,0.087230,0
8.155556,-0.230000,0.091528,0
8.158333,-0.215000,0.093890,0
8.161111,-0.220000,0.093880,0
8.163889,-0.225000,0.091484,0
8.166667,-0.230000,0.087117,0
8.169444,-0.230000,0.081537,0
8.172222,-0.235000,0.075759,0
8.175000,-0.245000,0.070943,0
8.177778,-0.255000,0.068178,0
8.180556,-0.240000,0.068192,0
8.183333,-0.235000,0.071190,0
8.186111,-0.245000,0.076818,0
8.188889,-0.235000,0.084056,0
8.191667,-0.230000,0.091064,0
8.194444,-0.220000,0.095362,0
8.197222,-0.195000,0.094612,0
8.200000,-0.220000,0.087701,0
8.202778,-0.245000,0.075369,0
8.205556,-0.260000,0.059830,0
8.208333,-0.270000,0.043689,0
8.211111,-0.290000,0.028914,0
8.213889,-0.300000,0.016327,0
8.216667,-0.305000,0.005700,0
8.219444,-0.305000,-0.003663,0
8.222222,-0.320000,-0.012178,0
8.225000,-0.330000,-0.019559,0
8.227778,-0.350000,-0.025053,0
8.230556,-0.350000,-0.028150,0
8.233333,-0.335000,-0.029140,0
8.236111,-0.335000,-0.029023,0
8.238889,-0.335000,-0.028884,0
8.241667,-0.340000,-0.029325,0
8.244444,-0.350000,-0.030398,0
8.247222,-0.350000,-0.031951,0
8.250000,-0.345000,-0.033974,0
8.252778,-0.335000,-0.036520,0
8.255556,-0.345000,-0.039299,0
8.258333,-0.355000,-0.041466,0
8.261111,-0.370000,-0.041987,0
8.263889,-0.350000,-0.040353,0
8.266667,-0.345000,-0.036977,0
8.269444,-0.335000,-0.032935,0
8.272222,-0.335000,-0.029375,0
8.275000,-0.335000,-0.027184,0
8.277778,-0.355000,-0.027260,0
8.280556,-0.355000,-0.031128,0
8.283333,-0.345000,-0.041186,0
8.286111,-0.355000,-0.060018,0
8.288889,-0.395000,-0.088980,0
8.291667,-0.450000,-0.126948,0
8.294444,-0.480000,-0.169739,0
8.297222,-0.505000,-0.209928,0
8.300000,-0.525000,-0.236762,0
8.302778,-0.545000,-0.236576,0
8.305556,-0.500000,-0.194454,0
8.308333,-0.395000,-0.097403,0
8.311111,-0.255000,0.061371,0
8.313889,-0.070000,0.277703,0
8.316667,0.145000,0.532324,0
8.319444,0.425000,0.789523,0
8.322222,0.685000,1.001406,0
8.325000,0.875000,1.119054,1
8.327778,0.925000,1.108317,0
8.330556,0.795000,0.964346,0
8.333333,0.470000,0.717520,0
8.336111,0.020000,0.425857,0
8.338889,-0.325000,0.155328,0
8.341667,-0.470000,-0.043311,0
8.344444,-0.485000,-0.149818,0
8.347222,-0.410000,-0.175183,0
8.350000,-0.365000,-0.149721,0
8.352778,-0.355000,-0.106714,0
8.355556,-0.365000,-0.070070,0
8.358333,-0.380000,-0.050055,0
8.361111,-0.385000,-0.045959,0
8.363889,-0.380000,-0.051771,0
8.366667,-0.370000,-0.061126,0
8.369444,-0.370000,-0.069775,0
8.372222,-0.375000,-0.075811,0
8.375000,-0.385000,-0.078912,0
8.377778,-0.395000,-0.079634,0
8.380556,-0.385000,-0.079052,0
8.383333,-0.380000,-0.078479,0
8.386111,-0.385000,-0.078995,0
8.388889,-0.375000,-0.080958,0
8.391667,-0.390000,-0.083798,0
8.394444,-0.405000,-0.086391,0
8.397222,-0.405000,-0.087829,0
8.400000,-0.390000,-0.088068,0
8.402778,-0.385000,-0.087841,0
8.405556,-0.385000,-0.087942,0
8.408333,-0.390000,-0.088541,0
8.411111,-0.410000,-0.089137,0
8.413889,-0.400000,-0.089110,0
8.416667,-0.390000,-0.088301,0
8.419444,-0.385000,-0.087043,0
8.422222,-0.385000,-0.085720,0
8.425000,-0.395000,-0.084413,0
8.427778,-0.390000,-0.082969,0
8.430556,-0.395000,-0.081361,0
8.433333,-0.380000,-0.079913,0
8.436111,-0.375000,-0.079113,0
8.438889,-0.380000,-0.079175,0
8.441667,-0.385000,-0.079800,0
8.444444,-0.400000,-0.080429,0
8.447222,-0.385000,-0.080757,0
8.450000,-0.380000,-0.080945,0
8.452778,-0.375000,-0.081298,0
8.455556,-0.380000,-0.081730,0
8.458333,-0.395000,-0.081644,0
8.461111,-0.395000,-0.080436,0
8.463889,-0.385000,-0.078179,0
8.466667,-0.375000,-0.075805,0
8.469444,-0.370000,-0.074562,0
8.472222,-0.365000,-0.075116,0
8.475000,-0.385000,-0.077020,0
8.477778,-0.395000,-0.078985,0
8.480556,-0.385000,-0.079733,0
8.483333,-0.385000,-0.078753,0
8.486111,-0.370000,-0.076401,0
8.488889,-0.375000,-0.073462,0
8.491667,-0.370000,-0.070614,0
8.494444,-0.375000,-0.068215,0
8.497222,-0.375000,-0.066430,0
8.500000,-0.370000,-0.065458,0
8.502778,-0.355000,-0.065508,0
8.505556,-0.365000,-0.066535,0
8.508333,-0.380000,-0.068091,0
8.511111,-0.375000,-0.069569,0
8.513889,-0.370000,-0.070634,0
8.516667,-0.380000,-0.071419,0
8.519444,-0.365000,-0.072330,0
8.522222,-0.370000,-0.073642,0
8.525000,-0.375000,-0.075195,0
8.527778,-0.390000,-0.076470,0
8.530556,-0.380000,-0.077029,0
8.533333,-0.375000,-0.076889,0
8.536111,-0.380000,-0.076507,0
8.538889,-0.370000,-0.076415,0
8.541667,-0.375000,-0.076823,0
8.544444,-0.380000,-0.077474,0
8.547222,-0.385000,-0.077859,0
8.550000,-0.385000,-0.077652,0
8.552778,-0.370000,-0.076979,0
8.555556,-0.375000,-0.076305,0
8.558333,-0.375000,-0.076091,0
8.561111,-0.380000,-0.076555,0
8.563889,-0.380000,-0.077694,0
8.566667,-0.380000,-0.079402,0
8.569444,-0.380000,-0.081507,0
8.572222,-0.375000,-0.083670,0
8.575000,-0.390000,-0.085356,0
8.577778,-0.395000,-0.086033,0
8.580556,-0.385000,-0.085543,0
8.583333,-0.385000,-0.084273,0
8.586111,-0.375000,-0.082906,0
8.588889,-0.375000,-0.081927,0
8.591667,-0.385000,-0.081311,0
8.594444,-0.385000,-0.080652,0
8.597222,-0.390000,-0.079596,0
8.600000,-0.370000,-0.078122,0
8.602778,-0.365000,-0.076331,0
8.605556,-0.365000,-0.073945,0
8.608333,-0.375000,-0.070148,0
8.611111,-0.385000,-0.064117,0
8.613889,-0.350000,-0.055855,0
8.616667,-0.345000,-0.046508,0
8.619444,-0.325000,-0.037823,0
8.622222,-0.325000,-0.031195,0
8.625000,-0.330000,-0.027018,0
8.627778,-0.325000,-0.024684,0
8.630556,-0.325000,-0.023043,0
8.633333,-0.315000,-0.020895,0
8.636111,-0.315000,-0.017292,0
8.638889,-0.315000,-0.011712,0
8.641667,-0.300000,-0.004189,0
8.644444,-0.300000,0.004598,0
8.647222,-0.285000,0.013439,0
8.650000,-0.270000,0.020983,0
8.652778,-0.265000,0.026312,0
8.655556,-0.260000,0.029402,0
8.658333,-0.275000,0.031052,0
8.661111,-0.285000,0.032189,0
8.663889,-0.265000,0.033045,0
8.666667,-0.255000,0.032973,0
8.669444,-0.250000,0.031155,0
8.672222,-0.270000,0.027542,0
8.675000,-0.280000,0.023165,0
8.677778,-0.285000,0.019541,0
8.680556,-0.285000,0.017751,0
8.683333,-0.280000,0.017878,0
8.686111,-0.270000,0.019143,0
8.688889,-0.270000,0.020547,0
8.691667,-0.270000,0.021518,0
8.694444,-0.285000,0.022078,0
8.697222,-0.280000,0.022473,0
8.700000,-0.275000,0.022688,0
8.702778,-0.270000,0.022340,0
8.705556,-0.265000,0.021059,0
8.708333,-0.275000,0.018956,0
8.711111,-0.290000,0.016696,0
8.713889,-0.285000,0.015059,0
8.716667,-0.285000,0.014418,0
8.719444,-0.275000,0.014604,0
8.722222,-0.270000,0.015249,0
8.725000,-0.280000,0.016178,0
8.727778,-0.295000,0.017396,0
8.730556,-0.280000,0.018677,0
8.733333,-0.270000,0.019304,0
8.736111,-0.270000,0.018393,0
8.738889,-0.275000,0.015546,0
8.741667,-0.285000,0.011223,0
8.744444,-0.300000,0.006507,0
8.747222,-0.295000,0.002492,0
8.750000,-0.290000,-0.000203,0
8.752778,-0.295000,-0.001487,0
8.755556,-0.300000,-0.001592,0
8.758333,-0.290000,-0.000901,0
8.761111,-0.305000,0.000067,0
8.763889,-0.295000,0.000625,0
8.766667,-0.290000,0.000022,0
8.769444,-0.295000,-0.002230,0
8.772222,-0.290000,-0.005972,0
8.775000,-0.310000,-0.010315,0
8.777778,-0.320000,-0.014060,0
8.780556,-0.315000,-0.016423,0
8.783333,-0.315000,-0.017494,0
8.786111,-0.300000,-0.018045,0
8.788889,-0.305000,-0.018820,0
8.791667,-0.315000,-0.019947,0
8.794444,-0.330000,-0.020965,0
8.797222,-0.320000,-0.021374,0
8.800000,-0.305000,-0.021086,0
8.802778,-0.315000,-0.020336,0
8.805556,-0.305000,-0.019286,0
8.808333,-0.315000,-0.017836,0
8.811111,-0.325000,-0.015876,0
8.813889,-0.310000,-0.013716,0
8.816667,-0.295000,-0.012165,0
8.819444,-0.300000,-0.012043,0
8.822222,-0.305000,-0.013536,0
8.825000,-0.310000,-0.015987,0
8.827778,-0.325000,-0.018334,0
8.830556,-0.315000,-0.019806,0
8.833333,-0.315000,-0.020353,0
8.836111,-0.305000,-0.020487,0
8.838889,-0.305000,-0.020739,0
8.841667,-0.325000,-0.021247,0
8.844444,-0.320000,-0.021831,0
8.847222,-0.320000,-0.022364,0
8.850000,-0.310000,-0.022917,0
8.852778,-0.305000,-0.023489,0
8.855556,-0.320000,-0.023645,0
8.858333,-0.320000,-0.022550,0
8.861111,-0.320000,-0.019512,0
8.863889,-0.310000,-0.014596,0
8.866667,-0.305000,-0.008841,0
8.869444,-0.290000,-0.003885,0
8.872222,-0.285000,-0.001193,0
8.875000,-0.290000,-0.001337,0
8.877778,-0.305000,-0.003813,0
8.880556,-0.310000,-0.007482,0
8.883333,-0.300000,-0.011228,0
8.886111,-0.300000,-0.014297,0
8.888889,-0.310000,-0.016251,0
8.891667,-0.315000,-0.016891,0
8.894444,-0.315000,-0.016363,0
8.897222,-0.310000,-0.015225,0
8.900000,-0.295000,-0.014153,0
8.902778,-0.300000,-0.013331,0
8.905556,-0.295000,-0.011988,0
8.908333,-0.315000,-0.008615,0
8.911111,-0.310000,-0.001913,0
8.913889,-0.290000,0.008175,0
8.916667,-0.265000,0.020196,0
8.919444,-0.240000,0.032005,0
8.922222,-0.255000,0.041998,0
8.925000,-0.240000,0.049827,0
8.927778,-0.250000,0.056194,0
8.930556,-0.225000,0.062152,0
8.933333,-0.225000,0.068515,0
8.936111,-0.215000,0.075647,0
8.938889,-0.210000,0.083487,0
8.941667,-0.200000,0.091588,0
8.944444,-0.195000,0.099146,0
8.947222,-0.195000,0.105046,0
8.950000,-0.180000,0.108072,0
8.952778,-0.175000,0.107365,0
8.955556,-0.180000,0.102971,0
8.958333,-0.205000,0.096051,0
8.961111,-0.215000,0.088427,0
8.963889,-0.210000,0.081805,0
8.966667,-0.210000,0.077281,0
8.969444,-0.210000,0.075435,0
8.972222,-0.210000,0.076614,0
8.975000,-0.215000,0.080911,0
8.977778,-0.225000,0.087638,0
8.980556,-0.210000,0.094741,0
8.983333,-0.180000,0.098954,0
8.986111,-0.170000,0.097102,0
8.988889,-0.185000,0.087881,0
8.991667,-0.240000,0.072672,0
8.994444,-0.255000,0.054688,0
8.997222,-0.255000,0.037172,0
9.000000,-0.270000,0.022102,0
9.002778,-0.275000,0.010065,0
9.005556,-0.285000,0.000881,0
9.008333,-0.300000,-0.005743,0
9.011111,-0.300000,-0.009981,0
9.013889,-0.315000,-0.012061,0
9.016667,-0.305000,-0.012537,0
9.019444,-0.300000,-0.012301,0
9.022222,-0.295000,-0.012201,0
9.025000,-0.300000,-0.012575,0
9.027778,-0.315000,-0.013145,0
9.030556,-0.310000,-0.013441,0
9.033333,-0.310000,-0.013378,0
9.036111,-0.300000,-0.013455,0
9.038889,-0.300000,-0.014429,0
9.041667,-0.305000,-0.016760,0
9.044444,-0.315000,-0.020308,0
9.047222,-0.325000,-0.024489,0
9.050000,-0.320000,-0.028664,0
9.052778,-0.320000,-0.032353,0
9.055556,-0.320000,-0.035146,0
9.058333,-0.325000,-0.036549,0
9.061111,-0.340000,-0.036176,0
9.063889,-0.335000,-0.034292,0
9.066667,-0.325000,-0.032282,0
9.069444,-0.315000,-0.032487,0
9.072222,-0.320000,-0.037438,0
9.075000,-0.345000,-0.049025,0
9.077778,-0.370000,-0.068156,0
9.080556,-0.395000,-0.094858,0
9.083333,-0.425000,-0.128218,0
9.086111,-0.445000,-0.165650,0
9.088889,-0.465000,-0.201586,0
9.091667,-0.510000,-0.226478,0
9.094444,-0.530000,-0.227209,0
9.097222,-0.485000,-0.189328,0
9.100000,-0.370000,-0.100446,0
9.102778,-0.235000,0.046025,0
9.105556,-0.090000,0.246885,0
9.108333,0.105000,0.485166,0
9.111111,0.375000,0.728233,0
9.113889,0.655000,0.931304,0
9.116667,0.820000,1.048075,1
9.119444,0.865000,1.045853,0
9.122222,0.735000,0.918997,0
9.125000,0.450000,0.694051,0
9.127778,0.060000,0.422869,0
9.130556,-0.270000,0.165426,0
9.133333,-0.430000,-0.030426,0
9.136111,-0.460000,-0.142882,0
9.138889,-0.415000,-0.177947,0
9.141667,-0.385000,-0.160263,0
9.144444,-0.365000,-0.119519,0
9.147222,-0.355000,-0.079393,0
9.150000,-0.355000,-0.052581,0
9.152778,-0.345000,-0.041466,0
9.155556,-0.350000,-0.041895,0
9.158333,-0.350000,-0.047484,0
9.161111,-0.360000,-0.052871,0
9.163889,-0.345000,-0.055302,0
9.166667,-0.340000,-0.054630,0
9.169444,-0.340000,-0.052231,0
9.172222,-0.335000,-0.049691,0
9.175000,-0.335000,-0.047941,0
9.177778,-0.355000,-0.047145,0
9.180556,-0.345000,-0.047180,0
9.183333,-0.340000,-0.048136,0
9.186111,-0.335000,-0.050320,0
9.188889,-0.340000,-0.053802,0
9.191667,-0.350000,-0.058013,0
9.194444,-0.365000,-0.061870,0
9.197222,-0.360000,-0.064368,0
9.200000,-0.365000,-0.065165,0
9.202778,-0.350000,-0.064689,0
9.205556,-0.345000,-0.063722,0
9.208333,-0.365000,-0.062850,0
9.211111,-0.360000,-0.062254,0
9.213889,-0.350000,-0.061834,0
9.216667,-0.355000,-0.061369,0
9.219444,-0.350000,-0.060524,0
9.222222,-0.355000,-0.058894,0
9.225000,-0.350000,-0.056216,0
9.227778,-0.360000,-0.052664,0
9.230556,-0.335000,-0.048983,0
9.233333,-0.335000,-0.046211,0
9.236111,-0.330000,-0.045087,0
9.238889,-0.340000,-0.045608,0
9.241667,-0.350000,-0.047130,0
9.244444,-0.350000,-0.048944,0
9.247222,-0.345000,-0.050790,0
9.250000,-0.335000,-0.052857,0
9.252778,-0.345000,-0.055316,0
9.255556,-0.355000,-0.057919,0
9.258333,-0.355000,-0.060087,0
9.261111,-0.370000,-0.061406,0
9.263889,-0.355000,-0.062070,0
9.266667,-0.350000,-0.062807,0
9.269444,-0.345000,-0.064263,0
9.272222,-0.365000,-0.066358,0
9.275000,-0.365000,-0.068184,0
9.277778,-0.370000,-0.068551,0
9.280556,-0.365000,-0.066703,0
9.283333,-0.355000,-0.062693,0
9.286111,-0.345000,-0.057254,0
9.288889,-0.345000,-0.051370,0
9.291667,-0.345000,-0.045941,0
9.294444,-0.340000,-0.041731,0
9.297222,-0.335000,-0.039411,0
9.300000,-0.325000,-0.039448,0
9.302778,-0.335000,-0.041841,0
9.305556,-0.345000,-0.045987,0
9.308333,-0.350000,-0.050888,0
9.311111,-0.350000,-0.055557,0
9.313889,-0.355000,-0.059306,0
9.316667,-0.355000,-0.061778,0
9.319444,-0.360000,-0.062840,0
9.322222,-0.350000,-0.062449,0
9.325000,-0.360000,-0.060642,0
9.327778,-0.365000,-0.057664,0
9.330556,-0.345000,-0.054136,0
9.333333,-0.345000,-0.050949,0
9.336111,-0.330000,-0.048830,0
9.338889,-0.350000,-0.047910,0
9.341667,-0.345000,-0.047774,0
9.344444,-0.355000,-0.047983,0
9.347222,-0.350000,-0.048636,0
9.350000,-0.340000,-0.050418,0
9.352778,-0.335000,-0.054006,0
9.355556,-0.350000,-0.059261,0
9.358333,-0.365000,-0.064967,0
9.361111,-0.380000,-0.069455,0
9.363889,-0.385000,-0.071707,0
9.366667,-0.355000,-0.072001,0
9.369444,-0.360000,-0.071535,0
9.372222,-0.355000,-0.071353,0
9.375000,-0.370000,-0.071556,0
9.377778,-0.385000,-0.071421,0
9.380556,-0.370000,-0.070232,0
9.383333,-0.370000,-0.067994,0
9.386111,-0.350000,-0.065386,0
9.388889,-0.345000,-0.063055,0
9.391667,-0.365000,-0.060959,0
9.394444,-0.365000,-0.058393,0
9.397222,-0.360000,-0.054654,0
9.400000,-0.345000,-0.049644,0
9.402778,-0.330000,-0.043823,0
9.405556,-0.330000,-0.037663,0
9.408333,-0.330000,-0.031213,0
9.411111,-0.335000,-0.024218,0
9.413889,-0.315000,-0.016634,0
9.416667,-0.310000,-0.008956,0
9.419444,-0.285000,-0.001980,0
9.422222,-0.290000,0.003804,0
9.425000,-0.290000,0.008612,0
9.427778,-0.300000,0.013155,0
9.430556,-0.280000,0.018007,0
9.433333,-0.275000,0.023173,0
9.436111,-0.260000,0.028227,0
9.438889,-0.260000,0.032799,0
9.441667,-0.270000,0.036868,0
9.444444,-0.265000,0.040576,0
9.447222,-0.255000,0.043833,0
9.450000,-0.250000,0.046204,0
9.452778,-0.245000,0.047236,0
9.455556,-0.245000,0.046945,0
9.458333,-0.255000,0.045990,0
9.461111,-0.265000,0.045305,0
9.463889,-0.260000,0.045407,0
9.466667,-0.255000,0.045938,0
9.469444,-0.240000,0.045875,0
9.472222,-0.250000,0.044287,0
9.475000,-0.255000,0.041000,0
9.477778,-0.275000,0.036647,0
9.480556,-0.275000,0.032125,0
9.483333,-0.265000,0.028047,0
9.486111,-0.270000,0.024647,0
9.488889,-0.275000,0.022081,0
9.491667,-0.280000,0.020630,0
9.494444,-0.290000,0.020527,0
9.497222,-0.280000,0.021593,0
9.500000,-0.275000,0.023095,0
9.502778,-0.270000,0.024059,0
9.505556,-0.270000,0.023831,0
9.508333,-0.280000,0.022439,0
9.511111,-0.290000,0.020476,0
9.513889,-0.280000,0.018635,0
9.516667,-0.285000,0.017345,0
9.519444,-0.275000,0.016726,0
9.522222,-0.290000,0.016765,0
9.525000,-0.280000,0.017402,0
9.527778,-0.290000,0.018441,0
9.530556,-0.280000,0.019416,0
9.533333,-0.285000,0.019610,0
9.536111,-0.275000,0.018326,0
9.538889,-0.280000,0.015259,0
9.541667,-0.295000,0.010729,0
9.544444,-0.305000,0.005505,0
9.547222,-0.300000,0.000399,0
9.550000,-0.300000,-0.004004,0
9.552778,-0.305000,-0.007301,0
9.555556,-0.315000,-0.009179,0
9.558333,-0.320000,-0.009544,0
9.561111,-0.310000,-0.008771,0
9.563889,-0.310000,-0.007717,0
9.566667,-0.300000,-0.007341,0
9.569444,-0.310000,-0.008166,0
9.572222,-0.310000,-0.009984,0
9.575000,-0.320000,-0.012023,0
9.577778,-0.325000,-0.013458,0
9.580556,-0.310000,-0.013890,0
9.583333,-0.320000,-0.013470,0
9.586111,-0.310000,-0.012652,0
9.588889,-0.310000,-0.011829,0
9.591667,-0.315000,-0.011133,0
9.594444,-0.325000,-0.010545,0
9.597222,-0.315000,-0.010183,0
9.600000,-0.305000,-0.010406,0
9.602778,-0.315000,-0.011530,0
9.605556,-0.310000,-0.013400,0
9.608333,-0.320000,-0.015252,0
9.611111,-0.325000,-0.016011,0
9.613889,-0.325000,-0.014890,0
9.616667,-0.320000,-0.011906,0
9.619444,-0.305000,-0.007940,0
9.622222,-0.305000,-0.004280,0
9.625000,-0.300000,-0.001977,0
9.627778,-0.315000,-0.001418,0
9.630556,-0.300000,-0.002329,0
9.633333,-0.310000,-0.004006,0
9.636111,-0.315000,-0.005605,0
9.638889,-0.305000,-0.006395,0
9.641667,-0.310000,-0.005955,0
9.644444,-0.320000,-0.004345,0
9.647222,-0.310000,-0.002211,0
9.650000,-0.300000,-0.000636,0
9.652778,-0.295000,-0.000600,0
9.655556,-0.300000,-0.002294,0
9.658333,-0.315000,-0.004906,0
9.661111,-0.325000,-0.007143,0
9.663889,-0.325000,-0.008150,0
9.666667,-0.305000,-0.008052,0
9.669444,-0.310000,-0.007610,0
9.672222,-0.290000,-0.007276,0
9.675000,-0.315000,-0.006463,0
9.677778,-0.325000,-0.003740,0
9.680556,-0.320000,0.002095,0
9.683333,-0.290000,0.010985,0
9.686111,-0.280000,0.021532,0
9.688889,-0.260000,0.031909,0
9.691667,-0.260000,0.040956,0
9.694444,-0.265000,0.048652,0
9.697222,-0.260000,0.055696,0
9.700000,-0.250000,0.062701,0
9.702778,-0.230000,0.069705,0
9.705556,-0.220000,0.076345,0
9.708333,-0.220000,0.082334,0
9.711111,-0.235000,0.087639,0
9.713889,-0.220000,0.092158,0
9.716667,-0.205000,0.095385,0
9.719444,-0.205000,0.096557,0
9.722222,-0.210000,0.095183,0
9.725000,-0.210000,0.091449,0
9.727778,-0.230000,0.086127,0
9.730556,-0.240000,0.080102,0
9.733333,-0.230000,0.073943,0
9.736111,-0.225000,0.067981,0
9.738889,-0.235000,0.062828,0
9.741667,-0.250000,0.059669,0
9.744444,-0.265000,0.059722,0
9.747222,-0.260000,0.063111,0
9.750000,-0.245000,0.068117,0
9.752778,-0.215000,0.071635,0
9.755556,-0.215000,0.070745,0
9.758333,-0.245000,0.064231,0
9.761111,-0.280000,0.052890,0
9.763889,-0.275000,0.038570,0
9.766667,-0.275000,0.023094,0
9.769444,-0.295000,0.007957,0
9.772222,-0.310000,-0.005377,0
9.775000,-0.325000,-0.015358,0
9.777778,-0.340000,-0.020774,0
9.780556,-0.340000,-0.021433,0
9.783333,-0.325000,-0.018530,0
9.786111,-0.315000,-0.014264,0
9.788889,-0.310000,-0.010866,0
9.791667,-0.315000,-0.009668,0
9.794444,-0.330000,-0.010828,0
9.797222,-0.330000,-0.013763,0
9.800000,-0.325000,-0.017793,0
9.802778,-0.325000,-0.022433,0
9.805556,-0.335000,-0.027281,0
9.808333,-0.345000,-0.031878,0
9.811111,-0.350000,-0.035810,0
9.813889,-0.350000,-0.038939,0
9.816667,-0.350000,-0.041446,0
9.819444,-0.345000,-0.043571,0
9.822222,-0.350000,-0.045262,0
9.825000,-0.365000,-0.046078,0
9.827778,-0.360000,-0.045521,0
9.830556,-0.350000,-0.043526,0
9.833333,-0.355000,-0.040720,0
9.836111,-0.345000,-0.038326,0
9.838889,-0.345000,-0.037870,0
9.841667,-0.350000,-0.040891,0
9.844444,-0.365000,-0.048811,0
9.847222,-0.380000,-0.062953,0
9.850000,-0.405000,-0.084469,0
9.852778,-0.425000,-0.113757,0
9.855556,-0.440000,-0.149175,0
9.858333,-0.470000,-0.185408,0
9.861111,-0.520000,-0.212501,0
9.863889,-0.540000,-0.216608,0
9.866667,-0.490000,-0.182579,0
9.869444,-0.390000,-0.097518,0
9.872222,-0.260000,0.045406,0
9.875000,-0.115000,0.242952,0
9.877778,0.085000,0.477976,0
9.880556,0.360000,0.717917,0
9.883333,0.615000,0.918632,0
9.886111,0.780000,1.034843,1
9.888889,0.835000,1.034668,0
9.891667,0.720000,0.912497,0
9.894444,0.410000,0.693871,0
9.897222,0.030000,0.428651,0
9.900000,-0.255000,0.174377,0
9.902778,-0.415000,-0.022728,0
9.905556,-0.470000,-0.140392,0
9.908333,-0.465000,-0.182061,0
9.911111,-0.435000,-0.169342,0
9.913889,-0.395000,-0.130349,0
9.916667,-0.375000,-0.089371,0
9.919444,-0.370000,-0.061053,0
9.922222,-0.375000,-0.049644,0
9.925000,-0.375000,-0.051839,0
9.927778,-0.390000,-0.060966,0
9.930556,-0.400000,-0.070657,0
9.933333,-0.380000,-0.076946,0
9.936111,-0.385000,-0.078620,0
9.938889,-0.385000,-0.076385,0
9.941667,-0.385000,-0.071807,0
9.944444,-0.385000,-0.066609,0
9.947222,-0.370000,-0.062297,0
9.950000,-0.370000,-0.059852,0
9.952778,-0.360000,-0.059424,0
9.955556,-0.380000,-0.060289,0
9.958333,-0.380000,-0.061287,0
9.961111,-0.385000,-0.061582,0
9.963889,-0.370000,-0.061214,0
9.966667,-0.370000,-0.060991,0
9.969444,-0.365000,-0.061832,0
9.972222,-0.375000,-0.064084,0
9.975000,-0.385000,-0.067318,0
9.977778,-0.390000,-0.070699,0
9.980556,-0.390000,-0.073574,0
9.983333,-0.385000,-0.075808,0
9.986111,-0.385000,-0.077650,0
9.988889,-0.395000,-0.079374,0
9.991667,-0.390000,-0.081032,0
9.994444,-0.400000,-0.082476,0
9.997222,-0.405000,-0.083566,0
10.000000,-0.390000,-0.084316,0
10.002778,-0.395000,-0.084790,0
10.005556,-0.390000,-0.084846,0
10.008333,-0.405000,-0.084081,0
10.011111,-0.405000,-0.082172,0
10.013889,-0.400000,-0.079359,0
10.016667,-0.375000,-0.076517,0
10.019444,-0.380000,-0.074638,0
10.022222,-0.390000,-0.074182,0
10.025000,-0.395000,-0.074918,0
10.027778,-0.395000,-0.076319,0
10.030556,-0.390000,-0.078031,0
10.033333,-0.390000,-0.079945,0
10.036111,-0.385000,-0.081935,0
10.038889,-0.405000,-0.083625,0
10.041667,-0.400000,-0.084501,0
10.044444,-0.405000,-0.084314,0
10.047222,-0.395000,-0.083357,0
10.050000,-0.390000,-0.082339,0
10.052778,-0.395000,-0.081943,0
10.055556,-0.390000,-0.082391,0
10.058333,-0.400000,-0.083355,0
10.061111,-0.405000,-0.084234,0
10.063889,-0.405000,-0.084601,0
10.066667,-0.390000,-0.084434,0
10.069444,-0.390000,-0.083898,0
10.072222,-0.395000,-0.082957,0
10.075000,-0.400000,-0.081264,0
10.077778,-0.400000,-0.078526,0
10.080556,-0.395000,-0.074996,0
10.083333,-0.380000,-0.071575,0
10.086111,-0.370000,-0.069327,0
10.088889,-0.380000,-0.068754,0
10.091667,-0.385000,-0.069450,0
10.094444,-0.395000,-0.070456,0
10.097222,-0.390000,-0.071004,0
10.100000,-0.380000,-0.071033,0
10.102778,-0.380000,-0.071123,0
10.105556,-0.385000,-0.072025,0
10.108333,-0.390000,-0.074245,0
10.111111,-0.390000,-0.077907,0
10.113889,-0.400000,-0.082821,0
10.116667,-0.400000,-0.088584,0
10.119444,-0.405000,-0.094642,0
10.122222,-0.415000,-0.100357,0
10.125000,-0.420000,-0.105172,0
10.127778,-0.430000,-0.108892,0
10.130556,-0.430000,-0.111905,0
10.133333,-0.425000,-0.115068,0
10.136111,-0.420000,-0.119144,0
10.138889,-0.430000,-0.124116,0
10.141667,-0.445000,-0.128947,0
10.144444,-0.465000,-0.132161,0
10.147222,-0.455000,-0.132883,0
10.150000,-0.440000,-0.131466,0
10.152778,-0.425000,-0.129122,0
10.155556,-0.435000,-0.126942,0
10.158333,-0.450000,-0.125228,0
10.161111,-0.440000,-0.123651,0
10.163889,-0.445000,-0.121875,0
10.166667,-0.425000,-0.119928,0
10.169444,-0.425000,-0.117992,0
10.172222,-0.425000,-0.115927,0
10.175000,-0.430000,-0.113061,0
10.177778,-0.430000,-0.108496,0
10.180556,-0.415000,-0.101693,0
10.183333,-0.415000,-0.092871,0
10.186111,-0.385000,-0.082894,0
10.188889,-0.375000,-0.072742,0
10.191667,-0.385000,-0.062982,0
10.194444,-0.370000,-0.053674,0
10.197222,-0.360000,-0.044703,0
10.200000,-0.350000,-0.036097,0
10.202778,-0.335000,-0.028040,0
10.205556,-0.335000,-0.020664,0
10.208333,-0.325000,-0.013873,0
10.211111,-0.320000,-0.007390,0
10.213889,-0.325000,-0.000987,0
10.216667,-0.305000,0.005267,0
10.219444,-0.295000,0.010996,0
10.222222,-0.300000,0.015764,0
10.225000,-0.290000,0.019354,0
10.227778,-0.295000,0.021835,0
10.230556,-0.290000,0.023439,0
10.233333,-0.290000,0.024409,0
10.236111,-0.285000,0.024952,0
10.238889,-0.285000,0.025309,0
10.241667,-0.285000,0.025830,0
10.244444,-0.290000,0.026894,0
10.247222,-0.290000,0.028652,0
10.250000,-0.285000,0.030819,0
10.252778,-0.270000,0.032765,0
10.255556,-0.270000,0.033944,0
10.258333,-0.280000,0.034292,0
10.261111,-0.290000,0.034132,0
10.263889,-0.285000,0.033678,0
10.266667,-0.275000,0.032664,0
10.269444,-0.275000,0.030551,0
10.272222,-0.275000,0.027141,0
10.275000,-0.290000,0.022990,0
10.277778,-0.305000,0.019169,0
10.280556,-0.305000,0.016518,0
10.283333,-0.300000,0.015032,0
10.286111,-0.280000,0.013977,0
10.288889,-0.290000,0.012663,0
10.291667,-0.305000,0.011111,0
10.294444,-0.315000,0.009945,0
10.297222,-0.310000,0.009673,0
10.300000,-0.295000,0.010136,0
10.302778,-0.290000,0.010668,0
10.305556,-0.300000,0.010712,0
10.308333,-0.305000,0.010226,0
10.311111,-0.305000,0.009546,0
10.313889,-0.310000,0.008937,0
10.316667,-0.300000,0.008323,0
10.319444,-0.295000,0.007412,0
10.322222,-0.305000,0.006090,0
10.325000,-0.305000,0.004669,0
10.327778,-0.315000,0.003734,0
10.330556,-0.310000,0.003716,0
10.333333,-0.310000,0.004567,0
10.336111,-0.295000,0.005810,0
10.338889,-0.300000,0.006923,0
10.341667,-0.305000,0.007674,0
10.344444,-0.310000,0.008095,0
10.347222,-0.305000,0.008154,0
10.350000,-0.305000,0.007531,0
10.352778,-0.295000,0.005786,0
10.355556,-0.300000,0.002809,0
10.358333,-0.315000,-0.000894,0
10.361111,-0.325000,-0.004423,0
10.363889,-0.320000,-0.007083,0
10.366667,-0.320000,-0.008826,0
10.369444,-0.315000,-0.010143,0
10.372222,-0.310000,-0.011539,0
10.375000,-0.325000,-0.013051,0
10.377778,-0.335000,-0.014254,0
10.380556,-0.330000,-0.014734,0
10.383333,-0.320000,-0.014497,0
10.386111,-0.320000,-0.013906,0
10.388889,-0.310000,-0.013227,0
10.391667,-0.330000,-0.012327,0
10.394444,-0.330000,-0.010872,0
10.397222,-0.325000,-0.008852,0
10.400000,-0.310000,-0.006846,0
10.402778,-0.305000,-0.005638,0
10.405556,-0.305000,-0.005522,0
10.408333,-0.320000,-0.005957,0
10.411111,-0.330000,-0.006002,0
10.413889,-0.325000,-0.005187,0
10.416667,-0.300000,-0.004032,0
10.419444,-0.310000,-0.003703,0
10.422222,-0.305000,-0.005121,0
10.425000,-0.315000,-0.008296,0
10.427778,-0.330000,-0.012339,0
10.430556,-0.330000,-0.016052,0
10.433333,-0.330000,-0.018597,0
10.436111,-0.320000,-0.019749,0
10.438889,-0.325000,-0.019677,0
10.441667,-0.325000,-0.018592,0
10.444444,-0.335000,-0.016669,0
10.447222,-0.325000,-0.014226,0
10.450000,-0.315000,-0.011822,0
10.452778,-0.310000,-0.010019,0
10.455556,-0.315000,-0.008986,0
10.458333,-0.320000,-0.008392,0
10.461111,-0.325000,-0.007730,0
10.463889,-0.315000,-0.006797,0
10.466667,-0.310000,-0.005859,0
10.469444,-0.305000,-0.005342,0
10.472222,-0.310000,-0.005351,0
10.475000,-0.315000,-0.005470,0
10.477778,-0.320000,-0.005047,0
10.480556,-0.315000,-0.003695,0
10.483333,-0.310000,-0.001589,0
10.486111,-0.295000,0.000746,0
10.488889,-0.295000,0.003003,0
10.491667,-0.305000,0.005476,0
10.494444,-0.310000,0.008854,0
10.497222,-0.300000,0.013574,0
10.500000,-0.280000,0.019389,0
10.502778,-0.275000,0.025577,0
10.505556,-0.265000,0.031567,0
10.508333,-0.275000,0.037339,0
10.511111,-0.275000,0.043235,0
10.513889,-0.260000,0.049419,0
10.516667,-0.240000,0.055619,0
10.519444,-0.240000,0.061422,0
10.522222,-0.235000,0.066752,0
10.525000,-0.240000,0.071997,0
10.527778,-0.235000,0.077614,0
10.530556,-0.225000,0.083584,0
10.533333,-0.215000,0.089210,0
10.536111,-0.205000,0.093431,0
10.538889,-0.205000,0.095440,0
10.541667,-0.210000,0.095147,0
10.544444,-0.215000,0.093186,0
10.547222,-0.220000,0.090490,0
10.550000,-0.220000,0.087789,0
10.552778,-0.215000,0.085357,0
10.555556,-0.220000,0.083131,0
10.558333,-0.220000,0.081000,0
10.561111,-0.230000,0.078974,0
10.563889,-0.230000,0.077131,0
10.566667,-0.240000,0.075485,0
10.569444,-0.210000,0.074076,0
10.572222,-0.220000,0.073331,0
10.575000,-0.230000,0.074225,0
10.577778,-0.255000,0.077653,0
10.580556,-0.235000,0.083235,0
10.583333,-0.210000,0.088665,0
10.586111,-0.190000,0.090518,0
10.588889,-0.205000,0.086102,0
10.591667,-0.225000,0.074968,0
10.594444,-0.260000,0.058990,0
10.597222,-0.275000,0.041139,0
10.600000,-0.280000,0.024005,0
10.602778,-0.285000,0.009054,0
10.605556,-0.305000,-0.003213,0
10.608333,-0.320000,-0.012742,0
10.611111,-0.315000,-0.019596,0
10.613889,-0.335000,-0.023886,0
10.616667,-0.325000,-0.025839,0
10.619444,-0.335000,-0.025875,0
10.622222,-0.320000,-0.024569,0
10.625000,-0.325000,-0.022493,0
10.627778,-0.320000,-0.020057,0
10.630556,-0.325000,-0.017515,0
10.633333,-0.325000,-0.015154,0
10.636111,-0.310000,-0.013424,0
10.638889,-0.305000,-0.012801,0
10.641667,-0.320000,-0.013500,0
10.644444,-0.320000,-0.015402,0
10.647222,-0.330000,-0.018302,0
10.650000,-0.320000,-0.022144,0
10.652778,-0.320000,-0.026901,0
10.655556,-0.330000,-0.032156,0
10.658333,-0.330000,-0.036861,0
10.661111,-0.360000,-0.039680,0
10.663889,-0.355000,-0.039812,0
10.666667,-0.330000,-0.037637,0
10.669444,-0.325000,-0.034548,0
10.672222,-0.325000,-0.032113,0
10.675000,-0.335000,-0.031391,0
10.677778,-0.350000,-0.033004,0
10.680556,-0.340000,-0.037719,0
10.683333,-0.345000,-0.046809,0
10.686111,-0.355000,-0.061764,0
10.688889,-0.385000,-0.083581,0
10.691667,-0.425000,-0.112126,0
10.694444,-0.450000,-0.145706,0
10.697222,-0.470000,-0.180501,0
10.700000,-0.485000,-0.209711,0
10.702778,-0.510000,-0.222944,0
10.705556,-0.515000,-0.206901,0
10.708333,-0.455000,-0.147818,0
10.711111,-0.325000,-0.035129,0
10.713889,-0.165000,0.134644,0
10.716667,0.010000,0.354343,0
10.719444,0.250000,0.603548,0
10.722222,0.515000,0.848386,0
10.725000,0.740000,1.045799,0
10.727778,0.885000,1.152970,1
10.730556,0.935000,1.140097,0
10.733333,0.835000,1.002356,0
10.736111,0.525000,0.765528,0
10.738889,0.120000,0.480764,0
10.741667,-0.230000,0.208568,0
10.744444,-0.425000,-0.001544,0
10.747222,-0.455000,-0.125982,0
10.750000,-0.420000,-0.169871,0
10.752778,-0.380000,-0.158140,0
10.755556,-0.360000,-0.121382,0
10.758333,-0.365000,-0.084026,0
10.761111,-0.375000,-0.059094,0
10.763889,-0.380000,-0.049260,0
10.766667,-0.355000,-0.051103,0
10.769444,-0.355000,-0.059221,0
10.772222,-0.370000,-0.068694,0
10.775000,-0.375000,-0.076088,0
10.777778,-0.385000,-0.079768,0
10.780556,-0.380000,-0.079821,0
10.783333,-0.365000,-0.077575,0
10.786111,-0.370000,-0.074771,0
10.788889,-0.370000,-0.072754,0
10.791667,-0.365000,-0.072064,0
10.794444,-0.380000,-0.072521,0
10.797222,-0.370000,-0.073592,0
10.800000,-0.375000,-0.074749,0
10.802778,-0.365000,-0.075578,0
10.805556,-0.370000,-0.075693,0
10.808333,-0.380000,-0.074736,0
10.811111,-0.375000,-0.072590,0
10.813889,-0.365000,-0.069623,0
10.816667,-0.360000,-0.066618,0
10.819444,-0.360000,-0.064365,0
10.822222,-0.355000,-0.063204,0
10.825000,-0.355000,-0.062833,0
10.827778,-0.370000,-0.062514,0
10.830556,-0.365000,-0.061604,0
10.833333,-0.355000,-0.060041,0
10.836111,-0.350000,-0.058376,0
10.838889,-0.350000,-0.057337,0
10.841667,-0.350000,-0.057328,0
10.844444,-0.360000,-0.058249,0
10.847222,-0.360000,-0.059694,0
10.850000,-0.360000,-0.061276,0
10.852778,-0.350000,-0.062749,0
10.855556,-0.355000,-0.063870,0
10.858333,-0.365000,-0.064294,0
10.861111,-0.370000,-0.063778,0
10.863889,-0.360000,-0.062545,0
10.866667,-0.350000,-0.061350,0
10.869444,-0.355000,-0.061057,0
10.872222,-0.350000,-0.062023,0
10.875000,-0.355000,-0.063769,0
10.877778,-0.370000,-0.065226,0
10.880556,-0.375000,-0.065457,0
10.883333,-0.360000,-0.064359,0
10.886111,-0.350000,-0.062742,0
10.888889,-0.345000,-0.061649,0
10.891667,-0.350000,-0.061526,0
10.894444,-0.370000,-0.061972,0
10.897222,-0.370000,-0.062282,0
10.900000,-0.355000,-0.062195,0
10.902778,-0.350000,-0.062082,0
10.905556,-0.345000,-0.062452,0
10.908333,-0.360000,-0.063357,0
10.911111,-0.370000,-0.064341,0
10.913889,-0.365000,-0.064940,0
10.916667,-0.360000,-0.065175,0
10.919444,-0.350000,-0.065504,0
10.922222,-0.355000,-0.066314,0
10.925000,-0.365000,-0.067469,0
10.927778,-0.365000,-0.068353,0
10.930556,-0.370000,-0.068330,0
10.933333,-0.365000,-0.067210,0
10.936111,-0.350000,-0.065325,0
10.938889,-0.350000,-0.063199,0
10.941667,-0.360000,-0.061154,0
10.944444,-0.360000,-0.059290,0
10.947222,-0.355000,-0.057762,0
10.950000,-0.345000,-0.056963,0
10.952778,-0.350000,-0.057333,0
10.955556,-0.345000,-0.058974,0
10.958333,-0.355000,-0.061465,0
10.961111,-0.370000,-0.064093,0
10.963889,-0.365000,-0.066369,0
10.966667,-0.355000,-0.068365,0
10.969444,-0.360000,-0.070548,0
10.972222,-0.365000,-0.073286,0
10.975000,-0.365000,-0.076484,0
10.977778,-0.380000,-0.079645,0
10.980556,-0.385000,-0.082270,0
10.983333,-0.375000,-0.084239,0
10.986111,-0.370000,-0.085806,0
10.988889,-0.375000,-0.087220,0
10.991667,-0.385000,-0.088406,0
10.994444,-0.395000,-0.089089,0
10.997222,-0.375000,-0.089175,0
11.000000,-0.385000,-0.088938,0
11.002778,-0.380000,-0.088801,0
11.005556,-0.370000,-0.088908,0
11.008333,-0.385000,-0.088817,0
11.011111,-0.385000,-0.087575,0
11.013889,-0.380000,-0.084150,0
11.016667,-0.370000,-0.077918,0
11.019444,-0.360000,-0.068886,0
11.022222,-0.350000,-0.057605,0
11.025000,-0.335000,-0.044977,0
11.027778,-0.330000,-0.032089,0
11.030556,-0.315000,-0.020089,0
11.033333,-0.295000,-0.009997,0
11.036111,-0.290000,-0.002379,0
11.038889,-0.290000,0.002922,0
11.041667,-0.285000,0.006730,0
11.044444,-0.290000,0.010098,0
11.047222,-0.280000,0.013751,0
11.050000,-0.280000,0.017764,0
11.052778,-0.260000,0.021694,0
11.055556,-0.255000,0.025085,0
11.058333,-0.270000,0.027907,0
11.061111,-0.275000,0.030482,0
11.063889,-0.260000,0.033013,0
11.066667,-0.250000,0.035308,0
11.069444,-0.245000,0.037059,0
11.072222,-0.250000,0.038328,0
11.075000,-0.260000,0.039629,0
11.077778,-0.265000,0.041449,0
11.080556,-0.245000,0.043663,0
11.083333,-0.235000,0.045495,0
11.086111,-0.245000,0.046090,0
11.088889,-0.240000,0.045160,0
11.091667,-0.250000,0.043171,0
11.094444,-0.265000,0.040959,0
11.097222,-0.250000,0.039158,0
11.100000,-0.250000,0.037899,0
11.102778,-0.250000,0.037009,0
11.105556,-0.250000,0.036430,0
11.108333,-0.255000,0.036404,0
11.111111,-0.265000,0.037236,0
11.113889,-0.260000,0.038823,0
11.116667,-0.240000,0.040415,0
11.119444,-0.250000,0.040933,0
11.122222,-0.245000,0.039601,0
11.125000,-0.250000,0.036410,0
11.127778,-0.270000,0.032083,0
11.130556,-0.265000,0.027609,0
11.133333,-0.270000,0.023720,0
11.136111,-0.265000,0.020705,0
11.138889,-0.265000,0.018603,0
11.141667,-0.275000,0.017446,0
11.144444,-0.285000,0.017238,0
11.147222,-0.275000,0.017692,0
11.150000,-0.265000,0.018132,0
11.152778,-0.270000,0.017798,0
11.155556,-0.270000,0.016326,0
11.158333,-0.280000,0.013944,0
11.161111,-0.285000,0.011253,0
11.163889,-0.285000,0.008788,0
11.166667,-0.280000,0.006754,0
11.169444,-0.285000,0.005095,0
11.172222,-0.280000,0.003790,0
11.175000,-0.285000,0.003042,0
11.177778,-0.300000,0.003162,0
11.180556,-0.290000,0.004173,0
11.183333,-0.285000,0.005552,0
11.186111,-0.270000,0.006457,0
11.188889,-0.280000,0.006289,0
11.191667,-0.295000,0.005053,0
11.194444,-0.290000,0.003164,0
11.197222,-0.290000,0.000972,0
11.200000,-0.295000,-0.001503,0
11.202778,-0.290000,-0.004438,0
11.205556,-0.285000,-0.007811,0
11.208333,-0.305000,-0.011126,0
11.211111,-0.315000,-0.013590,0
11.213889,-0.310000,-0.014713,0
11.216667,-0.310000,-0.014780,0
11.219444,-0.290000,-0.014694,0
11.222222,-0.295000,-0.015258,0
11.225000,-0.310000,-0.016544,0
11.227778,-0.320000,-0.017949,0
11.230556,-0.315000,-0.018863,0
11.233333,-0.310000,-0.019259,0
11.236111,-0.300000,-0.019631,0
11.238889,-0.300000,-0.020398,0
11.241667,-0.315000,-0.021368,0
11.244444,-0.320000,-0.021811,0
11.247222,-0.315000,-0.021069,0
11.250000,-0.320000,-0.019145,0
11.252778,-0.290000,-0.016753,0
11.255556,-0.300000,-0.014767,0
11.258333,-0.300000,-0.013590,0
11.261111,-0.315000,-0.013027,0
11.263889,-0.310000,-0.012741,0
11.266667,-0.300000,-0.012740,0
11.269444,-0.300000,-0.013390,0
11.272222,-0.290000,-0.014933,0
11.275000,-0.310000,-0.017061,0
11.277778,-0.325000,-0.019043,0
11.280556,-0.315000,-0.020333,0
11.283333,-0.305000,-0.021022,0
11.286111,-0.305000,-0.021644,0
11.288889,-0.305000,-0.022541,0
11.291667,-0.315000,-0.023459,0
11.294444,-0.325000,-0.023744,0
11.297222,-0.320000,-0.022965,0
11.300000,-0.310000,-0.021357,0
11.302778,-0.300000,-0.019643,0
11.305556,-0.295000,-0.018371,0
11.308333,-0.315000,-0.017415,0
11.311111,-0.320000,-0.016161,0
11.313889,-0.305000,-0.014176,0
11.316667,-0.300000,-0.011661,0
11.319444,-0.290000,-0.009263,0
11.322222,-0.295000,-0.007506,0
11.325000,-0.295000,-0.006426,0
11.327778,-0.310000,-0.005710,0
11.330556,-0.295000,-0.005153,0
11.333333,-0.295000,-0.004928,0
11.336111,-0.285000,-0.005366,0
11.338889,-0.295000,-0.006460,0
11.341667,-0.295000,-0.007567,0
11.344444,-0.310000,-0.007622,0
11.347222,-0.300000,-0.005704,0
11.350000,-0.285000,-0.001459,0
11.352778,-0.280000,0.004920,0
11.355556,-0.275000,0.012975,0
11.358333,-0.280000,0.022108,0
11.361111,-0.265000,0.031429,0
11.363889,-0.245000,0.039739,0
11.366667,-0.230000,0.045959,0
11.369444,-0.240000,0.049813,0
11.372222,-0.240000,0.052123,0
11.375000,-0.240000,0.054395,0
11.377778,-0.245000,0.057978,0
11.380556,-0.220000,0.063378,0
11.383333,-0.220000,0.070114,0
11.386111,-0.215000,0.077073,0
11.388889,-0.200000,0.083057,0
11.391667,-0.200000,0.087219,0
11.394444,-0.210000,0.089224,0
11.397222,-0.205000,0.089126,0
11.400000,-0.195000,0.087196,0
11.402778,-0.205000,0.083926,0
11.405556,-0.210000,0.080111,0
11.408333,-0.215000,0.076744,0
11.411111,-0.225000,0.074642,0
11.413889,-0.225000,0.074086,0
11.416667,-0.200000,0.074846,0
11.419444,-0.200000,0.076667,0
11.422222,-0.210000,0.079745,0
11.425000,-0.225000,0.084466,0
11.427778,-0.220000,0.090411,0
11.430556,-0.195000,0.095567,0
11.433333,-0.180000,0.096755,0
11.436111,-0.175000,0.091263,0
11.438889,-0.205000,0.078529,0
11.441667,-0.245000,0.060596,0
11.444444,-0.265000,0.040964,0
11.447222,-0.275000,0.022807,0
11.450000,-0.280000,0.007789,0
11.452778,-0.285000,-0.003917,0
11.455556,-0.300000,-0.012866,0
11.458333,-0.310000,-0.019609,0
11.461111,-0.325000,-0.024496,0
11.463889,-0.320000,-0.027897,0
11.466667,-0.325000,-0.030406,0
11.469444,-0.310000,-0.032687,0
11.472222,-0.325000,-0.035063,0
11.475000,-0.330000,-0.037301,0
11.477778,-0.340000,-0.038872,0
11.480556,-0.335000,-0.039509,0
11.483333,-0.330000,-0.039547,0
11.486111,-0.325000,-0.039729,0
11.488889,-0.320000,-0.040624,0
11.491667,-0.340000,-0.042185,0
11.494444,-0.345000,-0.043844,0
11.497222,-0.340000,-0.045019,0
11.500000,-0.330000,-0.045499,0
11.502778,-0.335000,-0.045365,0
11.505556,-0.330000,-0.044669,0
11.508333,-0.340000,-0.043322,0
11.511111,-0.340000,-0.041380,0
11.513889,-0.335000,-0.039506,0
11.516667,-0.335000,-0.039180,0
11.519444,-0.330000,-0.042369,0
11.522222,-0.335000,-0.050714,0
11.525000,-0.345000,-0.064608,0
11.527778,-0.375000,-0.082738,0
11.530556,-0.395000,-0.102468,0
11.533333,-0.430000,-0.121041,0
11.536111,-0.440000,-0.137010,0
11.538889,-0.450000,-0.151090,0
11.541667,-0.450000,-0.165815,0
11.544444,-0.475000,-0.184032,0
11.547222,-0.480000,-0.206866,0
11.550000,-0.510000,-0.232052,0
11.552778,-0.550000,-0.253414,0
11.555556,-0.575000,-0.261839,0
11.558333,-0.545000,-0.247251,0
11.561111,-0.490000,-0.200466,0
11.563889,-0.375000,-0.114201,0
11.566667,-0.250000,0.016284,0
11.569444,-0.120000,0.191587,0
11.572222,0.060000,0.404810,0
11.575000,0.285000,0.637661,0
11.577778,0.525000,0.859002,0
11.580556,0.740000,1.028706,0
11.583333,0.860000,1.107421,1
11.586111,0.890000,1.069719,0
11.588889,0.730000,0.915601,0
11.591667,0.425000,0.674512,0
11.594444,0.015000,0.398159,0
11.597222,-0.285000,0.143689,0
11.600000,-0.435000,-0.045401,0
11.602778,-0.450000,-0.151461,0
11.605556,-0.435000,-0.183014,0
11.608333,-0.385000,-0.165164,0
11.611111,-0.380000,-0.126575,0
11.613889,-0.370000,-0.089379,0
11.616667,-0.370000,-0.065043,0
11.619444,-0.370000,-0.055512,0
11.622222,-0.360000,-0.056991,0
11.625000,-0.360000,-0.063800,0
11.627778,-0.370000,-0.071005,0
11.630556,-0.385000,-0.075712,0
11.633333,-0.365000,-0.077301,0
11.636111,-0.360000,-0.076781,0
11.638889,-0.365000,-0.075624,0
11.641667,-0.365000,-0.074757,0
11.644444,-0.375000,-0.074290,0
11.647222,-0.385000,-0.073934,0
11.650000,-0.360000,-0.073570,0
11.652778,-0.365000,-0.073371,0
11.655556,-0.355000,-0.073435,0
11.658333,-0.375000,-0.073451,0
11.661111,-0.380000,-0.072888,0
11.663889,-0.375000,-0.071575,0
11.666667,-0.355000,-0.070001,0
11.669444,-0.355000,-0.068943,0
11.672222,-0.360000,-0.068748,0
11.675000,-0.365000,-0.068991,0
11.677778,-0.380000,-0.068850,0
11.680556,-0.370000,-0.067866,0
11.683333,-0.355000,-0.066364,0
11.686111,-0.350000,-0.065148,0
11.688889,-0.355000,-0.064786,0
11.691667,-0.365000,-0.065203,0
11.694444,-0.380000,-0.065988,0
11.697222,-0.365000,-0.067020,0
11.700000,-0.355000,-0.068672,0
11.702778,-0.355000,-0.071305,0
11.705556,-0.365000,-0.074547,0
11.708333,-0.385000,-0.077191,0
11.711111,-0.390000,-0.077918,0
11.713889,-0.375000,-0.076241,0
11.716667,-0.355000,-0.072806,0
11.719444,-0.365000,-0.068842,0
11.722222,-0.360000,-0.065337,0
11.725000,-0.355000,-0.062612,0
11.727778,-0.365000,-0.060462,0
11.730556,-0.365000,-0.058643,0
11.733333,-0.355000,-0.057295,0
11.736111,-0.345000,-0.056926,0
11.738889,-0.345000,-0.057926,0
11.741667,-0.365000,-0.060093,0
11.744444,-0.360000,-0.062648,0
11.747222,-0.375000,-0.064728,0
11.750000,-0.355000,-0.065864,0
11.752778,-0.360000,-0.066068,0
11.755556,-0.365000,-0.065627,0
11.758333,-0.365000,-0.064920,0
11.761111,-0.370000,-0.064425,0
11.763889,-0.360000,-0.064701,0
11.766667,-0.355000,-0.066112,0
11.769444,-0.360000,-0.068385,0
11.772222,-0.365000,-0.070424,0
11.775000,-0.385000,-0.070788,0
11.777778,-0.380000,-0.068671,0
11.780556,-0.365000,-0.064701,0
11.783333,-0.355000,-0.060813,0
11.786111,-0.335000,-0.059144,0
11.788889,-0.360000,-0.060692,0
11.791667,-0.360000,-0.064700,0
11.794444,-0.385000,-0.069192,0
11.797222,-0.380000,-0.072220,0
11.800000,-0.375000,-0.072912,0
11.802778,-0.360000,-0.071640,0
11.805556,-0.360000,-0.069366,0
11.808333,-0.365000,-0.066828,0
11.811111,-0.375000,-0.064261,0
11.813889,-0.365000,-0.061714,0
11.816667,-0.355000,-0.059461,0
11.819444,-0.360000,-0.058056,0
11.822222,-0.350000,-0.058045,0
11.825000,-0.360000,-0.059640,0
11.827778,-0.370000,-0.062652,0
11.830556,-0.370000,-0.066656,0
11.833333,-0.365000,-0.071150,0
11.836111,-0.370000,-0.075513,0
11.838889,-0.380000,-0.078917,0
11.841667,-0.390000,-0.080507,0
11.844444,-0.385000,-0.079872,0
11.847222,-0.380000,-0.077417,0
11.850000,-0.370000,-0.074258,0
11.852778,-0.370000,-0.071657,0
11.855556,-0.365000,-0.070359,0
11.858333,-0.365000,-0.070224,0
11.861111,-0.390000,-0.070428,0
11.863889,-0.375000,-0.070088,0
11.866667,-0.370000,-0.068806,0
11.869444,-0.355000,-0.066652,0
11.872222,-0.365000,-0.063688,0
11.875000,-0.360000,-0.059627,0
11.877778,-0.370000,-0.054021,0
11.880556,-0.350000,-0.046777,0
11.883333,-0.340000,-0.038467,0
11.886111,-0.325000,-0.030082,0
11.888889,-0.320000,-0.022445,0
11.891667,-0.315000,-0.015752,0
11.894444,-0.325000,-0.009613,0
11.897222,-0.310000,-0.003509,0
11.900000,-0.295000,0.002793,0
11.902778,-0.285000,0.009231,0
11.905556,-0.290000,0.015688,0
11.908333,-0.290000,0.022063,0
11.911111,-0.275000,0.028075,0
11.913889,-0.270000,0.033117,0
11.916667,-0.265000,0.036459,0
11.919444,-0.260000,0.037680,0
11.922222,-0.260000,0.037039,0
11.925000,-0.275000,0.035472,0
11.927778,-0.275000,0.034120,0
11.930556,-0.285000,0.033651,0
11.933333,-0.260000,0.033916,0
11.936111,-0.260000,0.034291,0
11.938889,-0.265000,0.034426,0
11.941667,-0.270000,0.034701,0
11.944444,-0.280000,0.035972,0
11.947222,-0.275000,0.038830,0
11.950000,-0.255000,0.043030,0
11.952778,-0.255000,0.047567,0
11.955556,-0.245000,0.051250,0
11.958333,-0.255000,0.053252,0
11.961111,-0.260000,0.053234,0
11.963889,-0.255000,0.051137,0
11.966667,-0.255000,0.047025,0
11.969444,-0.260000,0.041209,0
11.972222,-0.265000,0.034494,0
11.975000,-0.280000,0.028174,0
11.977778,-0.295000,0.023585,0
11.980556,-0.290000,0.021459,0
11.983333,-0.275000,0.021581,0
11.986111,-0.280000,0.023059,0
11.988889,-0.280000,0.024905,0
11.991667,-0.280000,0.026433,0
11.994444,-0.285000,0.027251,0
11.997222,-0.285000,0.027037,0
12.000000,-0.280000,0.025453,0
12.002778,-0.270000,0.022376,0
12.005556,-0.285000,0.018291,0
12.008333,-0.300000,0.014333,0
12.011111,-0.310000,0.011712,0
12.013889,-0.300000,0.010912,0
12.016667,-0.290000,0.011407,0
12.019444,-0.280000,0.012166,0
12.022222,-0.300000,0.012487,0
12.025000,-0.290000,0.012408,0
12.027778,-0.310000,0.012416,0
12.030556,-0.300000,0.012780,0
12.033333,-0.295000,0.013114,0
12.036111,-0.290000,0.012562,0
12.038889,-0.285000,0.010490,0
12.041667,-0.295000,0.007108,0
12.044444,-0.325000,0.003441,0
12.047222,-0.315000,0.000580,0
12.050000,-0.310000,-0.001123,0
12.052778,-0.305000,-0.002184,0
12.055556,-0.300000,-0.003390,0
12.058333,-0.315000,-0.005105,0
12.061111,-0.330000,-0.007118,0
12.063889,-0.320000,-0.009051,0
12.066667,-0.320000,-0.010786,0
12.069444,-0.315000,-0.012463,0
12.072222,-0.320000,-0.014109,0
12.075000,-0.325000,-0.015377,0
12.077778,-0.335000,-0.015700,0
12.080556,-0.330000,-0.014757,0
12.083333,-0.325000,-0.012822,0
12.086111,-0.310000,-0.010636,0
12.088889,-0.315000,-0.008874,0
12.091667,-0.315000,-0.007695,0
12.094444,-0.335000,-0.006822,0
12.097222,-0.320000,-0.006045,0
12.100000,-0.310000,-0.005595,0
12.102778,-0.315000,-0.005955,0
12.105556,-0.310000,-0.007320,0
12.108333,-0.320000,-0.009238,0
12.111111,-0.335000,-0.010793,0
12.113889,-0.325000,-0.011199,0
12.116667,-0.325000,-0.010323,0
12.119444,-0.315000,-0.008710,0
12.122222,-0.310000,-0.007141,0
12.125000,-0.320000,-0.006150,0
12.127778,-0.330000,-0.005921,0
12.130556,-0.320000,-0.006548,0
12.133333,-0.320000,-0.008235,0
12.136111,-0.310000,-0.011086,0
12.138889,-0.330000,-0.014703,0
12.141667,-0.330000,-0.018098,0
12.144444,-0.345000,-0.020125,0
12.147222,-0.340000,-0.020168,0
12.150000,-0.330000,-0.018521,0
12.152778,-0.320000,-0.016112,0
12.155556,-0.315000,-0.013793,0
12.158333,-0.335000,-0.011816,0
12.161111,-0.335000,-0.009985,0
12.163889,-0.330000,-0.008219,0
12.166667,-0.310000,-0.006835,0
12.169444,-0.310000,-0.006150,0
12.172222,-0.315000,-0.005814,0
12.175000,-0.330000,-0.004639,0
12.177778,-0.320000,-0.001166,0
12.180556,-0.315000,0.005456,0
12.183333,-0.300000,0.014937,0
12.186111,-0.285000,0.025937,0
12.188889,-0.280000,0.036634,0
12.191667,-0.265000,0.045412,0
12.194444,-0.260000,0.051398,0
12.197222,-0.265000,0.054695,0
12.200000,-0.260000,0.056252,0
12.202778,-0.255000,0.057492,0
12.205556,-0.260000,0.059872,0
12.208333,-0.250000,0.064438,0
12.211111,-0.255000,0.071418,0
12.213889,-0.240000,0.079980,0
12.216667,-0.230000,0.088386,0
12.219444,-0.205000,0.094688,0
12.222222,-0.210000,0.097693,0
12.225000,-0.225000,0.097549,0
12.227778,-0.235000,0.095469,0
12.230556,-0.225000,0.092837,0
12.233333,-0.225000,0.090463,0
12.236111,-0.230000,0.088427,0
12.238889,-0.225000,0.086381,0
12.241667,-0.240000,0.083931,0
12.244444,-0.240000,0.080903,0
12.247222,-0.230000,0.077528,0
12.250000,-0.235000,0.074614,0
12.252778,-0.250000,0.073481,0
12.255556,-0.250000,0.075377,0
12.258333,-0.255000,0.080520,0
12.261111,-0.235000,0.087412,0
12.263889,-0.220000,0.093119,0
12.266667,-0.205000,0.094578,0
12.269444,-0.215000,0.090228,0
12.272222,-0.240000,0.080877,0
12.275000,-0.265000,0.069137,0
12.277778,-0.280000,0.057760,0
12.280556,-0.280000,0.048050,0
12.283333,-0.270000,0.039436,0
12.286111,-0.270000,0.030433,0
12.288889,-0.290000,0.020159,0
12.291667,-0.320000,0.009156,0
12.294444,-0.335000,-0.001055,0
12.297222,-0.340000,-0.009160,0
12.300000,-0.330000,-0.014901,0
12.302778,-0.330000,-0.018961,0
12.305556,-0.335000,-0.022188,0
12.308333,-0.350000,-0.024947,0
12.311111,-0.360000,-0.027122,0
12.313889,-0.350000,-0.028594,0
12.316667,-0.350000,-0.029579,0
12.319444,-0.345000,-0.030501,0
12.322222,-0.350000,-0.031587,0
12.325000,-0.355000,-0.032643,0
12.327778,-0.365000,-0.033260,0
12.330556,-0.360000,-0.033267,0
12.333333,-0.355000,-0.033016,0
12.336111,-0.350000,-0.033148,0
12.338889,-0.340000,-0.033980,0
12.341667,-0.360000,-0.035048,0
12.344444,-0.370000,-0.035339,0
12.347222,-0.370000,-0.034191,0
12.350000,-0.355000,-0.032171,0
12.352778,-0.345000,-0.031162,0
12.355556,-0.350000,-0.033657,0
12.358333,-0.370000,-0.041866,0
12.361111,-0.385000,-0.057221,0
12.363889,-0.410000,-0.080305,0
12.366667,-0.440000,-0.110747,0
12.369444,-0.460000,-0.146717,0
12.372222,-0.490000,-0.184070,0
12.375000,-0.540000,-0.215689,0
12.377778,-0.565000,-0.231736,0
12.380556,-0.550000,-0.220949,0
12.383333,-0.485000,-0.172424,0
12.386111,-0.365000,-0.077388,0
12.388889,-0.255000,0.068624,0
12.391667,-0.125000,0.262372,0
12.394444,0.090000,0.488748,0
12.397222,0.360000,0.718642,0
12.400000,0.600000,0.912166,0
12.402778,0.750000,1.028110,0
12.405556,0.795000,1.036814,1
12.408333,0.700000,0.931376,0
12.411111,0.440000,0.732165,0
12.413889,0.095000,0.481777,0
12.416667,-0.185000,0.231653,0
12.419444,-0.370000,0.025962,0
12.422222,-0.470000,-0.110292,0
12.425000,-0.490000,-0.174675,0
12.427778,-0.470000,-0.182508,0
12.430556,-0.440000,-0.157480,0
12.433333,-0.425000,-0.122216,0
12.436111,-0.410000,-0.092176,0
12.438889,-0.410000,-0.073981,0
12.441667,-0.410000,-0.067265,0
12.444444,-0.420000,-0.068126,0
12.447222,-0.400000,-0.072266,0
12.450000,-0.395000,-0.076661,0
12.452778,-0.405000,-0.079716,0
12.455556,-0.410000,-0.080742,0
12.458333,-0.405000,-0.079576,0
12.461111,-0.420000,-0.076551,0
12.463889,-0.395000,-0.072556,0
12.466667,-0.395000,-0.068848,0
12.469444,-0.390000,-0.066559,0
12.472222,-0.395000,-0.066202,0
12.475000,-0.395000,-0.067527,0
12.477778,-0.410000,-0.069788,0
12.480556,-0.400000,-0.072204,0
12.483333,-0.400000,-0.074263,0
12.486111,-0.410000,-0.075730,0
12.488889,-0.400000,-0.076488,0
12.491667,-0.405000,-0.076390,0
12.494444,-0.410000,-0.075283,0
12.497222,-0.410000,-0.073184,0
12.500000,-0.400000,-0.070440,0
12.502778,-0.390000,-0.067636,0
12.505556,-0.390000,-0.065237,0
12.508333,-0.400000,-0.063348,0
12.511111,-0.400000,-0.061872,0
12.513889,-0.395000,-0.060906,0
12.516667,-0.390000,-0.060915,0
12.519444,-0.385000,-0.062448,0
12.522222,-0.390000,-0.065615,0
12.525000,-0.410000,-0.069839,0
12.527778,-0.410000,-0.074122,0
12.530556,-0.410000,-0.077610,0
12.533333,-0.415000,-0.079983,0
12.536111,-0.410000,-0.081430,0
12.538889,-0.405000,-0.082326,0
12.541667,-0.420000,-0.082907,0
12.544444,-0.420000,-0.083219,0
12.547222,-0.420000,-0.083349,0
12.550000,-0.415000,-0.083600,0
12.552778,-0.410000,-0.084358,0
12.555556,-0.415000,-0.085741,0
12.558333,-0.425000,-0.087389,0
12.561111,-0.425000,-0.088611,0
12.563889,-0.420000,-0.088768,0
12.566667,-0.425000,-0.087576,0
12.569444,-0.420000,-0.085202,0
12.572222,-0.410000,-0.082141,0
12.575000,-0.410000,-0.078973,0
12.577778,-0.415000,-0.076161,0
12.580556,-0.410000,-0.074044,0
12.583333,-0.410000,-0.072922,0
12.586111,-0.400000,-0.073009,0
12.588889,-0.405000,-0.074208,0
12.591667,-0.405000,-0.075934,0
12.594444,-0.425000,-0.077305,0
12.597222,-0.420000,-0.077674,0
12.600000,-0.410000,-0.077076,0
12.602778,-0.400000,-0.076130,0
12.605556,-0.405000,-0.075466,0
12.608333,-0.415000,-0.075251,0
12.611111,-0.420000,-0.075252,0
12.613889,-0.410000,-0.075233,0
12.616667,-0.410000,-0.075206,0
12.619444,-0.400000,-0.075254,0
12.622222,-0.410000,-0.075209,0
12.625000,-0.415000,-0.074602,0
12.627778,-0.420000,-0.073058,0
12.630556,-0.410000,-0.070794,0
12.633333,-0.400000,-0.068698,0
12.636111,-0.390000,-0.067781,0
12.638889,-0.400000,-0.068449,0
12.641667,-0.415000,-0.070239,0
12.644444,-0.420000,-0.072317,0
12.647222,-0.415000,-0.074292,0
12.650000,-0.415000,-0.076598,0
12.652778,-0.400000,-0.080082,0
12.655556,-0.415000,-0.085149,0
12.658333,-0.430000,-0.091197,0
12.661111,-0.450000,-0.096880,0
12.663889,-0.440000,-0.100955,0
12.666667,-0.440000,-0.102981,0
12.669444,-0.435000,-0.103347,0
12.672222,-0.435000,-0.102786,0
12.675000,-0.440000,-0.101895,0
12.677778,-0.450000,-0.101021,0
12.680556,-0.435000,-0.100442,0
12.683333,-0.440000,-0.100468,0
12.686111,-0.430000,-0.101258,0
12.688889,-0.440000,-0.102508,0
12.691667,-0.445000,-0.103380,0
12.694444,-0.445000,-0.102791,0
12.697222,-0.440000,-0.099898,0
12.700000,-0.435000,-0.094431,0
12.702778,-0.420000,-0.086708,0
12.705556,-0.415000,-0.077425,0
12.708333,-0.410000,-0.067432,0
12.711111,-0.405000,-0.057627,0
12.713889,-0.380000,-0.048853,0
12.716667,-0.375000,-0.041596,0
12.719444,-0.370000,-0.035606,0
12.722222,-0.370000,-0.029816,0
12.725000,-0.370000,-0.022836,0
12.727778,-0.360000,-0.013798,0
12.730556,-0.355000,-0.003052,0
12.733333,-0.325000,0.007807,0
12.736111,-0.305000,0.016748,0
12.738889,-0.310000,0.022491,0
12.741667,-0.320000,0.025181,0
12.744444,-0.325000,0.026030,0
12.747222,-0.325000,0.026276,0
12.750000,-0.315000,0.026356,0
12.752778,-0.300000,0.025943,0
12.755556,-0.305000,0.024697,0
12.758333,-0.320000,0.022967,0
12.761111,-0.330000,0.021740,0
12.763889,-0.330000,0.021919,0
12.766667,-0.310000,0.023645,0
12.769444,-0.310000,0.026283,0
12.772222,-0.310000,0.028973,0
12.775000,-0.305000,0.031195,0
12.777778,-0.310000,0.032926,0
12.780556,-0.320000,0.034357,0
12.783333,-0.305000,0.035471,0
12.786111,-0.300000,0.035899,0
12.788889,-0.300000,0.035221,0
12.791667,-0.305000,0.033386,0
12.794444,-0.320000,0.030803,0
12.797222,-0.320000,0.028004,0
12.800000,-0.315000,0.025248,0
12.802778,-0.315000,0.022501,0
12.805556,-0.310000,0.019791,0
12.808333,-0.330000,0.017512,0
12.811111,-0.335000,0.016260,0
12.813889,-0.335000,0.016303,0
12.816667,-0.320000,0.017224,0
12.819444,-0.315000,0.018200,0
12.822222,-0.315000,0.018707,0
12.825000,-0.325000,0.019011,0
12.827778,-0.330000,0.019953,0
12.830556,-0.335000,0.022164,0
12.833333,-0.320000,0.025364,0
12.836111,-0.300000,0.028387,0
12.838889,-0.300000,0.029959,0
12.841667,-0.320000,0.029530,0
12.844444,-0.320000,0.027427,0
12.847222,-0.330000,0.024295,0
12.850000,-0.320000,0.020496,0
12.852778,-0.320000,0.016012,0
12.855556,-0.325000,0.010847,0
12.858333,-0.340000,0.005411,0
12.861111,-0.355000,0.000445,0
12.863889,-0.345000,-0.003414,0
12.866667,-0.350000,-0.005966,0
12.869444,-0.345000,-0.007374,0
12.872222,-0.345000,-0.007844,0
12.875000,-0.360000,-0.007464,0
12.877778,-0.360000,-0.006367,0
12.880556,-0.345000,-0.004980,0
12.883333,-0.340000,-0.003931,0
12.886111,-0.340000,-0.003601,0
12.888889,-0.355000,-0.003778,0
12.891667,-0.350000,-0.003817,0
12.894444,-0.350000,-0.003164,0
12.897222,-0.355000,-0.001831,0
12.900000,-0.340000,-0.000457,0
12.902778,-0.335000,0.000094,0
12.905556,-0.340000,-0.000645,0
12.908333,-0.350000,-0.002378,0
12.911111,-0.355000,-0.004271,0
12.913889,-0.355000,-0.005573,0
12.916667,-0.355000,-0.006137,0
12.919444,-0.345000,-0.006453,0
12.922222,-0.345000,-0.007205,0
12.925000,-0.350000,-0.008698,0
12.927778,-0.360000,-0.010638,0
12.930556,-0.365000,-0.012415,0
12.933333,-0.365000,-0.013606,0
12.936111,-0.350000,-0.014196,0
12.938889,-0.350000,-0.014333,0
12.941667,-0.360000,-0.013930,0
12.944444,-0.370000,-0.012638,0
12.947222,-0.360000,-0.010261,0
12.950000,-0.350000,-0.007098,0
12.952778,-0.335000,-0.003802,0
12.955556,-0.350000,-0.000903,0
12.958333,-0.350000,0.001432,0
12.961111,-0.345000,0.003227,0
12.963889,-0.340000,0.004396,0
12.966667,-0.340000,0.004694,0
12.969444,-0.340000,0.003923,0
12.972222,-0.340000,0.002191,0
12.975000,-0.345000,0.000005,0
12.977778,-0.350000,-0.001895,0
12.980556,-0.360000,-0.002922,0
12.983333,-0.350000,-0.002982,0
12.986111,-0.335000,-0.002449,0
12.988889,-0.345000,-0.001733,0
12.991667,-0.350000,-0.000899,0
12.994444,-0.350000,0.000266,0
12.997222,-0.355000,0.001823,0
13.000000,-0.340000,0.003380,0
13.002778,-0.335000,0.004295,0
13.005556,-0.330000,0.004297,0
13.008333,-0.340000,0.003980,0
13.011111,-0.355000,0.004626,0
13.013889,-0.355000,0.007361,0
13.016667,-0.330000,0.012350,0
13.019444,-0.315000,0.018770,0
13.022222,-0.315000,0.025553,0
13.025000,-0.315000,0.032139,0
13.027778,-0.320000,0.038598,0
13.030556,-0.300000,0.045199,0
13.033333,-0.300000,0.051997,0
13.036111,-0.280000,0.058849,0
13.038889,-0.265000,0.065773,0
13.041667,-0.280000,0.073188,0
13.044444,-0.285000,0.081563,0
13.047222,-0.265000,0.090670,0
13.050000,-0.235000,0.099233,0
13.052778,-0.230000,0.105522,0
13.055556,-0.230000,0.108453,0
13.058333,-0.245000,0.108176,0
13.061111,-0.255000,0.105715,0
13.063889,-0.250000,0.102066,0
13.066667,-0.245000,0.097592,0
13.069444,-0.250000,0.092175,0
13.072222,-0.255000,0.085864,0
13.075000,-0.265000,0.079414,0
13.077778,-0.270000,0.074279,0
13.080556,-0.290000,0.071984,0
13.083333,-0.280000,0.073203,0
13.086111,-0.275000,0.077099,0
13.088889,-0.260000,0.081435,0
13.091667,-0.255000,0.083461,0
13.094444,-0.260000,0.081068,0
13.097222,-0.275000,0.073552,0
13.100000,-0.295000,0.061640,0
13.102778,-0.300000,0.046988,0
13.105556,-0.305000,0.031606,0
13.108333,-0.335000,0.017453,0
13.111111,-0.355000,0.006029,0
13.113889,-0.350000,-0.002059,0
13.116667,-0.350000,-0.007203,0
13.119444,-0.350000,-0.010363,0
13.122222,-0.355000,-0.012396,0
13.125000,-0.370000,-0.013728,0
13.127778,-0.370000,-0.014550,0
13.130556,-0.360000,-0.015195,0
13.133333,-0.365000,-0.016228,0
13.136111,-0.355000,-0.018107,0
13.138889,-0.365000,-0.020756,0
13.141667,-0.375000,-0.023483,0
13.144444,-0.385000,-0.025436,0
13.147222,-0.380000,-0.026279,0
13.150000,-0.375000,-0.026505,0
13.152778,-0.355000,-0.027018,0
13.155556,-0.370000,-0.028295,0
13.158333,-0.385000,-0.029899,0
13.161111,-0.390000,-0.030857,0
13.163889,-0.390000,-0.030547,0
13.166667,-0.370000,-0.029244,0
13.169444,-0.360000,-0.027802,0
13.172222,-0.370000,-0.026846,0
13.175000,-0.380000,-0.026314,0
13.177778,-0.385000,-0.025830,0
13.180556,-0.380000,-0.025547,0
13.183333,-0.375000,-0.026662,0
13.186111,-0.370000,-0.031148,0
13.188889,-0.380000,-0.040902,0
13.191667,-0.405000,-0.056933,0
13.194444,-0.445000,-0.079127,0
13.197222,-0.465000,-0.106460,0
13.200000,-0.480000,-0.136977,0
13.202778,-0.485000,-0.166971,0
13.205556,-0.525000,-0.189811,0
13.208333,-0.555000,-0.195658,0
13.211111,-0.535000,-0.172839,0
13.213889,-0.450000,-0.110339,0
13.216667,-0.325000,-0.000343,0
13.219444,-0.185000,0.159459,0
13.222222,-0.025000,0.363239,0
13.225000,0.185000,0.594107,0
13.227778,0.430000,0.822761,0
13.230556,0.660000,1.010390,0
13.233333,0.815000,1.117098,1
13.236111,0.850000,1.114054,0
13.238889,0.750000,0.994877,0
13.241667,0.485000,0.780876,0
13.244444,0.110000,0.516469,0
13.247222,-0.210000,0.255372,0
13.250000,-0.390000,0.043278,0
13.252778,-0.460000,-0.094970,0
13.255556,-0.485000,-0.158533,0
13.258333,-0.470000,-0.164662,0
13.261111,-0.450000,-0.138372,0
13.263889,-0.425000,-0.102813,0
13.266667,-0.415000,-0.073387,0
13.269444,-0.405000,-0.056275,0
13.272222,-0.415000,-0.050364,0
13.275000,-0.415000,-0.050867,0
13.277778,-0.420000,-0.052890,0
13.280556,-0.400000,-0.053685,0
13.283333,-0.395000,-0.053021,0
13.286111,-0.385000,-0.052111,0
13.288889,-0.395000,-0.052113,0
13.291667,-0.400000,-0.053240,0
13.294444,-0.420000,-0.054889,0
13.297222,-0.410000,-0.056417,0
13.300000,-0.400000,-0.057738,0
13.302778,-0.400000,-0.059243,0
13.305556,-0.405000,-0.061224,0
13.308333,-0.405000,-0.063477,0
13.311111,-0.435000,-0.065479,0
13.313889,-0.420000,-0.066990,0
13.316667,-0.410000,-0.068420,0
13.319444,-0.405000,-0.070484,0
13.322222,-0.415000,-0.073428,0
13.325000,-0.430000,-0.076617,0
13.327778,-0.440000,-0.078949,0
13.330556,-0.435000,-0.079692,0
13.333333,-0.415000,-0.078981,0
13.336111,-0.420000,-0.077579,0
13.338889,-0.430000,-0.076258,0
13.341667,-0.415000,-0.075385,0
13.344444,-0.430000,-0.074914,0
13.347222,-0.425000,-0.074615,0
13.350000,-0.420000,-0.074300,0
13.352778,-0.420000,-0.073885,0
13.355556,-0.415000,-0.073283,0
13.358333,-0.425000,-0.072353,0
13.361111,-0.425000,-0.071037,0
13.363889,-0.420000,-0.069585,0
13.366667,-0.410000,-0.068537,0
13.369444,-0.410000,-0.068350,0
13.372222,-0.410000,-0.068934,0
13.375000,-0.420000,-0.069554,0
13.377778,-0.430000,-0.069301,0
13.380556,-0.420000,-0.067826,0
13.383333,-0.415000,-0.065736,0
13.386111,-0.395000,-0.064243,0
13.388889,-0.405000,-0.064307,0
13.391667,-0.415000,-0.065992,0
13.394444,-0.430000,-0.068576,0
13.397222,-0.420000,-0.071233,0
13.400000,-0.420000,-0.073591,0
13.402778,-0.415000,-0.075715,0
13.405556,-0.420000,-0.077667,0
13.408333,-0.425000,-0.079189,0
13.411111,-0.440000,-0.079851,0
13.413889,-0.430000,-0.079522,0
13.416667,-0.425000,-0.078688,0
13.419444,-0.415000,-0.078207,0
13.422222,-0.420000,-0.078679,0
13.425000,-0.425000,-0.079962,0
13.427778,-0.440000,-0.081278,0
13.430556,-0.430000,-0.081803,0
13.433333,-0.430000,-0.081235,0
13.436111,-0.425000,-0.079909,0
13.438889,-0.420000,-0.078441,0
13.441667,-0.415000,-0.077209,0
13.444444,-0.425000,-0.076056,0
13.447222,-0.430000,-0.074494,0
13.450000,-0.425000,-0.072248,0
13.452778,-0.415000,-0.069671,0
13.455556,-0.405000,-0.067621,0
13.458333,-0.405000,-0.066901,0
13.461111,-0.425000,-0.067785,0
13.463889,-0.415000,-0.070006,0
13.466667,-0.420000,-0.073043,0
13.469444,-0.420000,-0.076366,0
13.472222,-0.420000,-0.079499,0
13.475000,-0.435000,-0.082098,0
13.477778,-0.435000,-0.084159,0
13.480556,-0.440000,-0.086202,0
13.483333,-0.420000,-0.089126,0
13.486111,-0.430000,-0.093620,0
13.488889,-0.450000,-0.099599,0
13.491667,-0.455000,-0.106197,0
13.494444,-0.465000,-0.112334,0
13.497222,-0.465000,-0.117364,0
13.500000,-0.465000,-0.121306,0
13.502778,-0.465000,-0.124557,0
13.505556,-0.465000,-0.127350,0
13.508333,-0.470000,-0.129377,0
13.511111,-0.490000,-0.129931,0
13.513889,-0.485000,-0.128481,0
13.516667,-0.460000,-0.125147,0
13.519444,-0.455000,-0.120542,0
13.522222,-0.460000,-0.115162,0
13.525000,-0.455000,-0.108997,0
13.527778,-0.455000,-0.101716,0
13.530556,-0.440000,-0.093156,0
13.533333,-0.425000,-0.083609,0
13.536111,-0.415000,-0.073683,0
13.538889,-0.400000,-0.063928,0
13.541667,-0.405000,-0.054606,0
13.544444,-0.400000,-0.045843,0
13.547222,-0.385000,-0.037936,0
13.550000,-0.365000,-0.031399,0
13.552778,-0.365000,-0.026528,0
13.555556,-0.360000,-0.022916,0
13.558333,-0.370000,-0.019451,0
13.561111,-0.375000,-0.014972,0
13.563889,-0.355000,-0.009086,0
13.566667,-0.340000,-0.002470,0
13.569444,-0.330000,0.003668,0
13.572222,-0.330000,0.008475,0
13.575000,-0.330000,0.011994,0
13.577778,-0.340000,0.014942,0
13.580556,-0.335000,0.017988,0
13.583333,-0.320000,0.021166,0
13.586111,-0.305000,0.023935,0
13.588889,-0.315000,0.025768,0
13.591667,-0.320000,0.026648,0
13.594444,-0.320000,0.027001,0
13.597222,-0.320000,0.027253,0
13.600000,-0.315000,0.027474,0
13.602778,-0.310000,0.027413,0
13.605556,-0.310000,0.026827,0
13.608333,-0.315000,0.025779,0
13.611111,-0.330000,0.024580,0
13.613889,-0.320000,0.023436,0
13.616667,-0.320000,0.022196,0
13.619444,-0.310000,0.020519,0
13.622222,-0.320000,0.018309,0
13.625000,-0.330000,0.015940,0
13.627778,-0.340000,0.013967,0
13.630556,-0.330000,0.012617,0
13.633333,-0.325000,0.011584,0
13.636111,-0.325000,0.010395,0
13.638889,-0.320000,0.008994,0
13.641667,-0.340000,0.007956,0
13.644444,-0.350000,0.008023,0
13.647222,-0.340000,0.009300,0
13.650000,-0.320000,0.010896,0
13.652778,-0.315000,0.011480,0
13.655556,-0.325000,0.010282,0
13.658333,-0.340000,0.007625,0
13.661111,-0.345000,0.004548,0
13.663889,-0.345000,0.001949,0
13.666667,-0.340000,0.000020,0
13.669444,-0.330000,-0.001606,0
13.672222,-0.335000,-0.003220,0
13.675000,-0.345000,-0.004577,0
13.677778,-0.360000,-0.005092,0
13.680556,-0.355000,-0.004569,0
13.683333,-0.340000,-0.003693,0
13.686111,-0.330000,-0.003718,0
13.688889,-0.335000,-0.005508,0
13.691667,-0.345000,-0.008767,0
13.694444,-0.365000,-0.012167,0
13.697222,-0.370000,-0.014282,0
13.700000,-0.350000,-0.014527,0
13.702778,-0.340000,-0.013287,0
13.705556,-0.335000,-0.011234,0
13.708333,-0.360000,-0.008659,0
13.711111,-0.355000,-0.005512,0
13.713889,-0.340000,-0.001973,0
13.716667,-0.335000,0.001216,0
13.719444,-0.335000,0.003040,0
13.722222,-0.320000,0.002856,0
13.725000,-0.335000,0.000876,0
13.727778,-0.355000,-0.001948,0
13.730556,-0.350000,-0.004613,0
13.733333,-0.345000,-0.006778,0
13.736111,-0.340000,-0.008834,0
13.738889,-0.335000,-0.011308,0
13.741667,-0.350000,-0.014192,0
13.744444,-0.370000,-0.016860,0
13.747222,-0.360000,-0.018625,0
13.750000,-0.355000,-0.019329,0
13.752778,-0.350000,-0.019382,0
13.755556,-0.345000,-0.019281,0
13.758333,-0.365000,-0.019184,0
13.761111,-0.360000,-0.018944,0
13.763889,-0.360000,-0.018496,0
13.766667,-0.350000,-0.018078,0
13.769444,-0.345000,-0.018036,0
13.772222,-0.355000,-0.018427,0
13.775000,-0.355000,-0.018879,0
13.777778,-0.365000,-0.018888,0
13.780556,-0.360000,-0.018302,0
13.783333,-0.345000,-0.017500,0
13.786111,-0.345000,-0.017064,0
13.788889,-0.350000,-0.017209,0
13.791667,-0.355000,-0.017526,0
13.794444,-0.360000,-0.017279,0
13.797222,-0.355000,-0.015972,0
13.800000,-0.350000,-0.013719,0
13.802778,-0.335000,-0.011118,0
13.805556,-0.335000,-0.008778,0
13.808333,-0.355000,-0.006986,0
13.811111,-0.345000,-0.005829,0
13.813889,-0.340000,-0.005501,0
13.816667,-0.330000,-0.006309,0
13.819444,-0.340000,-0.008294,0
13.822222,-0.345000,-0.010904,0
13.825000,-0.350000,-0.013109,0
13.827778,-0.355000,-0.013887,0
13.830556,-0.350000,-0.012702,0
13.833333,-0.335000,-0.009606,0
13.836111,-0.330000,-0.004894,0
13.838889,-0.330000,0.001321,0
13.841667,-0.330000,0.009145,0
13.844444,-0.330000,0.018442,0
13.847222,-0.305000,0.028345,0
13.850000,-0.285000,0.037373,0
13.852778,-0.275000,0.044246,0
13.855556,-0.280000,0.048796,0
13.858333,-0.285000,0.052168,0
13.861111,-0.290000,0.056101,0
13.863889,-0.275000,0.061828,0
13.866667,-0.260000,0.069408,0
13.869444,-0.245000,0.077899,0
13.872222,-0.240000,0.086072,0
13.875000,-0.240000,0.093040,0
13.877778,-0.240000,0.098362,0
13.880556,-0.235000,0.101758,0
13.883333,-0.225000,0.102871,0
13.886111,-0.220000,0.101430,0
13.888889,-0.230000,0.097650,0
13.891667,-0.240000,0.092409,0
13.894444,-0.255000,0.086934,0
13.897222,-0.255000,0.082223,0
13.900000,-0.240000,0.078752,0
13.902778,-0.240000,0.076734,0
13.905556,-0.250000,0.076512,0
13.908333,-0.270000,0.078394,0
13.911111,-0.270000,0.081829,0
13.913889,-0.240000,0.084776,0
13.916667,-0.230000,0.084231,0
13.919444,-0.225000,0.077857,0
13.922222,-0.265000,0.065496,0
13.925000,-0.295000,0.049325,0
13.927778,-0.305000,0.032544,0
13.930556,-0.325000,0.017662,0
13.933333,-0.315000,0.005573,0
13.936111,-0.325000,-0.004161,0
13.938889,-0.330000,-0.012286,0
13.941667,-0.345000,-0.018964,0
13.944444,-0.360000,-0.023647,0
13.947222,-0.365000,-0.025697,0
13.950000,-0.355000,-0.025149,0
13.952778,-0.345000,-0.022934,0
13.955556,-0.340000,-0.020404,0
13.958333,-0.335000,-0.018588,0
13.961111,-0.360000,-0.017844,0
13.963889,-0.355000,-0.018145,0
13.966667,-0.345000,-0.019578,0
13.969444,-0.335000,-0.022408,0
13.972222,-0.355000,-0.026631,0
13.975000,-0.350000,-0.031582,0
13.977778,-0.375000,-0.036098,0
13.980556,-0.375000,-0.039171,0
13.983333,-0.365000,-0.040573,0
13.986111,-0.365000,-0.040901,0
13.988889,-0.350000,-0.041016,0
13.991667,-0.370000,-0.041370,0
13.994444,-0.380000,-0.041830,0
13.997222,-0.365000,-0.042062,0
14.000000,-0.370000,-0.042004,0
14.002778,-0.355000,-0.042000,0
14.005556,-0.370000,-0.042692,0
14.008333,-0.380000,-0.045054,0
14.011111,-0.385000,-0.050641,0
14.013889,-0.385000,-0.061639,0
14.016667,-0.400000,-0.080279,0
14.019444,-0.430000,-0.107613,0
14.022222,-0.465000,-0.142141,0
14.025000,-0.485000,-0.178762,0
14.027778,-0.520000,-0.208391,0
14.030556,-0.555000,-0.218640,0
14.033333,-0.525000,-0.195698,0
14.036111,-0.435000,-0.126969,0
14.038889,-0.305000,-0.003851,0
14.041667,-0.155000,0.175272,0
14.044444,0.010000,0.401442,0
14.047222,0.260000,0.651790,0
14.050000,0.535000,0.889231,0
14.052778,0.760000,1.068087,0
14.055556,0.890000,1.145898,1
14.058333,0.905000,1.097965,0
14.061111,0.705000,0.928661,0
14.063889,0.360000,0.673466,0
14.066667,-0.030000,0.388991,0
14.069444,-0.320000,0.134212,0
14.072222,-0.455000,-0.048747,0
14.075000,-0.475000,-0.145527,0
14.077778,-0.440000,-0.168290,0
14.080556,-0.395000,-0.144965,0
14.083333,-0.380000,-0.105610,0
14.086111,-0.380000,-0.072169,0
14.088889,-0.385000,-0.054589,0
14.091667,-0.395000,-0.052579,0
14.094444,-0.400000,-0.060234,0
14.097222,-0.405000,-0.070696,0
14.100000,-0.395000,-0.079103,0
14.102778,-0.410000,-0.083485,0
14.105556,-0.390000,-0.084157,0
14.108333,-0.395000,-0.082495,0
14.111111,-0.405000,-0.079904,0
14.113889,-0.405000,-0.077388,0
14.116667,-0.395000,-0.075600,0
14.119444,-0.385000,-0.074876,0
14.122222,-0.385000,-0.075060,0
14.125000,-0.405000,-0.075472,0
14.127778,-0.405000,-0.075349,0
14.130556,-0.400000,-0.074512,0
14.133333,-0.385000,-0.073600,0
14.136111,-0.380000,-0.073549,0
14.138889,-0.385000,-0.074769,0
14.141667,-0.405000,-0.076764,0
14.144444,-0.410000,-0.078589,0
14.147222,-0.400000,-0.079664,0
14.150000,-0.395000,-0.080174,0
14.152778,-0.385000,-0.080707,0
14.155556,-0.395000,-0.081558,0
14.158333,-0.410000,-0.082400,0
14.161111,-0.405000,-0.082632,0
14.163889,-0.405000,-0.082003,0
14.166667,-0.395000,-0.080925,0
14.169444,-0.390000,-0.080186,0
14.172222,-0.395000,-0.080370,0
14.175000,-0.395000,-0.081419,0
14.177778,-0.405000,-0.082690,0
14.180556,-0.410000,-0.083407,0
14.183333,-0.400000,-0.083149,0
14.186111,-0.385000,-0.081950,0
14.188889,-0.395000,-0.079992,0
14.191667,-0.400000,-0.077340,0
14.194444,-0.395000,-0.074042,0
14.197222,-0.385000,-0.070440,0
14.200000,-0.385000,-0.067242,0
14.202778,-0.375000,-0.065253,0
14.205556,-0.375000,-0.064937,0
14.208333,-0.380000,-0.066144,0
14.211111,-0.395000,-0.068221,0
14.213889,-0.385000,-0.070451,0
14.216667,-0.390000,-0.072442,0
14.219444,-0.385000,-0.074136,0
14.222222,-0.380000,-0.075487,0
14.225000,-0.390000,-0.076172,0
14.227778,-0.400000,-0.075698,0
14.230556,-0.400000,-0.073939,0
14.233333,-0.390000,-0.071593,0
14.236111,-0.365000,-0.069970,0
14.238889,-0.375000,-0.070104,0
14.241667,-0.385000,-0.071941,0
14.244444,-0.400000,-0.074352,0
14.247222,-0.400000,-0.075971,0
14.250000,-0.390000,-0.076083,0
14.252778,-0.380000,-0.074855,0
14.255556,-0.375000,-0.072847,0
14.258333,-0.385000,-0.070409,0
14.261111,-0.395000,-0.067590,0
14.263889,-0.380000,-0.064521,0
14.266667,-0.370000,-0.061723,0
14.269444,-0.365000,-0.059880,0
14.272222,-0.365000,-0.059301,0
14.275000,-0.375000,-0.059645,0
14.277778,-0.385000,-0.060216,0
14.280556,-0.375000,-0.060619,0
14.283333,-0.375000,-0.061152,0
14.286111,-0.365000,-0.062589,0
14.288889,-0.370000,-0.065495,0
14.291667,-0.375000,-0.069654,0
14.294444,-0.400000,-0.074108,0
14.297222,-0.395000,-0.077817,0
14.300000,-0.405000,-0.080391,0
14.302778,-0.370000,-0.082196,0
14.305556,-0.385000,-0.083719,0
14.308333,-0.400000,-0.084881,0
14.311111,-0.410000,-0.085066,0
14.313889,-0.400000,-0.083851,0
14.316667,-0.395000,-0.081594,0
14.319444,-0.375000,-0.079276,0
14.322222,-0.380000,-0.077708,0
14.325000,-0.385000,-0.076856,0
14.327778,-0.405000,-0.075886,0
14.330556,-0.385000,-0.073835,0
14.333333,-0.375000,-0.070221,0
14.336111,-0.370000,-0.065060,0
14.338889,-0.365000,-0.058493,0
14.341667,-0.365000,-0.050543,0
14.344444,-0.350000,-0.041245,0
14.347222,-0.355000,-0.030945,0
14.350000,-0.320000,-0.020426,0
14.352778,-0.310000,-0.010608,0
14.355556,-0.310000,-0.002024,0
14.358333,-0.305000,0.005416,0
14.361111,-0.310000,0.012121,0
14.363889,-0.290000,0.018263,0
14.366667,-0.280000,0.023521,0
14.369444,-0.280000,0.027354,0
14.372222,-0.270000,0.029505,0
14.375000,-0.280000,0.030289,0
14.377778,-0.285000,0.030440,0
14.380556,-0.280000,0.030608,0
14.383333,-0.285000,0.030929,0
14.386111,-0.265000,0.031033,0
14.388889,-0.270000,0.030509,0
14.391667,-0.275000,0.029413,0
14.394444,-0.290000,0.028313,0
14.397222,-0.290000,0.027783,0
14.400000,-0.275000,0.027872,0
14.402778,-0.275000,0.028095,0
14.405556,-0.270000,0.027963,0
14.408333,-0.275000,0.027532,0
14.411111,-0.290000,0.027440,0
14.413889,-0.285000,0.028365,0
14.416667,-0.285000,0.030382,0
14.419444,-0.260000,0.032816,0
14.422222,-0.260000,0.034738,0
14.425000,-0.275000,0.035602,0
14.427778,-0.285000,0.035369,0
14.430556,-0.275000,0.034113,0
14.433333,-0.265000,0.031737,0
14.436111,-0.270000,0.028217,0
14.438889,-0.280000,0.024041,0
14.441667,-0.290000,0.020250,0
14.444444,-0.295000,0.017906,0
14.447222,-0.300000,0.017378,0
14.450000,-0.280000,0.018030,0
14.452778,-0.280000,0.018630,0
14.455556,-0.275000,0.018213,0
14.458333,-0.290000,0.016725,0
14.461111,-0.300000,0.014923,0
14.463889,-0.305000,0.013643,0
14.466667,-0.285000,0.013105,0
14.469444,-0.285000,0.012885,0
14.472222,-0.285000,0.012470,0
14.475000,-0.295000,0.011781,0
14.477778,-0.300000,0.011165,0
14.480556,-0.300000,0.010941,0
14.483333,-0.295000,0.011004,0
14.486111,-0.280000,0.010881,0
14.488889,-0.295000,0.010187,0
14.491667,-0.290000,0.009012,0
14.494444,-0.305000,0.007847,0
14.497222,-0.305000,0.007114,0
14.500000,-0.300000,0.006730,0
14.502778,-0.285000,0.006161,0
14.505556,-0.285000,0.004964,0
14.508333,-0.310000,0.003251,0
14.511111,-0.315000,0.001523,0
14.513889,-0.305000,0.000022,0
14.516667,-0.305000,-0.001641,0
14.519444,-0.295000,-0.004154,0
14.522222,-0.300000,-0.007765,0
14.525000,-0.320000,-0.011838,0
14.527778,-0.335000,-0.015190,0
14.530556,-0.320000,-0.016928,0
14.533333,-0.320000,-0.017028,0
14.536111,-0.310000,-0.016189,0
14.538889,-0.315000,-0.015182,0
14.541667,-0.310000,-0.014313,0
14.544444,-0.330000,-0.013387,0
14.547222,-0.320000,-0.012149,0
14.550000,-0.310000,-0.010700,0
14.552778,-0.305000,-0.009473,0
14.555556,-0.305000,-0.008803,0
14.558333,-0.315000,-0.008586,0
14.561111,-0.315000,-0.008370,0
14.563889,-0.315000,-0.007769,0
14.566667,-0.305000,-0.006768,0
14.569444,-0.305000,-0.005670,0
14.572222,-0.300000,-0.004785,0
14.575000,-0.310000,-0.004203,0
14.577778,-0.310000,-0.003875,0
14.580556,-0.310000,-0.003914,0
14.583333,-0.310000,-0.004746,0
14.586111,-0.295000,-0.006872,0
14.588889,-0.300000,-0.010315,0
14.591667,-0.325000,-0.014287,0
14.594444,-0.325000,-0.017508,0
14.597222,-0.330000,-0.019017,0
14.600000,-0.320000,-0.018783,0
14.602778,-0.310000,-0.017597,0
14.605556,-0.305000,-0.016353,0
14.608333,-0.315000,-0.015356,0
14.611111,-0.330000,-0.014258,0
14.613889,-0.320000,-0.012642,0
14.616667,-0.310000,-0.010623,0
14.619444,-0.305000,-0.008823,0
14.622222,-0.300000,-0.007740,0
14.625000,-0.295000,-0.007055,0
14.627778,-0.320000,-0.005509,0
14.630556,-0.310000,-0.001520,0
14.633333,-0.300000,0.005866,0
14.636111,-0.275000,0.016437,0
14.638889,-0.270000,0.028981,0
14.641667,-0.260000,0.041836,0
14.644444,-0.250000,0.053357,0
14.647222,-0.235000,0.062222,0
14.650000,-0.230000,0.067697,0
14.652778,-0.225000,0.069897,0
14.655556,-0.230000,0.069870,0
14.658333,-0.230000,0.069318,0
14.661111,-0.240000,0.069984,0
14.663889,-0.230000,0.072938,0
14.666667,-0.225000,0.078165,0
14.669444,-0.205000,0.084701,0
14.672222,-0.205000,0.091242,0
14.675000,-0.200000,0.096740,0
14.677778,-0.210000,0.100627,0
14.680556,-0.195000,0.102622,0
14.683333,-0.200000,0.102522,0
14.686111,-0.190000,0.100247,0
14.688889,-0.200000,0.096085,0
14.691667,-0.210000,0.090785,0
14.694444,-0.225000,0.085267,0
14.697222,-0.225000,0.080118,0
14.700000,-0.220000,0.075357,0
14.702778,-0.220000,0.070785,0
14.705556,-0.220000,0.066698,0
14.708333,-0.230000,0.064292,0
14.711111,-0.250000,0.065224,0
14.713889,-0.245000,0.070385,0
14.716667,-0.230000,0.078726,0
14.719444,-0.205000,0.087144,0
14.722222,-0.185000,0.091738,0
14.725000,-0.195000,0.089705,0
14.727778,-0.225000,0.080560,0
14.730556,-0.250000,0.065930,0
14.733333,-0.255000,0.048320,0
14.736111,-0.265000,0.029971,0
14.738889,-0.275000,0.012509,0
14.741667,-0.305000,-0.002840,0
14.744444,-0.320000,-0.015125,0
14.747222,-0.325000,-0.023848,0
14.750000,-0.325000,-0.029161,0
14.752778,-0.330000,-0.031786,0
14.755556,-0.330000,-0.032686,0
14.758333,-0.325000,-0.032733,0
14.761111,-0.335000,-0.032558,0
14.763889,-0.340000,-0.032654,0
14.766667,-0.335000,-0.033556,0
14.769444,-0.320000,-0.035792,0
14.772222,-0.335000,-0.039513,0
14.775000,-0.345000,-0.044182,0
14.777778,-0.355000,-0.048736,0
14.780556,-0.350000,-0.052131,0
14.783333,-0.355000,-0.053794,0
14.786111,-0.350000,-0.053720,0
14.788889,-0.345000,-0.052233,0
14.791667,-0.340000,-0.049688,0
14.794444,-0.355000,-0.046427,0
14.797222,-0.350000,-0.043115,0
14.800000,-0.340000,-0.041170,0
14.802778,-0.340000,-0.042779,0
14.805556,-0.340000,-0.050318,0
14.808333,-0.355000,-0.065523,0
14.811111,-0.400000,-0.088926,0
14.813889,-0.435000,-0.119801,0
14.816667,-0.455000,-0.156183,0
14.819444,-0.470000,-0.194273,0
14.822222,-0.500000,-0.227225,0
14.825000,-0.540000,-0.244382,0
14.827778,-0.545000,-0.232188,0
14.830556,-0.465000,-0.176894,0
14.833333,-0.355000,-0.068193,0
14.836111,-0.210000,0.096971,0
14.838889,-0.035000,0.310636,0
14.841667,0.185000,0.550852,0
14.844444,0.435000,0.781622,0
14.847222,0.675000,0.958283,0
14.850000,0.820000,1.038920,1
14.852778,0.825000,0.998829,0
14.855556,0.640000,0.841918,0
14.858333,0.320000,0.602723,0
14.861111,-0.070000,0.336296,0
14.863889,-0.340000,0.099398,0
14.866667,-0.445000,-0.068422,0
14.869444,-0.445000,-0.154959,0
14.872222,-0.410000,-0.173065,0
14.875000,-0.380000,-0.149402,0
14.877778,-0.375000,-0.111398,0
14.880556,-0.375000,-0.078388,0
14.883333,-0.370000,-0.058970,0
14.886111,-0.365000,-0.053082,0
14.888889,-0.360000,-0.055964,0
14.891667,-0.370000,-0.061851,0
14.894444,-0.375000,-0.066445,0
14.897222,-0.370000,-0.068015,0
14.900000,-0.360000,-0.067211,0
14.902778,-0.350000,-0.065904,0
14.905556,-0.355000,-0.065709,0
14.908333,-0.365000,-0.067057,0
14.911111,-0.380000,-0.069272,0
14.913889,-0.380000,-0.071424,0
14.916667,-0.370000,-0.073150,0
14.919444,-0.365000,-0.074774,0
14.922222,-0.365000,-0.076763,0
14.925000,-0.380000,-0.079118,0
14.927778,-0.385000,-0.081306,0
14.930556,-0.390000,-0.082715,0
14.933333,-0.380000,-0.083159,0
14.936111,-0.375000,-0.082945,0
14.938889,-0.375000,-0.082493,0
14.941667,-0.380000,-0.081941,0
14.944444,-0.390000,-0.081123,0
14.947222,-0.380000,-0.079889,0
14.950000,-0.375000,-0.078361,0
14.952778,-0.370000,-0.076812,0
14.955556,-0.365000,-0.075295,0
14.958333,-0.375000,-0.073454,0
14.961111,-0.385000,-0.070797,0
14.963889,-0.365000,-0.067251,0
14.966667,-0.360000,-0.063434,0
14.969444,-0.350000,-0.060337,0
14.972222,-0.355000,-0.058684,0
14.975000,-0.355000,-0.058536,0
14.977778,-0.370000,-0.059416,0
14.980556,-0.365000,-0.060784,0
14.983333,-0.350000,-0.062365,0
14.986111,-0.360000,-0.064059,0
14.988889,-0.365000,-0.065642,0
14.991667,-0.365000,-0.066715,0
14.994444,-0.375000,-0.067014,0
14.997222,-0.375000,-0.066780,0
15.000000,-0.355000,-0.066804,0
15.002778,-0.355000,-0.067923,0
15.005556,-0.370000,-0.070332,0
15.008333,-0.375000,-0.073324,0
15.011111,-0.380000,-0.075716,0
15.013889,-0.385000,-0.076576,0
15.016667,-0.370000,-0.075717,0
15.019444,-0.370000,-0.073619,0
15.022222,-0.360000,-0.070950,0
15.025000,-0.370000,-0.068113,0
15.027778,-0.375000,-0.065219,0
15.030556,-0.365000,-0.062403,0
15.033333,-0.355000,-0.060023,0
15.036111,-0.345000,-0.058428,0
15.038889,-0.360000,-0.057518,0
15.041667,-0.355000,-0.056644,0
15.044444,-0.365000,-0.055028,0
15.047222,-0.360000,-0.052406,0
15.050000,-0.345000,-0.049326,0
15.052778,-0.335000,-0.046807,0
15.055556,-0.335000,-0.045595,0
15.058333,-0.355000,-0.045669,0
15.061111,-0.355000,-0.046451,0
15.063889,-0.350000,-0.047439,0
15.066667,-0.340000,-0.048598,0
15.069444,-0.350000,-0.050215,0
15.072222,-0.350000,-0.052508,0
15.075000,-0.355000,-0.055403,0
15.077778,-0.365000,-0.058597,0
15.080556,-0.360000,-0.061772,0
15.083333,-0.365000,-0.064716,0
15.086111,-0.365000,-0.067279,0
15.088889,-0.365000,-0.069219,0
15.091667,-0.370000,-0.070154,0
15.094444,-0.375000,-0.069750,0
15.097222,-0.380000,-0.068095,0
15.100000,-0.365000,-0.065922,0
15.102778,-0.350000,-0.064344,0
15.105556,-0.360000,-0.064161,0
15.108333,-0.365000,-0.065324,0
15.111111,-0.380000,-0.067069,0
15.113889,-0.375000,-0.068589,0
15.116667,-0.370000,-0.069603,0
15.119444,-0.360000,-0.070319,0
15.122222,-0.365000,-0.070918,0
15.125000,-0.375000,-0.071123,0
15.127778,-0.380000,-0.070315,0
15.130556,-0.375000,-0.068060,0
15.133333,-0.360000,-0.064493,0
15.136111,-0.355000,-0.060202,0
15.138889,-0.355000,-0.055768,0
15.141667,-0.355000,-0.051445,0
15.144444,-0.350000,-0.047206,0
15.147222,-0.350000,-0.043019,0
15.150000,-0.340000,-0.039033,0
15.152778,-0.330000,-0.035475,0
15.155556,-0.325000,-0.032318,0
15.158333,-0.335000,-0.029084,0
15.161111,-0.335000,-0.025079,0
15.163889,-0.330000,-0.019941,0
15.166667,-0.310000,-0.013977,0
15.169444,-0.300000,-0.007913,0
15.172222,-0.295000,-0.002263,0
15.175000,-0.305000,0.003035,0
15.177778,-0.310000,0.008341,0
15.180556,-0.285000,0.013685,0
15.183333,-0.285000,0.018494,0
15.186111,-0.265000,0.022004,0
15.188889,-0.270000,0.023986,0
15.191667,-0.285000,0.025063,0
15.194444,-0.290000,0.026289,0
15.197222,-0.275000,0.028330,0
15.200000,-0.270000,0.031020,0
15.202778,-0.255000,0.033668,0
15.205556,-0.265000,0.035751,0
15.208333,-0.265000,0.037314,0
15.211111,-0.275000,0.038743,0
15.213889,-0.270000,0.040153,0
15.216667,-0.260000,0.041000,0
15.219444,-0.250000,0.040340,0
15.222222,-0.260000,0.037554,0
15.225000,-0.270000,0.032916,0
15.227778,-0.280000,0.027503,0
15.230556,-0.290000,0.022532,0
15.233333,-0.290000,0.018638,0
15.236111,-0.280000,0.015651,0
15.238889,-0.280000,0.012998,0
15.241667,-0.290000,0.010350,0
15.244444,-0.305000,0.007911,0
15.247222,-0.300000,0.006133,0
15.250000,-0.300000,0.005224,0
15.252778,-0.295000,0.004952,0
15.255556,-0.300000,0.004828,0
15.258333,-0.290000,0.004471,0
15.261111,-0.300000,0.003835,0
15.263889,-0.310000,0.003127,0
15.266667,-0.310000,0.002445,0
15.269444,-0.295000,0.001537,0
15.272222,-0.295000,0.000012,0
15.275000,-0.300000,-0.002161,0
15.277778,-0.320000,-0.004439,0
15.280556,-0.315000,-0.006058,0
15.283333,-0.315000,-0.006593,0
15.286111,-0.300000,-0.006174,0
15.288889,-0.310000,-0.005218,0
15.291667,-0.305000,-0.004042,0
15.294444,-0.315000,-0.002733,0
15.297222,-0.305000,-0.001322,0
15.300000,-0.305000,0.000011,0
15.302778,-0.305000,0.000894,0
15.305556,-0.300000,0.000894,0
15.308333,-0.305000,-0.000300,0
15.311111,-0.310000,-0.002776,0
15.313889,-0.315000,-0.006424,0
15.316667,-0.315000,-0.010985,0
15.319444,-0.315000,-0.015995,0
15.322222,-0.320000,-0.020676,0
15.325000,-0.335000,-0.024021,0
15.327778,-0.345000,-0.025245,0
15.330556,-0.335000,-0.024336,0
15.333333,-0.310000,-0.022141,0
15.336111,-0.325000,-0.019800,0
15.338889,-0.320000,-0.018026,0
15.341667,-0.330000,-0.016880,0
15.344444,-0.325000,-0.016092,0
15.347222,-0.325000,-0.015539,0
15.350000,-0.320000,-0.015449,0
15.352778,-0.320000,-0.016214,0
15.355556,-0.315000,-0.017982,0
15.358333,-0.325000,-0.020386,0
15.361111,-0.345000,-0.022694,0
15.363889,-0.335000,-0.024312,0
15.366667,-0.325000,-0.025168,0
15.369444,-0.325000,-0.025559,0
15.372222,-0.330000,-0.025665,0
15.375000,-0.335000,-0.025315,0
15.377778,-0.340000,-0.024231,0
15.380556,-0.335000,-0.022510,0
15.383333,-0.325000,-0.020818,0
15.386111,-0.320000,-0.020041,0
15.388889,-0.315000,-0.020615,0
15.391667,-0.335000,-0.022102,0
15.394444,-0.345000,-0.023457,0
15.397222,-0.335000,-0.023773,0
15.400000,-0.325000,-0.022834,0
15.402778,-0.325000,-0.021025,0
15.405556,-0.320000,-0.018819,0
15.408333,-0.325000,-0.016412,0
15.411111,-0.335000,-0.013827,0
15.413889,-0.320000,-0.011315,0
15.416667,-0.320000,-0.009579,0
15.419444,-0.310000,-0.009473,0
15.422222,-0.310000,-0.011322,0
15.425000,-0.320000,-0.014377,0
15.427778,-0.330000,-0.016885,0
15.430556,-0.340000,-0.016857,0
15.433333,-0.325000,-0.013050,0
15.436111,-0.305000,-0.005490,0
15.438889,-0.305000,0.004725,0
15.441667,-0.290000,0.016004,0
15.444444,-0.290000,0.026741,0
15.447222,-0.270000,0.035576,0
15.450000,-0.265000,0.041604,0
15.452778,-0.265000,0.044617,0
15.455556,-0.260000,0.045265,0
15.458333,-0.260000,0.044961,0
15.461111,-0.270000,0.045460,0
15.463889,-0.275000,0.048135,0
15.466667,-0.260000,0.053280,0
15.469444,-0.245000,0.059937,0
15.472222,-0.235000,0.066472,0
15.475000,-0.230000,0.071499,0
15.477778,-0.245000,0.074488,0
15.480556,-0.240000,0.075714,0
15.483333,-0.230000,0.075813,0
15.486111,-0.240000,0.075416,0
15.488889,-0.225000,0.075058,0
15.491667,-0.240000,0.075174,0
15.494444,-0.245000,0.075958,0
15.497222,-0.240000,0.077160,0
15.500000,-0.220000,0.078151,0
15.502778,-0.220000,0.078445,0
15.505556,-0.230000,0.078233,0
15.508333,-0.245000,0.078238,0
15.511111,-0.255000,0.078778,0
15.513889,-0.240000,0.078820,0
15.516667,-0.215000,0.076052,0
15.519444,-0.225000,0.068189,0
15.522222,-0.255000,0.054530,0
15.525000,-0.285000,0.036496,0
15.527778,-0.310000,0.016833,0
15.530556,-0.310000,-0.001704,0
15.533333,-0.330000,-0.017209,0
15.536111,-0.335000,-0.028736,0
15.538889,-0.350000,-0.036011,0
15.541667,-0.350000,-0.039230,0
15.544444,-0.360000,-0.039059,0
15.547222,-0.355000,-0.036723,0
15.550000,-0.340000,-0.033870,0
15.552778,-0.340000,-0.032056,0
15.555556,-0.335000,-0.032078,0
15.558333,-0.350000,-0.033643,0
15.561111,-0.360000,-0.035707,0
15.563889,-0.360000,-0.037264,0
15.566667,-0.345000,-0.037960,0
15.569444,-0.345000,-0.038076,0
15.572222,-0.350000,-0.038014,0
15.575000,-0.350000,-0.037877,0
15.577778,-0.360000,-0.037482,0
15.580556,-0.350000,-0.036696,0
15.583333,-0.350000,-0.035754,0
15.586111,-0.345000,-0.035328,0
15.588889,-0.355000,-0.036422,0
15.591667,-0.355000,-0.040280,0
15.594444,-0.370000,-0.048319,0
15.597222,-0.375000,-0.061946,0
15.600000,-0.390000,-0.082102,0
15.602778,-0.425000,-0.108613,0
15.605556,-0.455000,-0.139622,0
15.608333,-0.475000,-0.171330,0
15.611111,-0.500000,-0.198128,0
15.613889,-0.540000,-0.213370,0
15.616667,-0.570000,-0.210850,0
15.619444,-0.510000,-0.186276,0
15.622222,-0.415000,-0.137346,0
15.625000,-0.335000,-0.062051,0
15.627778,-0.260000,0.043080,0
15.630556,-0.150000,0.182375,0
15.633333,-0.005000,0.357402,0
15.636111,0.205000,0.562236,0
15.638889,0.470000,0.780651,0
15.641667,0.680000,0.987157,0
15.644444,0.825000,1.151521,0
15.647222,0.925000,1.245019,0
15.650000,0.970000,1.246962,1
15.652778,0.885000,1.150595,0
15.655556,0.690000,0.966817,0
15.658333,0.415000,0.723609,0
15.661111,0.105000,0.460140,0
15.663889,-0.150000,0.216915,0
15.666667,-0.345000,0.025464,0
15.669444,-0.435000,-0.098604,0
15.672222,-0.465000,-0.156887,0
15.675000,-0.455000,-0.164109,0
15.677778,-0.425000,-0.141054,0
15.680556,-0.415000,-0.107644,0
15.683333,-0.395000,-0.078381,0
15.686111,-0.375000,-0.060768,0
15.688889,-0.370000,-0.056001,0
15.691667,-0.395000,-0.060937,0
15.694444,-0.400000,-0.070544,0
15.697222,-0.400000,-0.080119,0
15.700000,-0.410000,-0.086626,0
15.702778,-0.400000,-0.088970,0
15.705556,-0.405000,-0.087539,0
15.708333,-0.400000,-0.083555,0
15.711111,-0.405000,-0.078584,0
15.713889,-0.395000,-0.074273,0
15.716667,-0.390000,-0.072064,0
15.719444,-0.380000,-0.072716,0
15.722222,-0.385000,-0.075801,0
15.725000,-0.405000,-0.079673,0
15.727778,-0.420000,-0.082221,0
15.730556,-0.405000,-0.082063,0
15.733333,-0.400000,-0.079330,0
15.736111,-0.390000,-0.075488,0
15.738889,-0.380000,-0.072425,0
15.741667,-0.395000,-0.071460,0
15.744444,-0.395000,-0.072872,0
15.747222,-0.400000,-0.076009,0
15.750000,-0.390000,-0.079691,0
15.752778,-0.410000,-0.082606,0
15.755556,-0.405000,-0.083725,0
15.758333,-0.410000,-0.082760,0
15.761111,-0.410000,-0.080457,0
15.763889,-0.395000,-0.078419,0
15.766667,-0.385000,-0.078353,0
15.769444,-0.395000,-0.081052,0
15.772222,-0.405000,-0.085798,0
15.775000,-0.420000,-0.090701,0
15.777778,-0.435000,-0.093817,0
15.780556,-0.415000,-0.094275,0
15.783333,-0.405000,-0.092622,0
15.786111,-0.410000,-0.090202,0
15.788889,-0.400000,-0.088162,0
15.791667,-0.410000,-0.086813,0
15.794444,-0.415000,-0.085658,0
15.797222,-0.410000,-0.083934,0
15.800000,-0.400000,-0.081192,0
15.802778,-0.405000,-0.077562,0
15.805556,-0.390000,-0.073652,0
15.808333,-0.390000,-0.070285,0
15.811111,-0.400000,-0.068256,0
15.813889,-0.390000,-0.068203,0
15.816667,-0.390000,-0.070471,0
15.819444,-0.390000,-0.074833,0
15.822222,-0.395000,-0.080254,0
15.825000,-0.420000,-0.085073,0
15.827778,-0.420000,-0.087729,0
15.830556,-0.415000,-0.087621,0
15.833333,-0.410000,-0.085456,0
15.836111,-0.395000,-0.082766,0
15.838889,-0.395000,-0.080929,0
15.841667,-0.400000,-0.080354,0
15.844444,-0.415000,-0.080407,0
15.847222,-0.415000,-0.080077,0
15.850000,-0.400000,-0.078789,0
15.852778,-0.400000,-0.076683,0
15.855556,-0.385000,-0.074237,0
15.858333,-0.390000,-0.071704,0
15.861111,-0.410000,-0.068971,0
15.863889,-0.395000,-0.066000,0
15.866667,-0.390000,-0.063346,0
15.869444,-0.380000,-0.062133,0
15.872222,-0.375000,-0.063409,0
15.875000,-0.390000,-0.067434,0
15.877778,-0.405000,-0.073544,0
15.880556,-0.420000,-0.080721,0
15.883333,-0.415000,-0.088364,0
15.886111,-0.415000,-0.096521,0
15.888889,-0.415000,-0.105377,0
15.891667,-0.435000,-0.114535,0
15.894444,-0.465000,-0.122857,0
15.897222,-0.455000,-0.129075,0
15.900000,-0.465000,-0.132627,0
15.902778,-0.460000,-0.133977,0
15.905556,-0.445000,-0.134230,0
15.908333,-0.455000,-0.134369,0
15.911111,-0.465000,-0.134737,0
15.913889,-0.475000,-0.135125,0
15.916667,-0.455000,-0.135242,0
15.919444,-0.460000,-0.134950,0
15.922222,-0.450000,-0.134075,0
15.925000,-0.455000,-0.132131,0
15.927778,-0.470000,-0.128430,0
15.930556,-0.455000,-0.122593,0
15.933333,-0.440000,-0.114956,0
15.936111,-0.420000,-0.106370,0
15.938889,-0.415000,-0.097492,0
15.941667,-0.420000,-0.088262,0
15.944444,-0.410000,-0.078081,0
15.947222,-0.410000,-0.066523,0
15.950000,-0.370000,-0.053900,0
15.952778,-0.360000,-0.041149,0
15.955556,-0.350000,-0.029211,0
15.958333,-0.350000,-0.018549,0
15.961111,-0.345000,-0.009257,0
15.963889,-0.335000,-0.001512,0
15.966667,-0.320000,0.004213,0
15.969444,-0.300000,0.007516,0
15.972222,-0.320000,0.008694,0
15.975000,-0.315000,0.008942,0
15.977778,-0.340000,0.009740,0
15.980556,-0.325000,0.011853,0
15.983333,-0.300000,0.014813,0
15.986111,-0.300000,0.017413,0
15.988889,-0.300000,0.018751,0
15.991667,-0.310000,0.018888,0
15.994444,-0.330000,0.018571,0
15.997222,-0.310000,0.018413,0
16.000000,-0.305000,0.018356,0
16.002778,-0.300000,0.017916,0
16.005556,-0.305000,0.016859,0
16.008333,-0.315000,0.015583,0
16.011111,-0.330000,0.014842,0
16.013889,-0.310000,0.015126,0
16.016667,-0.305000,0.016318,0
16.019444,-0.310000,0.017911,0
16.022222,-0.305000,0.019438,0
16.025000,-0.310000,0.020704,0
16.027778,-0.310000,0.021690,0
16.030556,-0.310000,0.022322,0
16.033333,-0.300000,0.022364,0
16.036111,-0.305000,0.021536,0
16.038889,-0.310000,0.019732,0
16.041667,-0.310000,0.017093,0
16.044444,-0.320000,0.013904,0
16.047222,-0.315000,0.010415,0
16.050000,-0.330000,0.006766,0
16.052778,-0.315000,0.003084,0
16.055556,-0.320000,-0.000289,0
16.058333,-0.340000,-0.002704,0
16.061111,-0.340000,-0.003512,0
16.063889,-0.335000,-0.002618,0
16.066667,-0.330000,-0.000764,0
16.069444,-0.320000,0.000783,0
16.072222,-0.320000,0.000941,0
16.075000,-0.325000,-0.000612,0
16.077778,-0.350000,-0.003444,0
16.080556,-0.340000,-0.006911,0
16.083333,-0.335000,-0.010658,0
16.086111,-0.335000,-0.014581,0
16.088889,-0.345000,-0.018387,0
16.091667,-0.350000,-0.021329,0
16.094444,-0.360000,-0.022479,0
16.097222,-0.360000,-0.021325,0
16.100000,-0.345000,-0.018211,0
16.102778,-0.335000,-0.014197,0
16.105556,-0.335000,-0.010436,0
16.108333,-0.335000,-0.007598,0
16.111111,-0.345000,-0.005757,0
16.113889,-0.335000,-0.004742,0
16.116667,-0.335000,-0.004514,0
16.119444,-0.330000,-0.005229,0
16.122222,-0.335000,-0.007006,0
16.125000,-0.335000,-0.009688,0
16.127778,-0.350000,-0.012833,0
16.130556,-0.345000,-0.015948,0
16.133333,-0.355000,-0.018775,0
16.136111,-0.345000,-0.021334,0
16.138889,-0.345000,-0.023683,0
16.141667,-0.355000,-0.025616,0
16.144444,-0.365000,-0.026651,0
16.147222,-0.360000,-0.026388,0
16.150000,-0.355000,-0.024871,0
16.152778,-0.345000,-0.022573,0
16.155556,-0.345000,-0.020031,0
16.158333,-0.345000,-0.017532,0
16.161111,-0.360000,-0.015175,0
16.163889,-0.345000,-0.013251,0
16.166667,-0.340000,-0.012456,0
16.169444,-0.335000,-0.013567,0
16.172222,-0.340000,-0.016792,0
16.175000,-0.345000,-0.021347,0
16.177778,-0.370000,-0.025697,0
16.180556,-0.370000,-0.028405,0
16.183333,-0.360000,-0.028930,0
16.186111,-0.340000,-0.027733,0
16.188889,-0.350000,-0.025662,0
16.191667,-0.365000,-0.023335,0
16.194444,-0.355000,-0.021085,0
16.197222,-0.350000,-0.019238,0
16.200000,-0.340000,-0.018176,0
16.202778,-0.340000,-0.018034,0
16.205556,-0.355000,-0.018459,0
16.208333,-0.355000,-0.018772,0
16.211111,-0.350000,-0.018431,0
16.213889,-0.350000,-0.017328,0
16.216667,-0.335000,-0.015637,0
16.219444,-0.340000,-0.013362,0
16.222222,-0.340000,-0.010011,0
16.225000,-0.330000,-0.004718,0
16.227778,-0.350000,0.003160,0
16.230556,-0.315000,0.013381,0
16.233333,-0.300000,0.024635,0
16.236111,-0.290000,0.035125,0
16.238889,-0.275000,0.043530,0
16.241667,-0.280000,0.049667,0
16.244444,-0.285000,0.054422,0
16.247222,-0.275000,0.059053,0
16.250000,-0.270000,0.064408,0
16.252778,-0.255000,0.070591,0
16.255556,-0.240000,0.077169,0
16.258333,-0.250000,0.083570,0
16.261111,-0.255000,0.089196,0
16.263889,-0.240000,0.093226,0
16.266667,-0.225000,0.094633,0
16.269444,-0.225000,0.092723,0
16.272222,-0.240000,0.087804,0
16.275000,-0.255000,0.081289,0
16.277778,-0.260000,0.075025,0
16.280556,-0.275000,0.070322,0
16.283333,-0.260000,0.067403,0
16.286111,-0.245000,0.065718,0
16.288889,-0.255000,0.064857,0
16.291667,-0.265000,0.065217,0
16.294444,-0.280000,0.067683,0
16.297222,-0.270000,0.072547,0
16.300000,-0.250000,0.078649,0
16.302778,-0.235000,0.083577,0
16.305556,-0.230000,0.084830,0
16.308333,-0.245000,0.081042,0
16.311111,-0.270000,0.072378,0
16.313889,-0.280000,0.059981,0
16.316667,-0.280000,0.045157,0
16.319444,-0.290000,0.029039,0
16.322222,-0.315000,0.012777,0
16.325000,-0.335000,-0.002319,0
16.327778,-0.355000,-0.015044,0
16.330556,-0.355000,-0.024759,0
16.333333,-0.355000,-0.031541,0
16.336111,-0.360000,-0.035855,0
16.338889,-0.360000,-0.038059,0
16.341667,-0.375000,-0.038241,0
16.344444,-0.380000,-0.036542,0
16.347222,-0.360000,-0.033616,0
16.350000,-0.355000,-0.030645,0
16.352778,-0.350000,-0.028761,0
16.355556,-0.345000,-0.028320,0
16.358333,-0.370000,-0.028694,0
16.361111,-0.370000,-0.028802,0
16.363889,-0.355000,-0.027969,0
16.366667,-0.355000,-0.026377,0
16.369444,-0.350000,-0.024827,0
16.372222,-0.345000,-0.024106,0
16.375000,-0.355000,-0.024465,0
16.377778,-0.355000,-0.025523,0
16.380556,-0.360000,-0.026584,0
16.383333,-0.355000,-0.027115,0
16.386111,-0.355000,-0.027114,0
16.388889,-0.355000,-0.027256,0
16.391667,-0.360000,-0.028932,0
16.394444,-0.375000,-0.034218,0
16.397222,-0.370000,-0.045657,0
16.400000,-0.390000,-0.065629,0
16.402778,-0.425000,-0.095303,0
16.405556,-0.465000,-0.133511,0
16.408333,-0.490000,-0.175783,0
16.411111,-0.525000,-0.213741,0
16.413889,-0.560000,-0.235190,0
16.416667,-0.560000,-0.225444,0
16.419444,-0.495000,-0.169922,0
16.422222,-0.360000,-0.057522,0
16.425000,-0.220000,0.115612,0
16.427778,-0.045000,0.341963,0
16.430556,0.190000,0.598953,0
16.433333,0.475000,0.848308,0
16.436111,0.725000,1.041594,0
16.438889,0.895000,1.132670,1
16.441667,0.895000,1.093601,0
16.444444,0.710000,0.927288,0
16.447222,0.350000,0.669952,0
16.450000,-0.055000,0.380516,0
16.452778,-0.350000,0.120564,0
16.455556,-0.480000,-0.066030,0
16.458333,-0.490000,-0.164432,0
16.461111,-0.465000,-0.187218,0
16.463889,-0.415000,-0.162937,0
16.466667,-0.405000,-0.122006,0
16.469444,-0.395000,-0.086353,0
16.472222,-0.405000,-0.065686,0
16.475000,-0.420000,-0.059554,0
16.477778,-0.395000,-0.062248,0
16.480556,-0.415000,-0.067502,0
16.483333,-0.400000,-0.071291,0
16.486111,-0.390000,-0.072436,0
16.488889,-0.385000,-0.071684,0
16.491667,-0.395000,-0.070312,0
16.494444,-0.405000,-0.069227,0
16.497222,-0.395000,-0.068827,0
16.500000,-0.400000,-0.069242,0
16.502778,-0.390000,-0.070424,0
16.505556,-0.390000,-0.071999,0
16.508333,-0.400000,-0.073193,0
16.511111,-0.415000,-0.073143,0
16.513889,-0.405000,-0.071530,0
16.516667,-0.390000,-0.068935,0
16.519444,-0.380000,-0.066470,0
16.522222,-0.380000,-0.064946,0
16.525000,-0.405000,-0.064356,0
16.527778,-0.390000,-0.064133,0
16.530556,-0.400000,-0.063860,0
16.533333,-0.390000,-0.063751,0
16.536111,-0.380000,-0.064485,0
16.538889,-0.380000,-0.066572,0
16.541667,-0.405000,-0.069805,0
16.544444,-0.400000,-0.073298,0
16.547222,-0.410000,-0.076031,0
16.550000,-0.400000,-0.077372,0
16.552778,-0.395000,-0.077183,0
16.555556,-0.400000,-0.075595,0
16.558333,-0.400000,-0.072827,0
16.561111,-0.405000,-0.069283,0
16.563889,-0.390000,-0.065732,0
16.566667,-0.380000,-0.063212,0
16.569444,-0.385000,-0.062553,0
16.572222,-0.385000,-0.063892,0
16.575000,-0.390000,-0.066559,0
16.577778,-0.405000,-0.069472,0
16.580556,-0.400000,-0.071774,0
16.583333,-0.400000,-0.073286,0
16.586111,-0.390000,-0.074439,0
16.588889,-0.390000,-0.075765,0
16.591667,-0.410000,-0.077430,0
16.594444,-0.410000,-0.079229,0
16.597222,-0.405000,-0.080922,0
16.600000,-0.400000,-0.082455,0
16.602778,-0.410000,-0.083854,0
16.605556,-0.405000,-0.085015,0
16.608333,-0.410000,-0.085646,0
16.611111,-0.415000,-0.085432,0
16.613889,-0.410000,-0.084285,0
16.616667,-0.405000,-0.082452,0
16.619444,-0.395000,-0.080361,0
16.622222,-0.405000,-0.078327,0
16.625000,-0.400000,-0.076398,0
16.627778,-0.400000,-0.074471,0
16.630556,-0.395000,-0.072536,0
16.633333,-0.405000,-0.070819,0
16.636111,-0.380000,-0.069695,0
16.638889,-0.385000,-0.069364,0
16.641667,-0.390000,-0.069556,0
16.644444,-0.410000,-0.069665,0
16.647222,-0.395000,-0.069328,0
16.650000,-0.390000,-0.068857,0
16.652778,-0.380000,-0.069043,0
16.655556,-0.385000,-0.070501,0
16.658333,-0.405000,-0.073218,0
16.661111,-0.405000,-0.076704,0
16.663889,-0.405000,-0.080497,0
16.666667,-0.400000,-0.084454,0
16.669444,-0.410000,-0.088598,0
16.672222,-0.410000,-0.092790,0
16.675000,-0.415000,-0.096590,0
16.677778,-0.435000,-0.099492,0
16.680556,-0.430000,-0.101366,0
16.683333,-0.415000,-0.102697,0
16.686111,-0.420000,-0.104278,0
16.688889,-0.420000,-0.106596,0
16.691667,-0.440000,-0.109487,0
16.694444,-0.440000,-0.112367,0
16.697222,-0.435000,-0.114723,0
16.700000,-0.435000,-0.116365,0
16.702778,-0.435000,-0.117266,0
16.705556,-0.430000,-0.117263,0
16.708333,-0.445000,-0.115963,0
16.711111,-0.445000,-0.113009,0
16.713889,-0.420000,-0.108421,0
16.716667,-0.425000,-0.102622,0
16.719444,-0.410000,-0.096089,0
16.722222,-0.405000,-0.088953,0
16.725000,-0.400000,-0.080927,0
16.727778,-0.410000,-0.071658,0
16.730556,-0.380000,-0.061277,0
16.733333,-0.370000,-0.050614,0
16.736111,-0.350000,-0.040789,0
16.738889,-0.340000,-0.032454,0
16.741667,-0.355000,-0.025364,0
16.744444,-0.345000,-0.018671,0
16.747222,-0.340000,-0.011690,0
16.750000,-0.315000,-0.004443,0
16.752778,-0.320000,0.002442,0
16.755556,-0.300000,0.008282,0
16.758333,-0.300000,0.012867,0
16.761111,-0.315000,0.016548,0
16.763889,-0.305000,0.019818,0
16.766667,-0.300000,0.022792,0
16.769444,-0.280000,0.025115,0
16.772222,-0.290000,0.026396,0
16.775000,-0.290000,0.026685,0
16.777778,-0.300000,0.026511,0
16.780556,-0.295000,0.026479,0
16.783333,-0.295000,0.026871,0
16.786111,-0.280000,0.027610,0
16.788889,-0.285000,0.028576,0
16.791667,-0.290000,0.029894,0
16.794444,-0.295000,0.031843,0
16.797222,-0.285000,0.034456,0
16.800000,-0.280000,0.037259,0
16.802778,-0.275000,0.039444,0
16.805556,-0.265000,0.040345,0
16.808333,-0.280000,0.039827,0
16.811111,-0.295000,0.038217,0
16.813889,-0.280000,0.035885,0
16.816667,-0.280000,0.032988,0
16.819444,-0.275000,0.029692,0
16.822222,-0.290000,0.026577,0
16.825000,-0.295000,0.024621,0
16.827778,-0.310000,0.024592,0
16.830556,-0.290000,0.026307,0
16.833333,-0.290000,0.028439,0
16.836111,-0.275000,0.029187,0
16.838889,-0.270000,0.027423,0
16.841667,-0.295000,0.023494,0
16.844444,-0.315000,0.018998,0
16.847222,-0.310000,0.015660,0
16.850000,-0.300000,0.014234,0
16.852778,-0.295000,0.014283,0
16.855556,-0.290000,0.014813,0
16.858333,-0.300000,0.015047,0
16.861111,-0.315000,0.014683,0
16.863889,-0.305000,0.013626,0
16.866667,-0.300000,0.011725,0
16.869444,-0.290000,0.008968,0
16.872222,-0.310000,0.005903,0
16.875000,-0.315000,0.003646,0
16.877778,-0.330000,0.003243,0
16.880556,-0.310000,0.004836,0
16.883333,-0.305000,0.007406,0
16.886111,-0.295000,0.009365,0
16.888889,-0.295000,0.009576,0
16.891667,-0.305000,0.008015,0
16.894444,-0.325000,0.005611,0
16.897222,-0.315000,0.003411,0
16.900000,-0.315000,0.001800,0
16.902778,-0.310000,0.000385,0
16.905556,-0.300000,-0.001435,0
16.908333,-0.315000,-0.003779,0
16.911111,-0.335000,-0.006110,0
16.913889,-0.325000,-0.007720,0
16.916667,-0.325000,-0.008343,0
16.919444,-0.315000,-0.008284,0
16.922222,-0.310000,-0.007975,0
16.925000,-0.320000,-0.007479,0
16.927778,-0.335000,-0.006483,0
16.930556,-0.325000,-0.004797,0
16.933333,-0.310000,-0.002773,0
16.936111,-0.305000,-0.001127,0
16.938889,-0.305000,-0.000326,0
16.941667,-0.320000,-0.000207,0
16.944444,-0.325000,-0.000246,0
16.947222,-0.315000,-0.000172,0
16.950000,-0.310000,-0.000274,0
16.952778,-0.300000,-0.001079,0
16.955556,-0.315000,-0.002747,0
16.958333,-0.325000,-0.004801,0
16.961111,-0.320000,-0.006401,0
16.963889,-0.320000,-0.006854,0
16.966667,-0.320000,-0.005905,0
16.969444,-0.310000,-0.003701,0
16.972222,-0.310000,-0.000576,0
16.975000,-0.310000,0.003104,0
16.977778,-0.315000,0.006886,0
16.980556,-0.305000,0.010088,0
16.983333,-0.285000,0.011897,0
16.986111,-0.295000,0.011815,0
16.988889,-0.305000,0.010047,0
16.991667,-0.310000,0.007375,0
16.994444,-0.315000,0.004618,0
16.997222,-0.300000,0.002180,0
17.000000,-0.315000,0.000072,0
17.002778,-0.305000,-0.001745,0
17.005556,-0.305000,-0.003022,0
17.008333,-0.325000,-0.003249,0
17.011111,-0.325000,-0.002124,0
17.013889,-0.315000,-0.000096,0
17.016667,-0.300000,0.001618,0
17.019444,-0.295000,0.001772,0
17.022222,-0.310000,0.000050,0
17.025000,-0.315000,-0.002530,0
17.027778,-0.320000,-0.004035,0
17.030556,-0.315000,-0.002504,0
17.033333,-0.310000,0.003265,0
17.036111,-0.295000,0.013335,0
17.038889,-0.285000,0.026666,0
17.041667,-0.270000,0.041445,0
17.044444,-0.250000,0.055573,0
17.047222,-0.245000,0.067207,0
17.050000,-0.230000,0.075286,0
17.052778,-0.220000,0.079908,0
17.055556,-0.225000,0.082373,0
17.058333,-0.235000,0.084704,0
17.061111,-0.230000,0.088684,0
17.063889,-0.220000,0.094890,0
17.066667,-0.205000,0.102384,0
17.069444,-0.190000,0.109248,0
17.072222,-0.190000,0.113630,0
17.075000,-0.190000,0.114614,0
17.077778,-0.205000,0.112443,0
17.080556,-0.205000,0.108106,0
17.083333,-0.205000,0.102718,0
17.086111,-0.210000,0.097136,0
17.088889,-0.215000,0.091905,0
17.091667,-0.225000,0.087330,0
17.094444,-0.230000,0.083516,0
17.097222,-0.225000,0.080453,0
17.100000,-0.220000,0.078273,0
17.102778,-0.220000,0.077555,0
17.105556,-0.240000,0.079228,0
17.108333,-0.240000,0.083828,0
17.111111,-0.230000,0.090518,0
17.113889,-0.205000,0.096784,0
17.116667,-0.195000,0.099331,0
17.119444,-0.195000,0.095741,0
17.122222,-0.220000,0.085762,0
17.125000,-0.245000,0.071369,0
17.127778,-0.275000,0.055577,0
17.130556,-0.260000,0.040935,0
17.133333,-0.275000,0.028709,0
17.136111,-0.285000,0.019019,0
17.138889,-0.300000,0.011388,0
17.141667,-0.300000,0.005157,0
17.144444,-0.310000,-0.000317,0
17.147222,-0.310000,-0.005550,0
17.150000,-0.320000,-0.010817,0
17.152778,-0.320000,-0.016069,0
17.155556,-0.325000,-0.020943,0
17.158333,-0.335000,-0.024908,0
17.161111,-0.345000,-0.027598,0
17.163889,-0.335000,-0.029133,0
17.166667,-0.335000,-0.030140,0
17.169444,-0.330000,-0.031355,0
17.172222,-0.335000,-0.033101,0
17.175000,-0.345000,-0.035109,0
17.177778,-0.360000,-0.036861,0
17.180556,-0.345000,-0.038161,0
17.183333,-0.335000,-0.039332,0
17.186111,-0.345000,-0.040828,0
17.188889,-0.345000,-0.042685,0
17.191667,-0.355000,-0.044370,0
17.194444,-0.360000,-0.045152,0
17.197222,-0.355000,-0.044636,0
17.200000,-0.340000,-0.043015,0
17.202778,-0.340000,-0.040889,0
17.205556,-0.350000,-0.038976,0
17.208333,-0.350000,-0.038150,0
17.211111,-0.355000,-0.039778,0
17.213889,-0.355000,-0.045887,0
17.216667,-0.355000,-0.058725,0
17.219444,-0.370000,-0.079773,0
17.222222,-0.425000,-0.108787,0
17.225000,-0.465000,-0.143455,0
17.227778,-0.480000,-0.179554,0
17.230556,-0.500000,-0.210985,0
17.233333,-0.530000,-0.229521,0
17.236111,-0.535000,-0.224889,0
17.238889,-0.485000,-0.185749,0
17.241667,-0.395000,-0.101519,0
17.244444,-0.255000,0.035176,0
17.247222,-0.095000,0.225350,0
17.250000,0.095000,0.459813,0
17.252778,0.350000,0.715919,0
17.255556,0.630000,0.957465,0
17.258333,0.845000,1.140067,0
17.261111,0.955000,1.221971,1
17.263889,0.975000,1.177413,0
17.266667,0.825000,1.007745,0
17.269444,0.480000,0.745046,0
17.272222,0.055000,0.444613,0
17.275000,-0.270000,0.167597,0
17.277778,-0.455000,-0.039007,0
17.280556,-0.485000,-0.155602,0
17.283333,-0.440000,-0.190906,0
17.286111,-0.405000,-0.171956,0
17.288889,-0.375000,-0.129861,0
17.291667,-0.375000,-0.088488,0
17.294444,-0.390000,-0.059899,0
17.297222,-0.380000,-0.046026,0
17.300000,-0.360000,-0.043292,0
17.302778,-0.355000,-0.046815,0
17.305556,-0.345000,-0.052596,0
17.308333,-0.365000,-0.058015,0
17.311111,-0.375000,-0.061713,0
17.313889,-0.370000,-0.063476,0
17.316667,-0.370000,-0.064039,0
17.319444,-0.355000,-0.064568,0
17.322222,-0.370000,-0.065935,0
17.325000,-0.375000,-0.068277,0
17.327778,-0.380000,-0.071123,0
17.330556,-0.385000,-0.073896,0
17.333333,-0.380000,-0.076342,0
17.336111,-0.380000,-0.078574,0
17.338889,-0.380000,-0.080766,0
17.341667,-0.385000,-0.082816,0
17.344444,-0.395000,-0.084314,0
17.347222,-0.395000,-0.084843,0
17.350000,-0.390000,-0.084353,0
17.352778,-0.385000,-0.083241,0
17.355556,-0.380000,-0.082043,0
17.358333,-0.380000,-0.081028,0
17.361111,-0.395000,-0.080062,0
17.363889,-0.390000,-0.078882,0
17.366667,-0.380000,-0.077442,0
17.369444,-0.370000,-0.075924,0
17.372222,-0.375000,-0.074405,0
17.375000,-0.385000,-0.072660,0
17.377778,-0.380000,-0.070388,0
17.380556,-0.375000,-0.067628,0
17.383333,-0.365000,-0.064897,0
17.386111,-0.360000,-0.062887,0
17.388889,-0.365000,-0.062002,0
17.391667,-0.365000,-0.062177,0
17.394444,-0.385000,-0.063139,0
17.397222,-0.370000,-0.064843,0
17.400000,-0.365000,-0.067557,0
17.402778,-0.355000,-0.071377,0
17.405556,-0.385000,-0.075648,0
17.408333,-0.395000,-0.079041,0
17.411111,-0.395000,-0.080376,0
17.413889,-0.385000,-0.079473,0
17.416667,-0.370000,-0.077255,0
17.419444,-0.380000,-0.075087,0
17.422222,-0.370000,-0.073922,0
17.425000,-0.375000,-0.073858,0
17.427778,-0.390000,-0.074301,0
17.430556,-0.385000,-0.074570,0
17.433333,-0.380000,-0.074464,0
17.436111,-0.370000,-0.074323,0
17.438889,-0.370000,-0.074573,0
17.441667,-0.385000,-0.075253,0
17.444444,-0.385000,-0.075963,0
17.447222,-0.380000,-0.076217,0
17.450000,-0.385000,-0.075775,0
17.452778,-0.370000,-0.074684,0
17.455556,-0.375000,-0.073070,0
17.458333,-0.375000,-0.070955,0
17.461111,-0.380000,-0.068351,0
17.463889,-0.380000,-0.065548,0
17.466667,-0.355000,-0.063228,0
17.469444,-0.360000,-0.062122,0
17.472222,-0.365000,-0.062481,0
17.475000,-0.370000,-0.063866,0
17.477778,-0.380000,-0.065498,0
17.480556,-0.370000,-0.066815,0
17.483333,-0.375000,-0.067769,0
17.486111,-0.360000,-0.068641,0
17.488889,-0.370000,-0.069600,0
17.491667,-0.380000,-0.070462,0
17.494444,-0.385000,-0.070930,0
17.497222,-0.375000,-0.071058,0
17.500000,-0.375000,-0.071432,0
17.502778,-0.370000,-0.072826,0
17.505556,-0.370000,-0.075595,0
17.508333,-0.385000,-0.079321,0
17.511111,-0.400000,-0.083036,0
17.513889,-0.395000,-0.085883,0
17.516667,-0.385000,-0.087647,0
17.519444,-0.395000,-0.088701,0
17.522222,-0.380000,-0.089535,0
17.525000,-0.400000,-0.090320,0
17.527778,-0.400000,-0.090866,0
17.530556,-0.400000,-0.090934,0
17.533333,-0.390000,-0.090506,0
17.536111,-0.390000,-0.089735,0
17.538889,-0.385000,-0.088680,0
17.541667,-0.400000,-0.087213,0
17.544444,-0.400000,-0.085275,0
17.547222,-0.385000,-0.083231,0
17.550000,-0.380000,-0.081843,0
17.552778,-0.380000,-0.081765,0
17.555556,-0.385000,-0.082975,0
17.558333,-0.385000,-0.084631,0
17.561111,-0.405000,-0.085485,0
17.563889,-0.395000,-0.084587,0
17.566667,-0.380000,-0.081724,0
17.569444,-0.370000,-0.077230,0
17.572222,-0.370000,-0.071414,0
17.575000,-0.380000,-0.064258,0
17.577778,-0.365000,-0.055705,0
17.580556,-0.355000,-0.046167,0
17.583333,-0.335000,-0.036643,0
17.586111,-0.325000,-0.028260,0
17.588889,-0.320000,-0.021591,0
17.591667,-0.320000,-0.016329,0
17.594444,-0.330000,-0.011573,0
17.597222,-0.315000,-0.006527,0
17.600000,-0.300000,-0.000991,0
17.602778,-0.295000,0.004722,0
17.605556,-0.285000,0.010269,0
17.608333,-0.295000,0.015617,0
17.611111,-0.290000,0.020901,0
17.613889,-0.285000,0.025997,0
17.616667,-0.270000,0.030309,0
17.619444,-0.260000,0.033097,0
17.622222,-0.265000,0.034074,0
17.625000,-0.275000,0.033736,0
17.627778,-0.280000,0.033055,0
17.630556,-0.275000,0.032808,0
17.633333,-0.270000,0.033100,0
17.636111,-0.270000,0.033440,0
17.638889,-0.260000,0.033243,0
17.641667,-0.270000,0.032336,0
17.644444,-0.280000,0.031074,0
17.647222,-0.285000,0.029959,0
17.650000,-0.275000,0.029160,0
17.652778,-0.265000,0.028422,0
17.655556,-0.270000,0.027458,0
17.658333,-0.285000,0.026322,0
17.661111,-0.285000,0.025321,0
17.663889,-0.285000,0.024589,0
17.666667,-0.275000,0.023850,0
17.669444,-0.280000,0.022635,0
17.672222,-0.275000,0.020775,0
17.675000,-0.285000,0.018717,0
17.677778,-0.295000,0.017367,0
17.680556,-0.295000,0.017508,0
17.683333,-0.285000,0.019234,0
17.686111,-0.280000,0.021841,0
17.688889,-0.270000,0.024249,0
17.691667,-0.285000,0.025569,0
17.694444,-0.275000,0.025391,0
17.697222,-0.290000,0.023692,0
17.700000,-0.285000,0.020603,0
17.702778,-0.280000,0.016323,0
17.705556,-0.290000,0.011259,0
17.708333,-0.300000,0.006133,0
17.711111,-0.310000,0.001791,0
17.713889,-0.310000,-0.001243,0
17.716667,-0.310000,-0.003063,0
17.719444,-0.300000,-0.004234,0
17.722222,-0.300000,-0.005286,0
17.725000,-0.315000,-0.006298,0
17.727778,-0.325000,-0.007005,0
17.730556,-0.315000,-0.007292,0
17.733333,-0.305000,-0.007516,0
17.736111,-0.310000,-0.008274,0
17.738889,-0.310000,-0.009882,0
17.741667,-0.315000,-0.012075,0
17.744444,-0.330000,-0.014199,0
17.747222,-0.325000,-0.015725,0
17.750000,-0.320000,-0.016656,0
17.752778,-0.320000,-0.017470,0
17.755556,-0.315000,-0.018659,0
17.758333,-0.325000,-0.020247,0
17.761111,-0.330000,-0.021691,0
17.763889,-0.335000,-0.022220,0
17.766667,-0.325000,-0.021308,0
17.769444,-0.320000,-0.018913,0
17.772222,-0.320000,-0.015381,0
17.775000,-0.315000,-0.011262,0
17.777778,-0.320000,-0.007245,0
17.780556,-0.310000,-0.004200,0
17.783333,-0.310000,-0.003090,0
17.786111,-0.300000,-0.004613,0
17.788889,-0.305000,-0.008687,0
17.791667,-0.320000,-0.014227,0
17.794444,-0.340000,-0.019556,0
17.797222,-0.335000,-0.023293,0
17.800000,-0.330000,-0.025072,0
17.802778,-0.320000,-0.025519,0
17.805556,-0.330000,-0.025614,0
17.808333,-0.330000,-0.026037,0
17.811111,-0.335000,-0.026946,0
17.813889,-0.340000,-0.028168,0
17.816667,-0.335000,-0.029491,0
17.819444,-0.325000,-0.030751,0
17.822222,-0.340000,-0.031744,0
17.825000,-0.345000,-0.032216,0
17.827778,-0.340000,-0.032091,0
17.830556,-0.340000,-0.031664,0
17.833333,-0.325000,-0.031460,0
17.836111,-0.340000,-0.031823,0
17.838889,-0.335000,-0.032599,0
17.841667,-0.340000,-0.033204,0
17.844444,-0.350000,-0.033027,0
17.847222,-0.340000,-0.031885,0
17.850000,-0.330000,-0.030150,0
17.852778,-0.330000,-0.028413,0
17.855556,-0.325000,-0.026941,0
17.858333,-0.335000,-0.025443,0
17.861111,-0.340000,-0.023365,0
17.863889,-0.335000,-0.020491,0
17.866667,-0.315000,-0.017267,0
17.869444,-0.315000,-0.014511,0
17.872222,-0.310000,-0.012728,0
17.875000,-0.320000,-0.011685,0
17.877778,-0.330000,-0.010629,0
17.880556,-0.320000,-0.008935,0
17.883333,-0.305000,-0.006564,0
17.886111,-0.310000,-0.003961,0
17.888889,-0.305000,-0.001562,0
17.891667,-0.295000,0.000620,0
17.894444,-0.320000,0.003000,0
17.897222,-0.305000,0.006067,0
17.900000,-0.290000,0.010011,0
17.902778,-0.285000,0.014740,0
17.905556,-0.285000,0.020172,0
17.908333,-0.285000,0.026364,0
17.911111,-0.285000,0.033253,0
17.913889,-0.265000,0.040347,0
17.916667,-0.250000,0.046811,0
17.919444,-0.250000,0.051997,0
17.922222,-0.250000,0.055948,0
17.925000,-0.250000,0.059404,0
17.927778,-0.250000,0.063273,0
17.930556,-0.250000,0.067963,0
17.933333,-0.230000,0.073052,0
17.936111,-0.215000,0.077599,0
17.938889,-0.225000,0.080857,0
17.941667,-0.225000,0.082767,0
17.944444,-0.230000,0.083822,0
17.947222,-0.230000,0.084476,0
17.950000,-0.225000,0.084667,0
17.952778,-0.215000,0.083857,0
17.955556,-0.215000,0.081560,0
17.958333,-0.230000,0.077892,0
17.961111,-0.250000,0.073602,0
17.963889,-0.240000,0.069626,0
17.966667,-0.230000,0.066728,0
17.969444,-0.230000,0.065594,0
17.972222,-0.240000,0.067031,0
17.975000,-0.250000,0.071598,0
17.977778,-0.255000,0.078677,0
17.980556,-0.220000,0.085802,0
17.983333,-0.200000,0.089236,0
17.986111,-0.200000,0.085772,0
17.988889,-0.225000,0.074546,0
17.991667,-0.265000,0.057475,0
17.994444,-0.290000,0.038055,0
17.997222,-0.290000,0.019508,0
18.000000,-0.300000,0.003630,0
18.002778,-0.310000,-0.009162,0
18.005556,-0.325000,-0.019104,0
18.008333,-0.335000,-0.026448,0
18.011111,-0.340000,-0.031295,0
18.013889,-0.350000,-0.033789,0
18.016667,-0.340000,-0.034367,0
18.019444,-0.340000,-0.033801,0
18.022222,-0.345000,-0.032992,0
18.025000,-0.330000,-0.032673,0
18.027778,-0.350000,-0.033203,0
18.030556,-0.345000,-0.034583,0
18.033333,-0.345000,-0.036588,0
18.036111,-0.340000,-0.038843,0
18.038889,-0.350000,-0.040815,0
18.041667,-0.355000,-0.041902,0
18.044444,-0.355000,-0.041755,0
18.047222,-0.355000,-0.040608,0
18.050000,-0.345000,-0.039291,0
18.052778,-0.340000,-0.038798,0
18.055556,-0.340000,-0.039644,0
18.058333,-0.355000,-0.041504,0
18.061111,-0.360000,-0.043454,0
18.063889,-0.360000,-0.044648,0
18.066667,-0.355000,-0.044892,0
18.069444,-0.345000,-0.044676,0
18.072222,-0.345000,-0.044765,0
18.075000,-0.360000,-0.045856,0
18.077778,-0.370000,-0.048713,0
18.080556,-0.375000,-0.054648,0
18.083333,-0.370000,-0.065683,0
18.086111,-0.380000,-0.083936,0
18.088889,-0.420000,-0.110464,0
18.091667,-0.465000,-0.144296,0
18.094444,-0.485000,-0.182010,0
18.097222,-0.515000,-0.217674,0
18.100000,-0.545000,-0.243010,0
18.102778,-0.575000,-0.248099,0
18.105556,-0.545000,-0.222807,0
18.108333,-0.450000,-0.158389,0
18.111111,-0.325000,-0.048699,0
18.113889,-0.195000,0.108550,0
18.116667,-0.045000,0.309346,0
18.119444,0.165000,0.539772,0
18.122222,0.425000,0.773477,0
18.125000,0.655000,0.973346,0
18.127778,0.810000,1.098870,0
18.130556,0.875000,1.117711,1
18.133333,0.815000,1.017673,0
18.136111,0.590000,0.814140,0
18.138889,0.220000,0.548551,0
18.141667,-0.150000,0.276548,0
18.144444,-0.380000,0.049814,0
18.147222,-0.470000,-0.100140,0
18.150000,-0.465000,-0.168731,0
18.152778,-0.425000,-0.173674,0
18.155556,-0.385000,-0.143099,0
18.158333,-0.375000,-0.103174,0
18.161111,-0.395000,-0.070585,0
18.163889,-0.385000,-0.051389,0
18.166667,-0.375000,-0.044260,0
18.169444,-0.355000,-0.044782,0
18.172222,-0.370000,-0.048531,0
18.175000,-0.360000,-0.052464,0
18.177778,-0.365000,-0.055134,0
18.180556,-0.370000,-0.056331,0
18.183333,-0.370000,-0.056567,0
18.186111,-0.360000,-0.056565,0
18.188889,-0.365000,-0.056842,0
18.191667,-0.375000,-0.057528,0
18.194444,-0.380000,-0.058542,0
18.197222,-0.370000,-0.059917,0
18.200000,-0.370000,-0.061869,0
18.202778,-0.370000,-0.064506,0
18.205556,-0.380000,-0.067507,0
18.208333,-0.385000,-0.070158,0
18.211111,-0.395000,-0.071806,0
18.213889,-0.390000,-0.072366,0
18.216667,-0.380000,-0.072427,0
18.219444,-0.375000,-0.072760,0
18.222222,-0.375000,-0.073572,0
18.225000,-0.395000,-0.074175,0
18.227778,-0.400000,-0.073479,0
18.230556,-0.395000,-0.070940,0
18.233333,-0.370000,-0.067129,0
18.236111,-0.370000,-0.063395,0
18.238889,-0.370000,-0.060962,0
18.241667,-0.365000,-0.060223,0
18.244444,-0.390000,-0.060737,0
18.247222,-0.385000,-0.061818,0
18.250000,-0.375000,-0.063144,0
18.252778,-0.360000,-0.064766,0
18.255556,-0.380000,-0.066615,0
18.258333,-0.390000,-0.068186,0
18.261111,-0.390000,-0.068826,0
18.263889,-0.385000,-0.068296,0
18.266667,-0.375000,-0.066987,0
18.269444,-0.375000,-0.065589,0
18.272222,-0.375000,-0.064582,0
18.275000,-0.380000,-0.063998,0
18.277778,-0.390000,-0.063626,0
18.280556,-0.380000,-0.063415,0
18.283333,-0.365000,-0.063614,0
18.286111,-0.380000,-0.064494,0
18.288889,-0.380000,-0.066005,0
18.291667,-0.385000,-0.067755,0
18.294444,-0.390000,-0.069328,0
18.297222,-0.390000,-0.070601,0
18.300000,-0.380000,-0.071766,0
18.302778,-0.380000,-0.072979,0
18.305556,-0.385000,-0.073945,0
18.308333,-0.395000,-0.073884,0
18.311111,-0.400000,-0.072043,0
18.313889,-0.385000,-0.068381,0
18.316667,-0.380000,-0.063796,0
18.319444,-0.360000,-0.059655,0
18.322222,-0.370000,-0.056960,0
18.325000,-0.375000,-0.055805,0
18.327778,-0.370000,-0.055492,0
18.330556,-0.385000,-0.055154,0
18.333333,-0.370000,-0.054369,0
18.336111,-0.365000,-0.053344,0
18.338889,-0.360000,-0.052559,0
18.341667,-0.365000,-0.052252,0
18.344444,-0.375000,-0.052232,0
18.347222,-0.380000,-0.052216,0
18.350000,-0.365000,-0.052298,0
18.352778,-0.370000,-0.053049,0
18.355556,-0.360000,-0.055101,0
18.358333,-0.370000,-0.058599,0
18.361111,-0.395000,-0.063029,0
18.363889,-0.385000,-0.067552,0
18.366667,-0.385000,-0.071473,0
18.369444,-0.390000,-0.074400,0
18.372222,-0.390000,-0.076110,0
18.375000,-0.390000,-0.076444,0
18.377778,-0.410000,-0.075451,0
18.380556,-0.390000,-0.073643,0
18.383333,-0.380000,-0.071994,0
18.386111,-0.390000,-0.071506,0
18.388889,-0.380000,-0.072612,0
18.391667,-0.395000,-0.074926,0
18.394444,-0.405000,-0.077536,0
18.397222,-0.405000,-0.079622,0
18.400000,-0.395000,-0.080914,0
18.402778,-0.390000,-0.081584,0
18.405556,-0.390000,-0.081749,0
18.408333,-0.410000,-0.081186,0
18.411111,-0.415000,-0.079613,0
18.413889,-0.390000,-0.077190,0
18.416667,-0.380000,-0.074545,0
18.419444,-0.390000,-0.072195,0
18.422222,-0.385000,-0.069980,0
18.425000,-0.390000,-0.067076,0
18.427778,-0.390000,-0.062544,0
18.430556,-0.380000,-0.055993,0
18.433333,-0.360000,-0.047851,0
18.436111,-0.355000,-0.039076,0
18.438889,-0.345000,-0.030570,0
18.441667,-0.340000,-0.022752,0
18.444444,-0.345000,-0.015585,0
18.447222,-0.330000,-0.008904,0
18.450000,-0.320000,-0.002700,0
18.452778,-0.315000,0.002928,0
18.455556,-0.300000,0.008093,0
18.458333,-0.305000,0.013307,0
18.461111,-0.320000,0.019225,0
18.463889,-0.300000,0.026030,0
18.466667,-0.275000,0.033063,0
18.469444,-0.275000,0.039151,0
18.472222,-0.275000,0.043349,0
18.475000,-0.275000,0.045393,0
18.477778,-0.280000,0.045575,0
18.480556,-0.285000,0.044289,0
18.483333,-0.275000,0.041700,0
18.486111,-0.275000,0.037847,0
18.488889,-0.280000,0.033062,0
18.491667,-0.295000,0.028235,0
18.494444,-0.305000,0.024547,0
18.497222,-0.305000,0.022799,0
18.500000,-0.300000,0.022883,0
18.502778,-0.290000,0.023867,0
18.505556,-0.285000,0.024648,0
18.508333,-0.295000,0.024648,0
18.511111,-0.310000,0.023993,0
18.513889,-0.300000,0.023100,0
18.516667,-0.300000,0.022157,0
18.519444,-0.295000,0.020992,0
18.522222,-0.300000,0.019341,0
18.525000,-0.305000,0.017154,0
18.527778,-0.310000,0.014661,0
18.530556,-0.315000,0.012225,0
18.533333,-0.305000,0.010207,0
18.536111,-0.310000,0.009002,0
18.538889,-0.310000,0.009131,0
18.541667,-0.315000,0.011108,0
18.544444,-0.320000,0.015023,0
18.547222,-0.305000,0.020108,0
18.550000,-0.290000,0.024795,0
18.552778,-0.285000,0.027373,0
18.555556,-0.295000,0.026841,0
18.558333,-0.300000,0.023325,0
18.561111,-0.315000,0.017829,0
18.563889,-0.310000,0.011634,0
18.566667,-0.315000,0.005840,0
18.569444,-0.320000,0.001251,0
18.572222,-0.320000,-0.001564,0
18.575000,-0.330000,-0.002326,0
18.577778,-0.340000,-0.001296,0
18.580556,-0.320000,0.000527,0
18.583333,-0.310000,0.001669,0
18.586111,-0.320000,0.000941,0
18.588889,-0.320000,-0.001832,0
18.591667,-0.330000,-0.005669,0
18.594444,-0.345000,-0.008987,0
18.597222,-0.340000,-0.010478,0
18.600000,-0.330000,-0.009739,0
18.602778,-0.330000,-0.007290,0
18.605556,-0.320000,-0.004095,0
18.608333,-0.330000,-0.001038,0
18.611111,-0.325000,0.001299,0
18.613889,-0.325000,0.002584,0
18.616667,-0.320000,0.002674,0
18.619444,-0.315000,0.001719,0
18.622222,-0.320000,0.000318,0
18.625000,-0.330000,-0.000604,0
18.627778,-0.345000,-0.000325,0
18.630556,-0.320000,0.001071,0
18.633333,-0.315000,0.002629,0
18.636111,-0.315000,0.003175,0
18.638889,-0.320000,0.002138,0
18.641667,-0.325000,-0.000088,0
18.644444,-0.335000,-0.002485,0
18.647222,-0.340000,-0.004120,0
18.650000,-0.330000,-0.004744,0
18.652778,-0.325000,-0.004809,0
18.655556,-0.315000,-0.004926,0
18.658333,-0.335000,-0.005282,0
18.661111,-0.345000,-0.005616,0
18.663889,-0.340000,-0.005727,0
18.666667,-0.325000,-0.005876,0
18.669444,-0.320000,-0.006553,0
18.672222,-0.330000,-0.007832,0
18.675000,-0.345000,-0.009051,0
18.677778,-0.340000,-0.009161,0
18.680556,-0.330000,-0.007410,0
18.683333,-0.340000,-0.003805,0
18.686111,-0.325000,0.000845,0
18.688889,-0.315000,0.005274,0
18.691667,-0.310000,0.008344,0
18.694444,-0.325000,0.009538,0
18.697222,-0.315000,0.009042,0
18.700000,-0.330000,0.007450,0
18.702778,-0.315000,0.005435,0
18.705556,-0.320000,0.003623,0
18.708333,-0.325000,0.002626,0
18.711111,-0.330000,0.002969,0
18.713889,-0.330000,0.004859,0
18.716667,-0.315000,0.008035,0
18.719444,-0.310000,0.011969,0
18.722222,-0.305000,0.016306,0
18.725000,-0.310000,0.021138,0
18.727778,-0.310000,0.026805,0
18.730556,-0.300000,0.033390,0
18.733333,-0.285000,0.040410,0
18.736111,-0.275000,0.047013,0
18.738889,-0.270000,0.052541,0
18.741667,-0.270000,0.056963,0
18.744444,-0.280000,0.060823,0
18.747222,-0.265000,0.064804,0
18.750000,-0.255000,0.069329,0
18.752778,-0.250000,0.074540,0
18.755556,-0.245000,0.080472,0
18.758333,-0.250000,0.087087,0
18.761111,-0.245000,0.094013,0
18.763889,-0.225000,0.100348,0
18.766667,-0.215000,0.104895,0
18.769444,-0.220000,0.106788,0
18.772222,-0.220000,0.106018,0
18.775000,-0.230000,0.103421,0
18.777778,-0.235000,0.100157,0
18.780556,-0.240000,0.097020,0
18.783333,-0.240000,0.094058,0
18.786111,-0.230000,0.090796,0
18.788889,-0.225000,0.086999,0
18.791667,-0.240000,0.083393,0
18.794444,-0.270000,0.081578,0
18.797222,-0.250000,0.082993,0
18.800000,-0.255000,0.087675,0
18.802778,-0.235000,0.093759,0
18.805556,-0.225000,0.098106,0
18.808333,-0.215000,0.097674,0
18.811111,-0.240000,0.090835,0
18.813889,-0.260000,0.077883,0
18.816667,-0.275000,0.060589,0
18.819444,-0.285000,0.041331,0
18.822222,-0.315000,0.022374,0
18.825000,-0.320000,0.005495,0
18.827778,-0.345000,-0.008177,0
18.830556,-0.350000,-0.018187,0
18.833333,-0.350000,-0.024661,0
18.836111,-0.360000,-0.028089,0
18.838889,-0.365000,-0.029135,0
18.841667,-0.355000,-0.028526,0
18.844444,-0.360000,-0.027020,0
18.847222,-0.360000,-0.025360,0
18.850000,-0.360000,-0.024224,0
18.852778,-0.350000,-0.024076,0
18.855556,-0.345000,-0.024874,0
18.858333,-0.355000,-0.025877,0
18.861111,-0.375000,-0.025918,0
18.863889,-0.365000,-0.024190,0
18.866667,-0.350000,-0.020932,0
18.869444,-0.345000,-0.017359,0
18.872222,-0.340000,-0.014887,0
18.875000,-0.335000,-0.014243,0
18.877778,-0.355000,-0.015121,0
18.880556,-0.365000,-0.016607,0
18.883333,-0.350000,-0.017966,0
18.886111,-0.345000,-0.019116,0
18.888889,-0.345000,-0.020435,0
18.891667,-0.355000,-0.022332,0
18.894444,-0.370000,-0.025139,0
18.897222,-0.370000,-0.029401,0
18.900000,-0.365000,-0.036030,0
18.902778,-0.360000,-0.045919,0
18.905556,-0.385000,-0.059255,0
18.908333,-0.415000,-0.075327,0
18.911111,-0.455000,-0.093292,0
18.913889,-0.465000,-0.113302,0
18.916667,-0.460000,-0.136687,0
18.919444,-0.475000,-0.164405,0
18.922222,-0.495000,-0.194425,0
18.925000,-0.555000,-0.219868,0
18.927778,-0.585000,-0.229327,0
18.930556,-0.550000,-0.209276,0
18.933333,-0.460000,-0.147127,0
18.936111,-0.345000,-0.033869,0
18.938889,-0.205000,0.133405,0
18.941667,-0.040000,0.348207,0
18.944444,0.190000,0.591156,0
18.947222,0.455000,0.828818,0
18.950000,0.680000,1.017855,0
18.952778,0.840000,1.115357,1
18.955556,0.880000,1.092833,0
18.958333,0.725000,0.948408,0
18.961111,0.400000,0.710927,0
18.963889,0.000000,0.432325,0
18.966667,-0.280000,0.170492,0
18.969444,-0.435000,-0.029548,0
18.972222,-0.510000,-0.147564,0
18.975000,-0.485000,-0.189020,0
18.977778,-0.460000,-0.176831,0
18.980556,-0.430000,-0.139338,0
18.983333,-0.405000,-0.100038,0
18.986111,-0.410000,-0.072269,0
18.988889,-0.410000,-0.059183,0
18.991667,-0.415000,-0.057225,0
18.994444,-0.405000,-0.060579,0
18.997222,-0.415000,-0.064544,0
19.000000,-0.395000,-0.066943,0
19.002778,-0.390000,-0.067756,0
19.005556,-0.395000,-0.067820,0
19.008333,-0.405000,-0.067688,0
19.011111,-0.410000,-0.067311,0
19.013889,-0.410000,-0.066417,0
19.016667,-0.395000,-0.064958,0
19.019444,-0.390000,-0.063154,0
19.022222,-0.400000,-0.061247,0
19.025000,-0.400000,-0.059379,0
19.027778,-0.395000,-0.057759,0
19.030556,-0.400000,-0.056860,0
19.033333,-0.385000,-0.057306,0
19.036111,-0.385000,-0.059425,0
19.038889,-0.395000,-0.062796,0
19.041667,-0.410000,-0.066295,0
19.044444,-0.420000,-0.068775,0
19.047222,-0.410000,-0.069895,0
19.050000,-0.400000,-0.070349,0
19.052778,-0.390000,-0.071245,0
19.055556,-0.410000,-0.073150,0
19.058333,-0.415000,-0.075669,0
19.061111,-0.425000,-0.077853,0
19.063889,-0.425000,-0.078997,0
19.066667,-0.405000,-0.079082,0
19.069444,-0.400000,-0.078522,0
19.072222,-0.425000,-0.077624,0
19.075000,-0.415000,-0.076386,0
19.077778,-0.415000,-0.074770,0
19.080556,-0.410000,-0.072999,0
19.083333,-0.405000,-0.071520,0
19.086111,-0.400000,-0.070677,0
19.088889,-0.410000,-0.070405,0
19.091667,-0.405000,-0.070222,0
19.094444,-0.415000,-0.069571,0
19.097222,-0.410000,-0.068260,0
19.100000,-0.400000,-0.066664,0
19.102778,-0.395000,-0.065484,0
19.105556,-0.400000,-0.065252,0
19.108333,-0.405000,-0.065987,0
19.111111,-0.405000,-0.067275,0
19.113889,-0.415000,-0.068630,0
19.116667,-0.405000,-0.069818,0
19.119444,-0.400000,-0.070855,0
19.122222,-0.405000,-0.071723,0
19.125000,-0.410000,-0.072168,0
19.127778,-0.420000,-0.071866,0
19.130556,-0.415000,-0.070850,0
19.133333,-0.400000,-0.069691,0
19.136111,-0.395000,-0.069123,0
19.138889,-0.400000,-0.069395,0
19.141667,-0.415000,-0.070001,0
19.144444,-0.420000,-0.070124,0
19.147222,-0.410000,-0.069395,0
19.150000,-0.400000,-0.068244,0
19.152778,-0.395000,-0.067526,0
19.155556,-0.400000,-0.067821,0
19.158333,-0.415000,-0.069058,0
19.161111,-0.410000,-0.070748,0
19.163889,-0.415000,-0.072526,0
19.166667,-0.415000,-0.074484,0
19.169444,-0.405000,-0.077042,0
19.172222,-0.410000,-0.080463,0
19.175000,-0.420000,-0.084439,0
19.177778,-0.440000,-0.088183,0
19.180556,-0.430000,-0.090997,0
19.183333,-0.430000,-0.092798,0
19.186111,-0.425000,-0.094161,0
19.188889,-0.435000,-0.095926,0
19.191667,-0.435000,-0.098771,0
19.194444,-0.440000,-0.102999,0
19.197222,-0.450000,-0.108506,0
19.200000,-0.450000,-0.114823,0
19.202778,-0.450000,-0.121135,0
19.205556,-0.465000,-0.126348,0
19.208333,-0.470000,-0.129393,0
19.211111,-0.485000,-0.129800,0
19.213889,-0.465000,-0.128169,0
19.216667,-0.455000,-0.125993,0
19.219444,-0.450000,-0.124741,0
19.222222,-0.450000,-0.124806,0
19.225000,-0.470000,-0.125174,0
19.227778,-0.485000,-0.124139,0
19.230556,-0.460000,-0.120542,0
19.233333,-0.445000,-0.114452,0
19.236111,-0.435000,-0.106791,0
19.238889,-0.425000,-0.098377,0
19.241667,-0.430000,-0.089291,0
19.244444,-0.430000,-0.079090,0
19.247222,-0.415000,-0.067567,0
19.250000,-0.385000,-0.055276,0
19.252778,-0.365000,-0.043310,0
19.255556,-0.375000,-0.032590,0
19.258333,-0.360000,-0.023415,0
19.261111,-0.360000,-0.015610,0
19.263889,-0.350000,-0.008965,0
19.266667,-0.335000,-0.003484,0
19.269444,-0.335000,0.000748,0
19.272222,-0.325000,0.003880,0
19.275000,-0.335000,0.006437,0
19.277778,-0.335000,0.009081,0
19.280556,-0.335000,0.012157,0
19.283333,-0.310000,0.015474,0
19.286111,-0.310000,0.018599,0
19.288889,-0.315000,0.021385,0
19.291667,-0.315000,0.024137,0
19.294444,-0.320000,0.027221,0
19.297222,-0.315000,0.030474,0
19.300000,-0.295000,0.032995,0
19.302778,-0.295000,0.033616,0
19.305556,-0.300000,0.031699,0
19.308333,-0.305000,0.027631,0
19.311111,-0.330000,0.022588,0
19.313889,-0.325000,0.017799,0
19.316667,-0.315000,0.013912,0
19.319444,-0.325000,0.010962,0
19.322222,-0.320000,0.008790,0
19.325000,-0.330000,0.007435,0
19.327778,-0.335000,0.007130,0
19.330556,-0.335000,0.007971,0
19.333333,-0.330000,0.009651,0
19.336111,-0.305000,0.011578,0
19.338889,-0.325000,0.013345,0
19.341667,-0.325000,0.015010,0
19.344444,-0.325000,0.016858,0
19.347222,-0.325000,0.018879,0
19.350000,-0.310000,0.020514,0
19.352778,-0.305000,0.020937,0
19.355556,-0.315000,0.019612,0
19.358333,-0.325000,0.016599,0
19.361111,-0.330000,0.012403,0
19.363889,-0.325000,0.007627,0
19.366667,-0.325000,0.002838,0
19.369444,-0.340000,-0.001323,0
19.372222,-0.340000,-0.004112,0
19.375000,-0.340000,-0.004881,0
19.377778,-0.345000,-0.003423,0
19.380556,-0.340000,-0.000213,0
19.383333,-0.325000,0.003630,0
19.386111,-0.330000,0.006711,0
19.388889,-0.320000,0.007911,0
19.391667,-0.325000,0.006806,0
19.394444,-0.340000,0.003711,0
19.397222,-0.340000,-0.000630,0
19.400000,-0.335000,-0.005427,0
19.402778,-0.340000,-0.009988,0
19.405556,-0.350000,-0.013691,0
19.408333,-0.355000,-0.016076,0
19.411111,-0.360000,-0.017102,0
19.413889,-0.350000,-0.017324,0
19.416667,-0.345000,-0.017659,0
19.419444,-0.345000,-0.018816,0
19.422222,-0.360000,-0.020829,0
19.425000,-0.355000,-0.023073,0
19.427778,-0.370000,-0.024752,0
19.430556,-0.365000,-0.025475,0
19.433333,-0.350000,-0.025480,0
19.436111,-0.360000,-0.025350,0
19.438889,-0.350000,-0.025461,0
19.441667,-0.360000,-0.025648,0
19.444444,-0.370000,-0.025344,0
19.447222,-0.360000,-0.024056,0
19.450000,-0.355000,-0.021767,0
19.452778,-0.345000,-0.018890,0
19.455556,-0.345000,-0.015896,0
19.458333,-0.350000,-0.013015,0
19.461111,-0.350000,-0.010316,0
19.463889,-0.345000,-0.007994,0
19.466667,-0.335000,-0.006485,0
19.469444,-0.330000,-0.006212,0
19.472222,-0.340000,-0.007180,0
19.475000,-0.345000,-0.008856,0
19.477778,-0.350000,-0.010498,0
19.480556,-0.345000,-0.011633,0
19.483333,-0.345000,-0.012294,0
19.486111,-0.340000,-0.012840,0
19.488889,-0.340000,-0.013547,0
19.491667,-0.345000,-0.014325,0
19.494444,-0.360000,-0.014825,0
19.497222,-0.350000,-0.014850,0
19.500000,-0.345000,-0.014628,0
19.502778,-0.335000,-0.014599,0
19.505556,-0.345000,-0.014867,0
19.508333,-0.345000,-0.014873,0
19.511111,-0.355000,-0.013605,0
19.513889,-0.345000,-0.010202,0
19.516667,-0.335000,-0.004457,0
19.519444,-0.325000,0.003114,0
19.522222,-0.320000,0.011612,0
19.525000,-0.305000,0.020184,0
19.527778,-0.305000,0.028306,0
19.530556,-0.300000,0.035823,0
19.533333,-0.285000,0.042826,0
19.536111,-0.280000,0.049560,0
19.538889,-0.265000,0.056412,0
19.541667,-0.275000,0.063815,0
19.544444,-0.270000,0.071925,0
19.547222,-0.245000,0.080265,0
19.550000,-0.240000,0.087747,0
19.552778,-0.230000,0.093163,0
19.555556,-0.235000,0.095777,0
19.558333,-0.230000,0.095591,0
19.561111,-0.245000,0.093177,0
19.563889,-0.245000,0.089258,0
19.566667,-0.240000,0.084368,0
19.569444,-0.250000,0.078838,0
19.572222,-0.255000,0.073053,0
19.575000,-0.255000,0.067695,0
19.577778,-0.270000,0.063779,0
19.580556,-0.265000,0.062405,0
19.583333,-0.265000,0.064326,0
19.586111,-0.265000,0.069499,0
19.588889,-0.255000,0.076767,0
19.591667,-0.250000,0.083869,0
19.594444,-0.235000,0.087921,0
19.597222,-0.230000,0.086342,0
19.600000,-0.250000,0.077873,0
19.602778,-0.260000,0.063169,0
19.605556,-0.280000,0.044656,0
19.608333,-0.305000,0.025710,0
19.611111,-0.340000,0.009415,0
19.613889,-0.330000,-0.002577,0
19.616667,-0.335000,-0.010470,0
19.619444,-0.330000,-0.015738,0
19.622222,-0.345000,-0.020011,0
19.625000,-0.350000,-0.024215,0
19.627778,-0.360000,-0.028395,0
19.630556,-0.360000,-0.032071,0
19.633333,-0.360000,-0.034711,0
19.636111,-0.365000,-0.036060,0
19.638889,-0.365000,-0.036243,0
19.641667,-0.355000,-0.035712,0
19.644444,-0.365000,-0.035057,0
19.647222,-0.360000,-0.034806,0
19.650000,-0.360000,-0.035277,0
19.652778,-0.360000,-0.036481,0
19.655556,-0.355000,-0.038083,0
19.658333,-0.375000,-0.039551,0
19.661111,-0.375000,-0.040548,0
19.663889,-0.365000,-0.041303,0
19.666667,-0.360000,-0.042562,0
19.669444,-0.370000,-0.045039,0
19.672222,-0.360000,-0.048770,0
19.675000,-0.380000,-0.052863,0
19.677778,-0.390000,-0.055882,0
19.680556,-0.385000,-0.056684,0
19.683333,-0.385000,-0.055196,0
19.686111,-0.365000,-0.052619,0
19.688889,-0.375000,-0.051054,0
19.691667,-0.375000,-0.052946,0
19.694444,-0.400000,-0.060721,0
19.697222,-0.395000,-0.076560,0
19.700000,-0.430000,-0.101908,0
19.702778,-0.460000,-0.136492,0
19.705556,-0.480000,-0.177001,0
19.708333,-0.510000,-0.215909,0
19.711111,-0.570000,-0.241308,0
19.713889,-0.585000,-0.238472,0
19.716667,-0.515000,-0.192887,0
19.719444,-0.385000,-0.093482,0
19.722222,-0.240000,0.064612,0
19.725000,-0.085000,0.277180,0
19.727778,0.125000,0.527487,0
19.730556,0.405000,0.784062,0
19.733333,0.675000,1.003140,0
19.736111,0.865000,1.137870,0
19.738889,0.935000,1.152562,1
19.741667,0.840000,1.036674,0
19.744444,0.555000,0.811892,0
19.747222,0.140000,0.527612,0
19.750000,-0.200000,0.245235,0
19.752778,-0.405000,0.017849,0
19.755556,-0.485000,-0.125378,0
19.758333,-0.485000,-0.183763,0
19.761111,-0.450000,-0.178593,0
19.763889,-0.385000,-0.140497,0
19.766667,-0.385000,-0.097043,0
19.769444,-0.385000,-0.065254,0
19.772222,-0.390000,-0.050442,0
19.775000,-0.385000,-0.049609,0
19.777778,-0.395000,-0.056335,0
19.780556,-0.390000,-0.064686,0
19.783333,-0.385000,-0.071114,0
19.786111,-0.385000,-0.074512,0
19.788889,-0.390000,-0.075286,0
19.791667,-0.395000,-0.074376,0
19.794444,-0.390000,-0.072726,0
19.797222,-0.390000,-0.071153,0
19.800000,-0.395000,-0.070343,0
19.802778,-0.380000,-0.070780,0
19.805556,-0.385000,-0.072539,0
19.808333,-0.390000,-0.075116,0
19.811111,-0.405000,-0.077574,0
19.813889,-0.400000,-0.079035,0
19.816667,-0.395000,-0.079153,0
19.819444,-0.390000,-0.078172,0
19.822222,-0.390000,-0.076609,0
19.825000,-0.390000,-0.074916,0
19.827778,-0.405000,-0.073388,0
19.830556,-0.375000,-0.072242,0
19.833333,-0.390000,-0.071595,0
19.836111,-0.380000,-0.071276,0
19.838889,-0.390000,-0.070751,0
19.841667,-0.385000,-0.069362,0
19.844444,-0.390000,-0.066788,0
19.847222,-0.385000,-0.063430,0
19.850000,-0.370000,-0.060402,0
19.852778,-0.365000,-0.058983,0
19.855556,-0.365000,-0.059836,0
19.858333,-0.380000,-0.062546,0
19.861111,-0.390000,-0.065898,0
19.863889,-0.390000,-0.068680,0
19.866667,-0.385000,-0.070376,0
19.869444,-0.375000,-0.071233,0
19.872222,-0.380000,-0.071784,0
19.875000,-0.390000,-0.072342,0
19.877778,-0.390000,-0.072915,0
19.880556,-0.395000,-0.073460,0
19.883333,-0.375000,-0.074059,0
19.886111,-0.385000,-0.074774,0
19.888889,-0.385000,-0.075412,0
19.891667,-0.400000,-0.075576,0
19.894444,-0.390000,-0.075060,0
19.897222,-0.385000,-0.074162,0
19.900000,-0.385000,-0.073570,0
19.902778,-0.375000,-0.073854,0
19.905556,-0.380000,-0.074957,0
19.908333,-0.395000,-0.076138,0
19.911111,-0.405000,-0.076507,0
19.913889,-0.385000,-0.075753,0
19.916667,-0.380000,-0.074382,0
19.919444,-0.375000,-0.073201,0
19.922222,-0.380000,-0.072558,0
19.925000,-0.380000,-0.071984,0
19.927778,-0.390000,-0.070542,0
19.930556,-0.390000,-0.067638,0
19.933333,-0.380000,-0.063694,0
19.936111,-0.355000,-0.060109,0
19.938889,-0.355000,-0.058421,0
19.941667,-0.370000,-0.059349,0
19.944444,-0.385000,-0.062511,0
19.947222,-0.375000,-0.066922,0
19.950000,-0.385000,-0.071654,0
19.952778,-0.375000,-0.076100,0
19.955556,-0.390000,-0.079861,0
19.958333,-0.390000,-0.082615,0
19.961111,-0.400000,-0.084220,0
19.963889,-0.400000,-0.084942,0
19.966667,-0.385000,-0.085498,0
19.969444,-0.390000,-0.086709,0
19.972222,-0.390000,-0.088980,0
19.975000,-0.405000,-0.092085,0
19.977778,-0.415000,-0.095466,0
19.980556,-0.405000,-0.098754,0
19.983333,-0.405000,-0.101986,0
19.986111,-0.405000,-0.105318,0
19.988889,-0.410000,-0.108571,0
19.991667,-0.425000,-0.111119,0
19.994444,-0.430000,-0.112283,0
19.997222,-0.420000,-0.111858,0
20.000000,-0.405000,-0.110240,0
20.002778,-0.410000,-0.107981,0
20.005556,-0.410000,-0.105248,0
20.008333,-0.410000,-0.101697,0
20.011111,-0.410000,-0.096840,0
20.013889,-0.400000,-0.090541,0
20.016667,-0.385000,-0.083204,0
20.019444,-0.370000,-0.075488,0
20.022222,-0.375000,-0.067794,0
20.025000,-0.360000,-0.059988,0
20.027778,-0.365000,-0.051602,0
20.030556,-0.355000,-0.042339,0
20.033333,-0.335000,-0.032450,0
20.036111,-0.315000,-0.022637,0
20.038889,-0.315000,-0.013562,0
20.041667,-0.310000,-0.005468,0
20.044444,-0.315000,0.001715,0
20.047222,-0.295000,0.007964,0
20.050000,-0.290000,0.012968,0
20.052778,-0.270000,0.016430,0
20.055556,-0.285000,0.018547,0
20.058333,-0.290000,0.020107,0
20.061111,-0.290000,0.021988,0
20.063889,-0.280000,0.024505,0
20.066667,-0.275000,0.027213,0
20.069444,-0.255000,0.029383,0
20.072222,-0.270000,0.030719,0
20.075000,-0.275000,0.031692,0
20.077778,-0.275000,0.033152,0
20.080556,-0.280000,0.035568,0
20.083333,-0.255000,0.038591,0
20.086111,-0.245000,0.041346,0
20.088889,-0.260000,0.043166,0
20.091667,-0.255000,0.044072,0
20.094444,-0.265000,0.044600,0
20.097222,-0.260000,0.045201,0
20.100000,-0.260000,0.045788,0
20.102778,-0.240000,0.045790,0
20.105556,-0.250000,0.044659,0
20.108333,-0.260000,0.042328,0
20.111111,-0.275000,0.039156,0
20.113889,-0.265000,0.035493,0
20.116667,-0.260000,0.031443,0
20.119444,-0.260000,0.027110,0
20.122222,-0.285000,0.022955,0
20.125000,-0.285000,0.019732,0
20.127778,-0.280000,0.018009,0
20.130556,-0.285000,0.017749,0
20.133333,-0.285000,0.018277,0
20.136111,-0.265000,0.018653,0
20.138889,-0.280000,0.018235,0
20.141667,-0.275000,0.017052,0
20.144444,-0.295000,0.015658,0
20.147222,-0.295000,0.014532,0
20.150000,-0.280000,0.013572,0
20.152778,-0.275000,0.012199,0
20.155556,-0.280000,0.010030,0
20.158333,-0.285000,0.007413,0
20.161111,-0.310000,0.005276,0
20.163889,-0.305000,0.004353,0
20.166667,-0.280000,0.004528,0
20.169444,-0.290000,0.004937,0
20.172222,-0.285000,0.004678,0
20.175000,-0.290000,0.003438,0
20.177778,-0.300000,0.001571,0
20.180556,-0.310000,-0.000361,0
20.183333,-0.295000,-0.002136,0
20.186111,-0.295000,-0.003998,0
20.188889,-0.290000,-0.006287,0
20.191667,-0.315000,-0.009013,0
20.194444,-0.310000,-0.011827,0
20.197222,-0.310000,-0.014352,0
20.200000,-0.315000,-0.016437,0
20.202778,-0.305000,-0.018109,0
20.205556,-0.310000,-0.019335,0
20.208333,-0.320000,-0.019902,0
20.211111,-0.325000,-0.019603,0
20.213889,-0.310000,-0.018550,0
20.216667,-0.305000,-0.017205,0
20.219444,-0.310000,-0.016057,0
20.222222,-0.305000,-0.015270,0
20.225000,-0.315000,-0.014654,0
20.227778,-0.315000,-0.013963,0
20.230556,-0.305000,-0.013221,0
20.233333,-0.305000,-0.012742,0
20.236111,-0.300000,-0.012815,0
20.238889,-0.300000,-0.013338,0
20.241667,-0.315000,-0.013774,0
20.244444,-0.320000,-0.013566,0
20.247222,-0.305000,-0.012668,0
20.250000,-0.295000,-0.011641,0
20.252778,-0.300000,-0.011182,0
20.255556,-0.305000,-0.011545,0
20.258333,-0.300000,-0.012376,0
20.261111,-0.320000,-0.013061,0
20.263889,-0.310000,-0.013291,0
20.266667,-0.305000,-0.013376,0
20.269444,-0.295000,-0.013992,0
20.272222,-0.300000,-0.015519,0
20.275000,-0.310000,-0.017585,0
20.277778,-0.325000,-0.019267,0
20.280556,-0.315000,-0.019811,0
20.283333,-0.315000,-0.019238,0
20.286111,-0.300000,-0.018291,0
20.288889,-0.300000,-0.017812,0
20.291667,-0.310000,-0.018089,0
20.294444,-0.320000,-0.018716,0
20.297222,-0.315000,-0.018989,0
20.300000,-0.305000,-0.018337,0
20.302778,-0.300000,-0.016359,0
20.305556,-0.300000,-0.012594,0
20.308333,-0.300000,-0.006469,0
20.311111,-0.300000,0.002316,0
20.313889,-0.285000,0.013237,0
20.316667,-0.260000,0.024782,0
20.319444,-0.245000,0.035004,0
20.322222,-0.240000,0.042473,0
20.325000,-0.245000,0.046951,0
20.327778,-0.250000,0.049290,0
20.330556,-0.240000,0.050754,0
20.333333,-0.245000,0.052314,0
20.336111,-0.230000,0.054391,0
20.338889,-0.220000,0.057094,0
20.341667,-0.230000,0.060590,0
20.344444,-0.235000,0.065137,0
20.347222,-0.230000,0.070682,0
20.350000,-0.205000,0.076513,0
20.352778,-0.200000,0.081490,0
20.355556,-0.195000,0.084715,0
20.358333,-0.210000,0.086004,0
20.361111,-0.215000,0.085713,0
20.363889,-0.205000,0.084176,0
20.366667,-0.205000,0.081398,0
20.369444,-0.205000,0.077292,0
20.372222,-0.210000,0.072196,0
20.375000,-0.225000,0.067157,0
20.377778,-0.230000,0.063696,0
20.380556,-0.225000,0.063213,0
20.383333,-0.220000,0.066402,0
20.386111,-0.220000,0.072902,0
20.388889,-0.215000,0.081168,0
20.391667,-0.200000,0.088626,0
20.394444,-0.190000,0.092233,0
20.397222,-0.190000,0.089441,0
20.400000,-0.205000,0.079155,0
20.402778,-0.225000,0.062184,0
20.405556,-0.250000,0.040956,0
20.408333,-0.270000,0.018682,0
20.411111,-0.300000,-0.001662,0
20.413889,-0.305000,-0.018138,0
20.416667,-0.320000,-0.030152,0
20.419444,-0.320000,-0.038213,0
20.422222,-0.325000,-0.043333,0
20.425000,-0.335000,-0.046464,0
20.427778,-0.340000,-0.048269,0
20.430556,-0.335000,-0.049223,0
20.433333,-0.345000,-0.049791,0
20.436111,-0.330000,-0.050443,0
20.438889,-0.330000,-0.051451,0
20.441667,-0.345000,-0.052685,0
20.444444,-0.345000,-0.053721,0
20.447222,-0.350000,-0.054219,0
20.450000,-0.335000,-0.054211,0
20.452778,-0.335000,-0.053952,0
20.455556,-0.335000,-0.053496,0
20.458333,-0.340000,-0.052444,0
20.461111,-0.345000,-0.050185,0
20.463889,-0.340000,-0.046485,0
20.466667,-0.320000,-0.041951,0
20.469444,-0.325000,-0.038082,0
20.472222,-0.325000,-0.037002,0
20.475000,-0.335000,-0.041170,0
20.477778,-0.345000,-0.053091,0
20.480556,-0.350000,-0.074765,0
20.483333,-0.395000,-0.106783,0
20.486111,-0.430000,-0.147324,0
20.488889,-0.460000,-0.191483,0
20.491667,-0.505000,-0.231288,0
20.494444,-0.545000,-0.256795,0
20.497222,-0.575000,-0.258464,0
20.500000,-0.560000,-0.230140,0
20.502778,-0.455000,-0.170951,0
20.505556,-0.330000,-0.084582,0
20.508333,-0.235000,0.023802,0
20.511111,-0.130000,0.150690,0
20.513889,0.000000,0.295182,0
20.516667,0.160000,0.457368,0
20.519444,0.350000,0.635465,0
20.522222,0.545000,0.823121,0
20.525000,0.700000,1.007463,0
20.527778,0.815000,1.167977,0
20.530556,0.930000,1.277181,0
20.533333,1.035000,1.305148,1
20.536111,1.050000,1.229148,0
20.538889,0.920000,1.045859,0
20.541667,0.570000,0.779452,0
20.544444,0.115000,0.478565,0
20.547222,-0.245000,0.200925,0
20.550000,-0.420000,-0.007363,0
20.552778,-0.425000,-0.126720,0
20.555556,-0.390000,-0.165901,0
20.558333,-0.355000,-0.151938,0
20.561111,-0.360000,-0.115752,0
20.563889,-0.365000,-0.081113,0
20.566667,-0.355000,-0.060333,0
20.569444,-0.350000,-0.055526,0
20.572222,-0.360000,-0.062448,0
20.575000,-0.365000,-0.074521,0
20.577778,-0.390000,-0.085926,0
20.580556,-0.385000,-0.093368,0
20.583333,-0.375000,-0.096405,0
20.586111,-0.370000,-0.096487,0
20.588889,-0.370000,-0.095431,0
20.591667,-0.380000,-0.094291,0
20.594444,-0.395000,-0.093235,0
20.597222,-0.385000,-0.092202,0
20.600000,-0.375000,-0.091504,0
20.602778,-0.365000,-0.091738,0
20.605556,-0.370000,-0.093165,0
20.608333,-0.385000,-0.095282,0
20.611111,-0.400000,-0.097110,0
20.613889,-0.385000,-0.097972,0
20.616667,-0.385000,-0.097979,0
20.619444,-0.370000,-0.097761,0
20.622222,-0.375000,-0.097705,0
20.625000,-0.385000,-0.097439,0
20.627778,-0.395000,-0.096080,0
20.630556,-0.390000,-0.093037,0
20.633333,-0.370000,-0.088653,0
20.636111,-0.360000,-0.084061,0
20.638889,-0.360000,-0.080420,0
20.641667,-0.365000,-0.078232,0
20.644444,-0.370000,-0.077278,0
20.647222,-0.370000,-0.077090,0
20.650000,-0.365000,-0.077449,0
20.652778,-0.355000,-0.078456,0
20.655556,-0.360000,-0.080168,0
20.658333,-0.370000,-0.082273,0
20.661111,-0.380000,-0.084190,0
20.663889,-0.380000,-0.085547,0
20.666667,-0.365000,-0.086508,0
20.669444,-0.370000,-0.087566,0
20.672222,-0.365000,-0.088990,0
20.675000,-0.380000,-0.090461,0
20.677778,-0.390000,-0.091297,0
20.680556,-0.380000,-0.091075,0
20.683333,-0.380000,-0.090065,0
20.686111,-0.365000,-0.089059,0
20.688889,-0.365000,-0.088700,0
20.691667,-0.375000,-0.088904,0
20.694444,-0.385000,-0.088895,0
20.697222,-0.385000,-0.087883,0
20.700000,-0.375000,-0.085761,0
20.702778,-0.360000,-0.083204,0
20.705556,-0.355000,-0.081082,0
20.708333,-0.370000,-0.079783,0
20.711111,-0.375000,-0.079086,0
20.713889,-0.370000,-0.078646,0
20.716667,-0.370000,-0.078509,0
20.719444,-0.355000,-0.079130,0
20.722222,-0.365000,-0.080881,0
20.725000,-0.360000,-0.083510,0
20.727778,-0.385000,-0.086096,0
20.730556,-0.385000,-0.087601,0
20.733333,-0.380000,-0.087594,0
20.736111,-0.360000,-0.086477,0
20.738889,-0.365000,-0.085045,0
20.741667,-0.375000,-0.083873,0
20.744444,-0.380000,-0.083150,0
20.747222,-0.370000,-0.082961,0
20.750000,-0.370000,-0.083516,0
20.752778,-0.370000,-0.085014,0
20.755556,-0.360000,-0.087282,0
20.758333,-0.385000,-0.089630,0
20.761111,-0.395000,-0.091198,0
20.763889,-0.380000,-0.091589,0
20.766667,-0.375000,-0.091172,0
20.769444,-0.365000,-0.090669,0
20.772222,-0.375000,-0.090445,0
20.775000,-0.385000,-0.090204,0
20.777778,-0.390000,-0.089387,0
20.780556,-0.375000,-0.087831,0
20.783333,-0.370000,-0.086049,0
20.786111,-0.370000,-0.084893,0
20.788889,-0.370000,-0.084960,0
20.791667,-0.370000,-0.086204,0
20.794444,-0.385000,-0.087973,0
20.797222,-0.380000,-0.089420,0
20.800000,-0.385000,-0.089950,0
20.802778,-0.370000,-0.089375,0
20.805556,-0.370000,-0.087658,0
20.808333,-0.370000,-0.084574,0
20.811111,-0.380000,-0.079691,0
20.813889,-0.370000,-0.072762,0
20.816667,-0.345000,-0.064089,0
20.819444,-0.340000,-0.054442,0
20.822222,-0.325000,-0.044622,0
20.825000,-0.335000,-0.035171,0
20.827778,-0.325000,-0.026506,0
20.830556,-0.305000,-0.019182,0
20.833333,-0.295000,-0.013816,0
20.836111,-0.295000,-0.010630,0
20.838889,-0.300000,-0.009080,0
20.841667,-0.300000,-0.007986,0
20.844444,-0.305000,-0.006114,0
20.847222,-0.295000,-0.002791,0
20.850000,-0.280000,0.001870,0
20.852778,-0.285000,0.007211,0
20.855556,-0.275000,0.012480,0
20.858333,-0.265000,0.017164,0
20.861111,-0.280000,0.021022,0
20.863889,-0.275000,0.023872,0
20.866667,-0.255000,0.025399,0
20.869444,-0.265000,0.025277,0
20.872222,-0.260000,0.023562,0
20.875000,-0.265000,0.020931,0
20.877778,-0.285000,0.018438,0
20.880556,-0.285000,0.016869,0
20.883333,-0.275000,0.016208,0
20.886111,-0.260000,0.015762,0
20.888889,-0.265000,0.014896,0
20.891667,-0.285000,0.013675,0
20.894444,-0.285000,0.012757,0
20.897222,-0.290000,0.012662,0
20.900000,-0.275000,0.013165,0
20.902778,-0.275000,0.013374,0
20.905556,-0.265000,0.012424,0
20.908333,-0.275000,0.010186,0
20.911111,-0.305000,0.007385,0
20.913889,-0.290000,0.005012,0
20.916667,-0.285000,0.003637,0
20.919444,-0.285000,0.003281,0
20.922222,-0.275000,0.003789,0
20.925000,-0.295000,0.005155,0
20.927778,-0.300000,0.007351,0
20.930556,-0.280000,0.009871,0
20.933333,-0.280000,0.011587,0
20.936111,-0.270000,0.011233,0
20.938889,-0.280000,0.008150,0
20.941667,-0.295000,0.002678,0
20.944444,-0.300000,-0.004082,0
20.947222,-0.310000,-0.010906,0
20.950000,-0.315000,-0.016992,0
20.952778,-0.305000,-0.022051,0
20.955556,-0.305000,-0.025975,0
20.958333,-0.335000,-0.028525,0
20.961111,-0.335000,-0.029495,0
20.963889,-0.320000,-0.029162,0
20.966667,-0.320000,-0.028404,0
20.969444,-0.310000,-0.028198,0
20.972222,-0.320000,-0.028944,0
20.975000,-0.330000,-0.030217,0
20.977778,-0.330000,-0.031141,0
20.980556,-0.330000,-0.031070,0
20.983333,-0.330000,-0.030037,0
20.986111,-0.310000,-0.028648,0
20.988889,-0.315000,-0.027535,0
20.991667,-0.320000,-0.026858,0
20.994444,-0.335000,-0.026341,0
20.997222,-0.330000,-0.025814,0
21.000000,-0.315000,-0.025635,0
21.002778,-0.310000,-0.026467,0
21.005556,-0.315000,-0.028557,0
21.008333,-0.330000,-0.031281,0
21.011111,-0.340000,-0.033444,0
21.013889,-0.335000,-0.034129,0
21.016667,-0.340000,-0.033373,0
21.019444,-0.305000,-0.032091,0
21.022222,-0.320000,-0.031287,0
21.025000,-0.330000,-0.031293,0
21.027778,-0.340000,-0.031719,0
21.030556,-0.335000,-0.032042,0
21.033333,-0.320000,-0.032118,0
21.036111,-0.320000,-0.032101,0
21.038889,-0.330000,-0.032017,0
21.041667,-0.330000,-0.031562,0
21.044444,-0.335000,-0.030334,0
21.047222,-0.325000,-0.028206,0
21.050000,-0.315000,-0.025434,0
21.052778,-0.320000,-0.022448,0
21.055556,-0.315000,-0.019567,0
21.058333,-0.320000,-0.016933,0
21.061111,-0.310000,-0.014607,0
21.063889,-0.310000,-0.012671,0
21.066667,-0.310000,-0.011184,0
21.069444,-0.305000,-0.010064,0
21.072222,-0.300000,-0.008961,0
21.075000,-0.310000,-0.007284,0
21.077778,-0.310000,-0.004442,0
21.080556,-0.300000,-0.000199,0
21.083333,-0.285000,0.005187,0
21.086111,-0.290000,0.011194,0
21.088889,-0.275000,0.017391,0
21.091667,-0.275000,0.023628,0
21.094444,-0.275000,0.029925,0
21.097222,-0.270000,0.036194,0
21.100000,-0.255000,0.042065,0
21.102778,-0.240000,0.047124,0
21.105556,-0.245000,0.051421,0
21.108333,-0.240000,0.055780,0
21.111111,-0.245000,0.061497,0
21.113889,-0.245000,0.069515,0
21.116667,-0.220000,0.079642,0
21.119444,-0.205000,0.090412,0
21.122222,-0.190000,0.099728,0
21.125000,-0.195000,0.105831,0
21.127778,-0.190000,0.107954,0
21.130556,-0.200000,0.106410,0
21.133333,-0.195000,0.102295,0
21.136111,-0.200000,0.097111,0
21.138889,-0.210000,0.092417,0
21.141667,-0.215000,0.089440,0
21.144444,-0.220000,0.088659,0
21.147222,-0.210000,0.089564,0
21.150000,-0.210000,0.090862,0
21.152778,-0.200000,0.091103,0
21.155556,-0.210000,0.089420,0
21.158333,-0.220000,0.085948,0
21.161111,-0.215000,0.081764,0
21.163889,-0.220000,0.078444,0
21.166667,-0.235000,0.077430,0
21.169444,-0.225000,0.079329,0
21.172222,-0.225000,0.083389,0
21.175000,-0.220000,0.087482,0
21.177778,-0.200000,0.088782,0
21.180556,-0.205000,0.084898,0
21.183333,-0.230000,0.074903,0
21.186111,-0.250000,0.059604,0
21.188889,-0.260000,0.041040,0
21.191667,-0.285000,0.021658,0
21.194444,-0.300000,0.003661,0
21.197222,-0.315000,-0.011366,0
21.200000,-0.330000,-0.022577,0
21.202778,-0.325000,-0.029771,0
21.205556,-0.335000,-0.033178,0
21.208333,-0.340000,-0.033300,0
21.211111,-0.345000,-0.030957,0
21.213889,-0.330000,-0.027385,0
21.216667,-0.320000,-0.024044,0
21.219444,-0.320000,-0.022093,0
21.222222,-0.325000,-0.021913,0
21.225000,-0.335000,-0.023109,0
21.227778,-0.335000,-0.025009,0
21.230556,-0.335000,-0.027213,0
21.233333,-0.330000,-0.029753,0
21.236111,-0.330000,-0.032771,0
21.238889,-0.335000,-0.036051,0
21.241667,-0.350000,-0.038902,0
21.244444,-0.355000,-0.040579,0
21.247222,-0.350000,-0.040962,0
21.250000,-0.345000,-0.040937,0
21.252778,-0.340000,-0.042177,0
21.255556,-0.350000,-0.046539,0
21.258333,-0.360000,-0.055574,0
21.261111,-0.390000,-0.070430,0
21.263889,-0.400000,-0.092018,0
21.266667,-0.435000,-0.120953,0
21.269444,-0.465000,-0.156874,0
21.272222,-0.480000,-0.197097,0
21.275000,-0.515000,-0.235105,0
21.277778,-0.570000,-0.259918,0
21.280556,-0.580000,-0.257283,0
21.283333,-0.520000,-0.212568,0
21.286111,-0.400000,-0.114249,0
21.288889,-0.250000,0.042773,0
21.291667,-0.095000,0.253779,0
21.294444,0.100000,0.500734,0
21.297222,0.395000,0.750601,0
21.300000,0.660000,0.958812,0
21.302778,0.830000,1.079547,0
21.305556,0.880000,1.080341,1
21.308333,0.760000,0.955153,0
21.311111,0.460000,0.729508,0
21.313889,0.070000,0.454022,0
21.316667,-0.240000,0.187914,0
21.319444,-0.425000,-0.020430,0
21.322222,-0.485000,-0.147081,0
21.325000,-0.480000,-0.195096,0
21.327778,-0.430000,-0.186785,0
21.330556,-0.400000,-0.151031,0
21.333333,-0.395000,-0.111962,0
21.336111,-0.400000,-0.083122,0
21.338889,-0.400000,-0.067701,0
21.341667,-0.395000,-0.062556,0
21.344444,-0.390000,-0.062872,0
21.347222,-0.375000,-0.065198,0
21.350000,-0.365000,-0.068190,0
21.352778,-0.370000,-0.071705,0
21.355556,-0.385000,-0.075580,0
21.358333,-0.395000,-0.079103,0
21.361111,-0.405000,-0.081376,0
21.363889,-0.390000,-0.081959,0
21.366667,-0.390000,-0.081124,0
21.369444,-0.385000,-0.079534,0
21.372222,-0.380000,-0.077713,0
21.375000,-0.395000,-0.075814,0
21.377778,-0.400000,-0.073887,0
21.380556,-0.380000,-0.072310,0
21.383333,-0.380000,-0.071856,0
21.386111,-0.375000,-0.073176,0
21.388889,-0.385000,-0.076175,0
21.391667,-0.395000,-0.079853,0
21.394444,-0.405000,-0.082798,0
21.397222,-0.400000,-0.083983,0
21.400000,-0.395000,-0.083304,0
21.402778,-0.395000,-0.081522,0
21.405556,-0.380000,-0.079722,0
21.408333,-0.395000,-0.078678,0
21.411111,-0.390000,-0.078524,0
21.413889,-0.395000,-0.078871,0
21.416667,-0.400000,-0.079195,0
21.419444,-0.390000,-0.079170,0
21.422222,-0.385000,-0.078713,0
21.425000,-0.390000,-0.077806,0
21.427778,-0.400000,-0.076385,0
21.430556,-0.390000,-0.074461,0
21.433333,-0.380000,-0.072224,0
21.436111,-0.380000,-0.069921,0
21.438889,-0.385000,-0.067641,0
21.441667,-0.380000,-0.065299,0
21.444444,-0.385000,-0.062849,0
21.447222,-0.370000,-0.060497,0
21.450000,-0.375000,-0.058686,0
21.452778,-0.370000,-0.057870,0
21.455556,-0.370000,-0.058260,0
21.458333,-0.375000,-0.059731,0
21.461111,-0.385000,-0.061956,0
21.463889,-0.385000,-0.064674,0
21.466667,-0.375000,-0.067804,0
21.469444,-0.385000,-0.071238,0
21.472222,-0.380000,-0.074505,0
21.475000,-0.400000,-0.076745,0
21.477778,-0.405000,-0.077187,0
21.480556,-0.400000,-0.075840,0
21.483333,-0.385000,-0.073753,0
21.486111,-0.380000,-0.072480,0
21.488889,-0.375000,-0.073052,0
21.491667,-0.395000,-0.075242,0
21.494444,-0.405000,-0.077715,0
21.497222,-0.405000,-0.078937,0
21.500000,-0.395000,-0.078119,0
21.502778,-0.390000,-0.075509,0
21.505556,-0.380000,-0.071997,0
21.508333,-0.385000,-0.068473,0
21.511111,-0.395000,-0.065482,0
21.513889,-0.375000,-0.063245,0
21.516667,-0.375000,-0.061786,0
21.519444,-0.380000,-0.060969,0
21.522222,-0.385000,-0.060569,0
21.525000,-0.375000,-0.060482,0
21.527778,-0.385000,-0.060932,0
21.530556,-0.385000,-0.062467,0
21.533333,-0.375000,-0.065681,0
21.536111,-0.380000,-0.070750,0
21.538889,-0.400000,-0.077061,0
21.541667,-0.405000,-0.083333,0
21.544444,-0.415000,-0.088218,0
21.547222,-0.410000,-0.090965,0
21.550000,-0.415000,-0.091705,0
21.552778,-0.400000,-0.091245,0
21.555556,-0.410000,-0.090556,0
21.558333,-0.410000,-0.090348,0
21.561111,-0.415000,-0.090968,0
21.563889,-0.415000,-0.092552,0
21.566667,-0.415000,-0.095166,0
21.569444,-0.415000,-0.098719,0
21.572222,-0.415000,-0.102725,0
21.575000,-0.425000,-0.106193,0
21.577778,-0.445000,-0.107903,0
21.580556,-0.430000,-0.107015,0
21.583333,-0.420000,-0.103474,0
21.586111,-0.415000,-0.097850,0
21.588889,-0.400000,-0.090764,0
21.591667,-0.410000,-0.082480,0
21.594444,-0.405000,-0.073022,0
21.597222,-0.385000,-0.062630,0
21.600000,-0.375000,-0.052018,0
21.602778,-0.350000,-0.042093,0
21.605556,-0.350000,-0.033368,0
21.608333,-0.350000,-0.025641,0
21.611111,-0.355000,-0.018313,0
21.613889,-0.335000,-0.011092,0
21.616667,-0.330000,-0.004410,0
21.619444,-0.305000,0.000863,0
21.622222,-0.310000,0.004174,0
21.625000,-0.325000,0.005799,0
21.627778,-0.325000,0.006645,0
21.630556,-0.315000,0.007564,0
21.633333,-0.315000,0.008843,0
21.636111,-0.310000,0.010205,0
21.638889,-0.310000,0.011196,0
21.641667,-0.305000,0.011600,0
21.644444,-0.315000,0.011633,0
21.647222,-0.320000,0.011791,0
21.650000,-0.310000,0.012519,0
21.652778,-0.305000,0.014010,0
21.655556,-0.305000,0.016276,0
21.658333,-0.305000,0.019291,0
21.661111,-0.310000,0.022943,0
21.663889,-0.295000,0.026853,0
21.666667,-0.295000,0.030317,0
21.669444,-0.290000,0.032547,0
21.672222,-0.285000,0.033086,0
21.675000,-0.285000,0.032128,0
21.677778,-0.305000,0.030478,0
21.680556,-0.305000,0.029066,0
21.683333,-0.295000,0.028368,0
21.686111,-0.290000,0.028220,0
21.688889,-0.295000,0.028148,0
21.691667,-0.295000,0.027785,0
21.694444,-0.305000,0.027002,0
21.697222,-0.305000,0.025717,0
21.700000,-0.300000,0.023711,0
21.702778,-0.300000,0.020732,0
21.705556,-0.300000,0.016838,0
21.708333,-0.320000,0.012627,0
21.711111,-0.320000,0.009042,0
21.713889,-0.325000,0.006854,0
21.716667,-0.320000,0.006237,0
21.719444,-0.320000,0.006752,0
21.722222,-0.305000,0.007717,0
21.725000,-0.325000,0.008659,0
21.727778,-0.320000,0.009485,0
21.730556,-0.315000,0.010319,0
21.733333,-0.320000,0.011261,0
21.736111,-0.310000,0.012289,0
21.738889,-0.315000,0.013327,0
21.741667,-0.310000,0.014327,0
21.744444,-0.315000,0.015280,0
21.747222,-0.315000,0.016087,0
21.750000,-0.315000,0.016444,0
21.752778,-0.305000,0.015893,0
21.755556,-0.310000,0.014098,0
21.758333,-0.315000,0.011150,0
21.761111,-0.325000,0.007585,0
21.763889,-0.330000,0.004058,0
21.766667,-0.330000,0.000956,0
21.769444,-0.325000,-0.001722,0
21.772222,-0.325000,-0.004099,0
21.775000,-0.330000,-0.006093,0
21.777778,-0.350000,-0.007427,0
21.780556,-0.350000,-0.008053,0
21.783333,-0.330000,-0.008496,0
21.786111,-0.325000,-0.009555,0
21.788889,-0.330000,-0.011516,0
21.791667,-0.350000,-0.013697,0
21.794444,-0.360000,-0.014881,0
21.797222,-0.350000,-0.014302,0
21.800000,-0.340000,-0.012294,0
21.802778,-0.330000,-0.010014,0
21.805556,-0.330000,-0.008525,0
21.808333,-0.330000,-0.007993,0
21.811111,-0.350000,-0.007647,0
21.813889,-0.350000,-0.006537,0
21.816667,-0.340000,-0.004468,0
21.819444,-0.325000,-0.002311,0
21.822222,-0.320000,-0.001382,0
21.825000,-0.330000,-0.002448,0
21.827778,-0.335000,-0.005137,0
21.830556,-0.350000,-0.008162,0
21.833333,-0.340000,-0.010076,0
21.836111,-0.345000,-0.009998,0
21.838889,-0.340000,-0.007939,0
21.841667,-0.330000,-0.004680,0
21.844444,-0.335000,-0.001414,0
21.847222,-0.340000,0.000666,0
21.850000,-0.320000,0.000732,0
21.852778,-0.325000,-0.001259,0
21.855556,-0.330000,-0.004269,0
21.858333,-0.350000,-0.006402,0
21.861111,-0.350000,-0.005755,0
21.863889,-0.335000,-0.001380,0
21.866667,-0.320000,0.006347,0
21.869444,-0.310000,0.016156,0
21.872222,-0.305000,0.026657,0
21.875000,-0.295000,0.036871,0
21.877778,-0.295000,0.046298,0
21.880556,-0.275000,0.054738,0
21.883333,-0.270000,0.062171,0
21.886111,-0.255000,0.068814,0
21.888889,-0.265000,0.075167,0
21.891667,-0.250000,0.081806,0
21.894444,-0.250000,0.088946,0
21.897222,-0.250000,0.096042,0
21.900000,-0.225000,0.101785,0
21.902778,-0.220000,0.104680,0
21.905556,-0.220000,0.103975,0
21.908333,-0.230000,0.100317,0
21.911111,-0.250000,0.095583,0
21.913889,-0.250000,0.091930,0
21.916667,-0.250000,0.090716,0
21.919444,-0.235000,0.091999,0
21.922222,-0.230000,0.094797,0
21.925000,-0.245000,0.097716,0
21.927778,-0.240000,0.099403,0
21.930556,-0.235000,0.098758,0
21.933333,-0.235000,0.095221,0
21.936111,-0.230000,0.089229,0
21.938889,-0.255000,0.082474,0
21.941667,-0.260000,0.077479,0
21.944444,-0.275000,0.076450,0
21.947222,-0.265000,0.079965,0
21.950000,-0.255000,0.086326,0
21.952778,-0.230000,0.092102,0
21.955556,-0.225000,0.093664,0
21.958333,-0.240000,0.088820,0
21.961111,-0.270000,0.077535,0
21.963889,-0.285000,0.061441,0
21.966667,-0.295000,0.042772,0
21.969444,-0.305000,0.023633,0
21.972222,-0.320000,0.005889,0
21.975000,-0.355000,-0.008780,0
21.977778,-0.365000,-0.019119,0
21.980556,-0.360000,-0.024778,0
21.983333,-0.365000,-0.026480,0
21.986111,-0.355000,-0.025659,0
21.988889,-0.355000,-0.023793,0
21.991667,-0.360000,-0.021897,0
21.994444,-0.365000,-0.020471,0
21.997222,-0.365000,-0.019812,0
22.000000,-0.355000,-0.020249,0
22.002778,-0.345000,-0.021950,0
22.005556,-0.355000,-0.024459,0
22.008333,-0.370000,-0.026587,0
22.011111,-0.385000,-0.027034,0
22.013889,-0.370000,-0.025369,0
22.016667,-0.350000,-0.022458,0
22.019444,-0.350000,-0.019874,0
22.022222,-0.345000,-0.018767,0
22.025000,-0.360000,-0.019146,0
22.027778,-0.370000,-0.020093,0
22.030556,-0.370000,-0.020680,0
22.033333,-0.360000,-0.020796,0
22.036111,-0.345000,-0.021241,0
22.038889,-0.360000,-0.023155,0
22.041667,-0.365000,-0.027436,0
22.044444,-0.385000,-0.034716,0
22.047222,-0.390000,-0.045786,0
22.050000,-0.405000,-0.061925,0
22.052778,-0.430000,-0.084628,0
22.055556,-0.450000,-0.114598,0
22.058333,-0.470000,-0.150229,0
22.061111,-0.515000,-0.186128,0
22.063889,-0.550000,-0.212512,0
22.066667,-0.565000,-0.216045,0
22.069444,-0.505000,-0.181973,0
22.072222,-0.420000,-0.097020,0
22.075000,-0.295000,0.047087,0
22.077778,-0.130000,0.249309,0
22.080556,0.080000,0.494822,0
22.083333,0.360000,0.752673,0
22.086111,0.620000,0.978555,0
22.088889,0.835000,1.124297,0
22.091667,0.920000,1.152283,1
22.094444,0.830000,1.049684,0
22.097222,0.545000,0.835817,0
22.100000,0.160000,0.557956,0
22.102778,-0.180000,0.276173,0
22.105556,-0.395000,0.043649,0
22.108333,-0.490000,-0.108711,0
22.111111,-0.515000,-0.177409,0
22.113889,-0.470000,-0.180914,0
22.116667,-0.425000,-0.147976,0
22.119444,-0.410000,-0.105606,0
22.122222,-0.410000,-0.071404,0
22.125000,-0.415000,-0.051910,0
22.127778,-0.410000,-0.045553,0
22.130556,-0.405000,-0.047234,0
22.133333,-0.395000,-0.051972,0
22.136111,-0.395000,-0.056567,0
22.138889,-0.395000,-0.059631,0
22.141667,-0.405000,-0.060935,0
22.144444,-0.410000,-0.060856,0
22.147222,-0.400000,-0.060109,0
22.150000,-0.405000,-0.059545,0
22.152778,-0.395000,-0.059842,0
22.155556,-0.400000,-0.061195,0
22.158333,-0.410000,-0.063252,0
22.161111,-0.420000,-0.065472,0
22.163889,-0.415000,-0.067663,0
22.166667,-0.415000,-0.070232,0
22.169444,-0.405000,-0.073807,0
22.172222,-0.410000,-0.078480,0
22.175000,-0.430000,-0.083329,0
22.177778,-0.445000,-0.086762,0
22.180556,-0.445000,-0.087531,0
22.183333,-0.425000,-0.085565,0
22.186111,-0.415000,-0.081952,0
22.188889,-0.420000,-0.078159,0
22.191667,-0.420000,-0.075263,0
22.194444,-0.425000,-0.073719,0
22.197222,-0.420000,-0.073598,0
22.200000,-0.425000,-0.074842,0
22.202778,-0.410000,-0.077236,0
22.205556,-0.415000,-0.080121,0
22.208333,-0.435000,-0.082306,0
22.211111,-0.440000,-0.082538,0
22.213889,-0.435000,-0.080336,0
22.216667,-0.415000,-0.076483,0
22.219444,-0.415000,-0.072677,0
22.222222,-0.410000,-0.070595,0
22.225000,-0.410000,-0.070993,0
22.227778,-0.420000,-0.073387,0
22.230556,-0.430000,-0.076417,0
22.233333,-0.435000,-0.078681,0
22.236111,-0.425000,-0.079493,0
22.238889,-0.420000,-0.079070,0
22.241667,-0.420000,-0.078133,0
22.244444,-0.425000,-0.077341,0
22.247222,-0.425000,-0.076975,0
22.250000,-0.425000,-0.076944,0
22.252778,-0.420000,-0.076947,0
22.255556,-0.425000,-0.076615,0
22.258333,-0.425000,-0.075677,0
22.261111,-0.425000,-0.074133,0
22.263889,-0.420000,-0.072355,0
22.266667,-0.415000,-0.070963,0
22.269444,-0.415000,-0.070497,0
22.272222,-0.415000,-0.071077,0
22.275000,-0.420000,-0.072305,0
22.277778,-0.430000,-0.073510,0
22.280556,-0.425000,-0.074181,0
22.283333,-0.420000,-0.074238,0
22.286111,-0.415000,-0.073925,0
22.288889,-0.420000,-0.073444,0
22.291667,-0.420000,-0.072743,0
22.294444,-0.430000,-0.071652,0
22.297222,-0.420000,-0.070254,0
22.300000,-0.420000,-0.069082,0
22.302778,-0.410000,-0.068888,0
22.305556,-0.405000,-0.070092,0
22.308333,-0.425000,-0.072373,0
22.311111,-0.435000,-0.074881,0
22.313889,-0.440000,-0.076955,0
22.316667,-0.420000,-0.078698,0
22.319444,-0.415000,-0.080776,0
22.322222,-0.430000,-0.083681,0
22.325000,-0.440000,-0.087226,0
22.327778,-0.450000,-0.090794,0
22.330556,-0.450000,-0.094022,0
22.333333,-0.445000,-0.097248,0
22.336111,-0.445000,-0.101299,0
22.338889,-0.445000,-0.106804,0
22.341667,-0.465000,-0.113586,0
22.344444,-0.475000,-0.120652,0
22.347222,-0.490000,-0.126778,0
22.350000,-0.480000,-0.131190,0
22.352778,-0.475000,-0.133766,0
22.355556,-0.480000,-0.134695,0
22.358333,-0.485000,-0.134054,0
22.361111,-0.490000,-0.131776,0
22.363889,-0.485000,-0.128003,0
22.366667,-0.475000,-0.123349,0
22.369444,-0.455000,-0.118711,0
22.372222,-0.465000,-0.114697,0
22.375000,-0.460000,-0.111214,0
22.377778,-0.470000,-0.107584,0
22.380556,-0.455000,-0.103077,0
22.383333,-0.450000,-0.097366,0
22.386111,-0.435000,-0.090559,0
22.388889,-0.430000,-0.082897,0
22.391667,-0.430000,-0.074499,0
22.394444,-0.420000,-0.065392,0
22.397222,-0.415000,-0.055768,0
22.400000,-0.390000,-0.046089,0
22.402778,-0.385000,-0.036877,0
22.405556,-0.375000,-0.028338,0
22.408333,-0.375000,-0.020232,0
22.411111,-0.375000,-0.012172,0
22.413889,-0.360000,-0.004131,0
22.416667,-0.345000,0.003340,0
22.419444,-0.335000,0.009434,0
22.422222,-0.330000,0.013700,0
22.425000,-0.345000,0.016395,0
22.427778,-0.340000,0.018250,0
22.430556,-0.335000,0.019918,0
22.433333,-0.330000,0.021618,0
22.436111,-0.325000,0.023242,0
22.438889,-0.320000,0.024731,0
22.441667,-0.330000,0.026313,0
22.444444,-0.335000,0.028343,0
22.447222,-0.325000,0.030866,0
22.450000,-0.320000,0.033370,0
22.452778,-0.310000,0.035059,0
22.455556,-0.305000,0.035474,0
22.458333,-0.325000,0.034910,0
22.461111,-0.330000,0.034197,0
22.463889,-0.325000,0.033996,0
22.466667,-0.320000,0.034272,0
22.469444,-0.305000,0.034400,0
22.472222,-0.320000,0.033753,0
22.475000,-0.320000,0.032163,0
22.477778,-0.340000,0.029854,0
22.480556,-0.325000,0.027046,0
22.483333,-0.325000,0.023756,0
22.486111,-0.330000,0.020043,0
22.488889,-0.330000,0.016394,0
22.491667,-0.345000,0.013754,0
22.494444,-0.355000,0.013009,0
22.497222,-0.350000,0.014252,0
22.500000,-0.330000,0.016459,0
22.502778,-0.325000,0.017994,0
22.505556,-0.335000,0.017589,0
22.508333,-0.335000,0.015023,0
22.511111,-0.360000,0.011044,0
22.513889,-0.350000,0.006736,0
22.516667,-0.345000,0.002935,0
22.519444,-0.355000,0.000085,0
22.522222,-0.360000,-0.001609,0
22.525000,-0.350000,-0.002070,0
22.527778,-0.370000,-0.001397,0
22.530556,-0.350000,0.000046,0
22.533333,-0.355000,0.001650,0
22.536111,-0.350000,0.002774,0
22.538889,-0.350000,0.003039,0
22.541667,-0.350000,0.002485,0
22.544444,-0.365000,0.001452,0
22.547222,-0.355000,0.000270,0
22.550000,-0.360000,-0.001013,0
22.552778,-0.350000,-0.002590,0
22.555556,-0.360000,-0.004633,0
22.558333,-0.365000,-0.007094,0
22.561111,-0.375000,-0.009792,0
22.563889,-0.365000,-0.012634,0
22.566667,-0.375000,-0.015684,0
22.569444,-0.365000,-0.018954,0
22.572222,-0.380000,-0.022125,0
22.575000,-0.380000,-0.024525,0
22.577778,-0.395000,-0.025474,0
22.580556,-0.385000,-0.024789,0
22.583333,-0.375000,-0.022983,0
22.586111,-0.370000,-0.020940,0
22.588889,-0.375000,-0.019323,0
22.591667,-0.375000,-0.018232,0
22.594444,-0.385000,-0.017359,0
22.597222,-0.375000,-0.016439,0
22.600000,-0.375000,-0.015533,0
22.602778,-0.360000,-0.014899,0
22.605556,-0.370000,-0.014587,0
22.608333,-0.375000,-0.014233,0
22.611111,-0.380000,-0.013318,0
22.613889,-0.375000,-0.011698,0
22.616667,-0.365000,-0.009879,0
22.619444,-0.360000,-0.008732,0
22.622222,-0.360000,-0.008848,0
22.625000,-0.365000,-0.010058,0
22.627778,-0.380000,-0.011530,0
22.630556,-0.380000,-0.012392,0
22.633333,-0.375000,-0.012375,0
22.636111,-0.355000,-0.011893,0
22.638889,-0.365000,-0.011525,0
22.641667,-0.370000,-0.011451,0
22.644444,-0.385000,-0.011440,0
22.647222,-0.375000,-0.011311,0
22.650000,-0.360000,-0.011239,0
22.652778,-0.365000,-0.011513,0
22.655556,-0.365000,-0.012047,0
22.658333,-0.380000,-0.012230,0
22.661111,-0.380000,-0.011349,0
22.663889,-0.370000,-0.009178,0
22.666667,-0.360000,-0.006170,0
22.669444,-0.360000,-0.003073,0
22.672222,-0.350000,-0.000312,0
22.675000,-0.360000,0.002354,0
22.677778,-0.365000,0.005638,0
22.680556,-0.350000,0.010151,0
22.683333,-0.345000,0.015948,0
22.686111,-0.335000,0.022520,0
22.688889,-0.325000,0.029168,0
22.691667,-0.320000,0.035427,0
22.694444,-0.330000,0.041189,0
22.697222,-0.320000,0.046512,0
22.700000,-0.300000,0.051393,0
22.702778,-0.300000,0.055864,0
22.705556,-0.295000,0.060260,0
22.708333,-0.305000,0.065229,0
22.711111,-0.295000,0.071303,0
22.713889,-0.285000,0.078382,0
22.716667,-0.270000,0.085599,0
22.719444,-0.270000,0.091702,0
22.722222,-0.255000,0.095667,0
22.725000,-0.265000,0.097138,0
22.727778,-0.270000,0.096444,0
22.730556,-0.275000,0.094224,0
22.733333,-0.265000,0.090998,0
22.736111,-0.275000,0.087065,0
22.738889,-0.270000,0.082717,0
22.741667,-0.285000,0.078458,0
22.744444,-0.295000,0.074937,0
22.747222,-0.295000,0.072647,0
22.750000,-0.285000,0.071739,0
22.752778,-0.275000,0.072253,0
22.755556,-0.280000,0.074484,0
22.758333,-0.300000,0.078898,0
22.761111,-0.290000,0.085332,0
22.763889,-0.285000,0.092105,0
22.766667,-0.255000,0.096055,0
22.769444,-0.240000,0.093871,0
22.772222,-0.270000,0.083942,0
22.775000,-0.300000,0.067318,0
22.777778,-0.340000,0.047043,0
22.780556,-0.340000,0.026496,0
22.783333,-0.350000,0.008056,0
22.786111,-0.360000,-0.007116,0
22.788889,-0.380000,-0.018570,0
22.791667,-0.390000,-0.026133,0
22.794444,-0.405000,-0.029973,0
22.797222,-0.400000,-0.030907,0
22.800000,-0.385000,-0.030416,0
22.802778,-0.385000,-0.030088,0
22.805556,-0.385000,-0.030837,0
22.808333,-0.405000,-0.032559,0
22.811111,-0.410000,-0.034543,0
22.813889,-0.405000,-0.036232,0
22.816667,-0.390000,-0.037616,0
22.819444,-0.400000,-0.038952,0
22.822222,-0.395000,-0.040219,0
22.825000,-0.415000,-0.040935,0
22.827778,-0.415000,-0.040555,0
22.830556,-0.405000,-0.039037,0
22.833333,-0.395000,-0.036996,0
22.836111,-0.390000,-0.035254,0
22.838889,-0.390000,-0.034221,0
22.841667,-0.405000,-0.033779,0
22.844444,-0.415000,-0.033924,0
22.847222,-0.415000,-0.035727,0
22.850000,-0.400000,-0.041697,0
22.852778,-0.405000,-0.054965,0
22.855556,-0.430000,-0.077669,0
22.858333,-0.480000,-0.109603,0
22.861111,-0.525000,-0.147906,0
22.863889,-0.550000,-0.187611,0
22.866667,-0.570000,-0.222367,0
22.869444,-0.595000,-0.245090,0
22.872222,-0.645000,-0.249072,0
22.875000,-0.640000,-0.229782,0
22.877778,-0.570000,-0.186285,0
22.880556,-0.440000,-0.120402,0
22.883333,-0.335000,-0.033308,0
22.886111,-0.250000,0.077991,0
22.888889,-0.150000,0.220694,0
22.891667,-0.015000,0.401081,0
22.894444,0.160000,0.616137,0
22.897222,0.410000,0.846445,0
22.900000,0.665000,1.055166,0
22.902778,0.855000,1.195594,0
22.905556,0.955000,1.225841,1
22.908333,0.910000,1.125508,0
22.911111,0.645000,0.907079,0
22.913889,0.215000,0.615506,0
22.916667,-0.195000,0.314146,0
22.919444,-0.445000,0.062599,0
22.922222,-0.540000,-0.102877,0
22.925000,-0.510000,-0.177271,0
22.927778,-0.485000,-0.181134,0
22.930556,-0.435000,-0.146680,0
22.933333,-0.445000,-0.103738,0
22.936111,-0.440000,-0.071336,0
22.938889,-0.440000,-0.056242,0
22.941667,-0.440000,-0.056265,0
22.944444,-0.450000,-0.065102,0
22.947222,-0.455000,-0.076383,0
22.950000,-0.455000,-0.085893,0
22.952778,-0.450000,-0.091949,0
22.955556,-0.455000,-0.094576,0
22.958333,-0.460000,-0.094433,0
22.961111,-0.470000,-0.092233,0
22.963889,-0.465000,-0.088769,0
22.966667,-0.450000,-0.085057,0
22.969444,-0.440000,-0.082146,0
22.972222,-0.450000,-0.080616,0
22.975000,-0.445000,-0.080275,0
22.977778,-0.460000,-0.080385,0
22.980556,-0.460000,-0.080260,0
22.983333,-0.440000,-0.079745,0
22.986111,-0.445000,-0.079169,0
22.988889,-0.445000,-0.078906,0
22.991667,-0.450000,-0.079022,0
22.994444,-0.455000,-0.079310,0
22.997222,-0.450000,-0.079577,0
23.000000,-0.455000,-0.079849,0
23.002778,-0.435000,-0.080267,0
23.005556,-0.455000,-0.080785,0
23.008333,-0.450000,-0.080994,0
23.011111,-0.455000,-0.080315,0
23.013889,-0.455000,-0.078416,0
23.016667,-0.445000,-0.075517,0
23.019444,-0.440000,-0.072336,0
23.022222,-0.435000,-0.069708,0
23.025000,-0.435000,-0.068172,0
23.027778,-0.450000,-0.067846,0
23.030556,-0.445000,-0.068627,0
23.033333,-0.430000,-0.070383,0
23.036111,-0.440000,-0.072858,0
23.038889,-0.450000,-0.075476,0
23.041667,-0.450000,-0.077435,0
23.044444,-0.455000,-0.078139,0
23.047222,-0.460000,-0.077625,0
23.050000,-0.440000,-0.076610,0
23.052778,-0.435000,-0.076013,0
23.055556,-0.445000,-0.076250,0
23.058333,-0.455000,-0.076946,0
23.061111,-0.460000,-0.077348,0
23.063889,-0.455000,-0.077047,0
23.066667,-0.440000,-0.076328,0
23.069444,-0.445000,-0.075860,0
23.072222,-0.440000,-0.076062,0
23.075000,-0.450000,-0.076734,0
23.077778,-0.465000,-0.077278,0
23.080556,-0.450000,-0.077307,0
23.083333,-0.455000,-0.077058,0
23.086111,-0.440000,-0.077220,0
23.088889,-0.440000,-0.078273,0
23.091667,-0.450000,-0.079922,0
23.094444,-0.475000,-0.081179,0
23.097222,-0.455000,-0.081075,0
23.100000,-0.450000,-0.079337,0
23.102778,-0.450000,-0.076467,0
23.105556,-0.440000,-0.073292,0
23.108333,-0.440000,-0.070468,0
23.111111,-0.455000,-0.068304,0
23.113889,-0.440000,-0.066917,0
23.116667,-0.440000,-0.066435,0
23.119444,-0.435000,-0.066943,0
23.122222,-0.440000,-0.068240,0
23.125000,-0.445000,-0.069755,0
23.127778,-0.455000,-0.070811,0
23.130556,-0.450000,-0.071062,0
23.133333,-0.440000,-0.070704,0
23.136111,-0.435000,-0.070252,0
23.138889,-0.450000,-0.070105,0
23.141667,-0.445000,-0.070367,0
23.144444,-0.455000,-0.071053,0
23.147222,-0.450000,-0.072384,0
23.150000,-0.445000,-0.074789,0
23.152778,-0.445000,-0.078519,0
23.155556,-0.455000,-0.083186,0
23.158333,-0.470000,-0.087696,0
23.161111,-0.470000,-0.090757,0
23.163889,-0.480000,-0.091643,0
23.166667,-0.465000,-0.090640,0
23.169444,-0.455000,-0.088834,0
23.172222,-0.455000,-0.087350,0
23.175000,-0.465000,-0.086653,0
23.177778,-0.470000,-0.086437,0
23.180556,-0.470000,-0.086055,0
23.183333,-0.455000,-0.085006,0
23.186111,-0.455000,-0.083038,0
23.188889,-0.460000,-0.079980,0
23.191667,-0.450000,-0.075654,0
23.194444,-0.455000,-0.070034,0
23.197222,-0.445000,-0.063469,0
23.200000,-0.435000,-0.056696,0
23.202778,-0.410000,-0.050443,0
23.205556,-0.420000,-0.044855,0
23.208333,-0.420000,-0.039262,0
23.211111,-0.425000,-0.032662,0
23.213889,-0.410000,-0.024589,0
23.216667,-0.390000,-0.015575,0
23.219444,-0.370000,-0.006781,0
23.222222,-0.370000,0.000902,0
23.225000,-0.375000,0.007439,0
23.227778,-0.380000,0.013432,0
23.230556,-0.360000,0.019365,0
23.233333,-0.350000,0.025074,0
23.236111,-0.350000,0.029869,0
23.238889,-0.335000,0.033089,0
23.241667,-0.340000,0.034616,0
23.244444,-0.355000,0.034952,0
23.247222,-0.355000,0.034817,0
23.250000,-0.340000,0.034679,0
23.252778,-0.330000,0.034720,0
23.255556,-0.345000,0.035200,0
23.258333,-0.350000,0.036620,0
23.261111,-0.345000,0.039379,0
23.263889,-0.345000,0.043241,0
23.266667,-0.330000,0.047187,0
23.269444,-0.315000,0.049890,0
23.272222,-0.325000,0.050494,0
23.275000,-0.340000,0.049059,0
23.277778,-0.340000,0.046316,0
23.280556,-0.340000,0.043040,0
23.283333,-0.340000,0.039658,0
23.286111,-0.335000,0.036349,0
23.288889,-0.345000,0.033378,0
23.291667,-0.350000,0.031230,0
23.294444,-0.370000,0.030286,0
23.297222,-0.350000,0.030339,0
23.300000,-0.345000,0.030519,0
23.302778,-0.335000,0.029876,0
23.305556,-0.355000,0.028133,0
23.308333,-0.365000,0.025891,0
23.311111,-0.360000,0.024093,0
23.313889,-0.365000,0.023276,0
23.316667,-0.360000,0.023195,0
23.319444,-0.350000,0.023065,0
23.322222,-0.355000,0.022183,0
23.325000,-0.355000,0.020483,0
23.327778,-0.375000,0.018564,0
23.330556,-0.375000,0.017149,0
23.333333,-0.370000,0.016454,0
23.336111,-0.355000,0.016065,0
23.338889,-0.355000,0.015443,0
23.341667,-0.375000,0.014496,0
23.344444,-0.375000,0.013590,0
23.347222,-0.385000,0.012996,0
23.350000,-0.365000,0.012418,0
23.352778,-0.360000,0.011160,0
23.355556,-0.365000,0.008795,0
23.358333,-0.390000,0.005612,0
23.361111,-0.390000,0.002377,0
23.363889,-0.385000,-0.000316,0
23.366667,-0.380000,-0.002386,0
23.369444,-0.385000,-0.004080,0
23.372222,-0.390000,-0.005592,0
23.375000,-0.390000,-0.006913,0
23.377778,-0.405000,-0.008012,0
23.380556,-0.390000,-0.009091,0
23.383333,-0.395000,-0.010608,0
23.386111,-0.390000,-0.012942,0
23.388889,-0.395000,-0.015988,0
23.391667,-0.410000,-0.019063,0
23.394444,-0.415000,-0.021311,0
23.397222,-0.415000,-0.022342,0
23.400000,-0.405000,-0.022539,0
23.402778,-0.395000,-0.022726,0
23.405556,-0.405000,-0.023461,0
23.408333,-0.415000,-0.024588,0
23.411111,-0.420000,-0.025443,0
23.413889,-0.410000,-0.025461,0
23.416667,-0.420000,-0.024619,0
23.419444,-0.400000,-0.023399,0
23.422222,-0.400000,-0.022317,0
23.425000,-0.405000,-0.021429,0
23.427778,-0.415000,-0.020284,0
23.430556,-0.420000,-0.018441,0
23.433333,-0.400000,-0.016064,0
23.436111,-0.395000,-0.013954,0
23.438889,-0.385000,-0.012951,0
23.441667,-0.405000,-0.013263,0
23.444444,-0.410000,-0.014384,0
23.447222,-0.410000,-0.015629,0
23.450000,-0.405000,-0.016705,0
23.452778,-0.395000,-0.017782,0
23.455556,-0.405000,-0.019085,0
23.458333,-0.410000,-0.020492,0
23.461111,-0.410000,-0.021517,0
23.463889,-0.415000,-0.021651,0
23.466667,-0.415000,-0.020752,0
23.469444,-0.405000,-0.019180,0
23.472222,-0.395000,-0.017545,0
23.475000,-0.405000,-0.016257,0
23.477778,-0.410000,-0.015293,0
23.480556,-0.410000,-0.014380,0
23.483333,-0.400000,-0.013297,0
23.486111,-0.395000,-0.011921,0
23.488889,-0.395000,-0.009987,0
23.491667,-0.395000,-0.006925,0
23.494444,-0.405000,-0.002101,0
23.497222,-0.390000,0.004684,0
23.500000,-0.370000,0.012888,0
23.502778,-0.365000,0.021461,0
23.505556,-0.355000,0.029430,0
23.508333,-0.355000,0.036312,0
23.511111,-0.355000,0.042071,0
23.513889,-0.350000,0.046756,0
23.516667,-0.340000,0.050223,0
23.519444,-0.330000,0.052293,0
23.522222,-0.325000,0.053233,0
23.525000,-0.340000,0.054076,0
23.527778,-0.345000,0.056276,0
23.530556,-0.345000,0.060804,0
23.533333,-0.325000,0.067395,0
23.536111,-0.300000,0.074628,0
23.538889,-0.305000,0.080821,0
23.541667,-0.305000,0.084958,0
23.544444,-0.320000,0.086925,0
23.547222,-0.300000,0.087100,0
23.550000,-0.315000,0.085878,0
23.552778,-0.295000,0.083593,0
23.555556,-0.305000,0.080780,0
23.558333,-0.320000,0.078312,0
23.561111,-0.330000,0.077087,0
23.563889,-0.320000,0.077470,0
23.566667,-0.300000,0.079132,0
23.569444,-0.295000,0.081535,0
23.572222,-0.310000,0.084502,0
23.575000,-0.325000,0.088058,0
23.577778,-0.320000,0.091544,0
23.580556,-0.300000,0.092975,0
23.583333,-0.280000,0.089630,0
23.586111,-0.295000,0.079686,0
23.588889,-0.330000,0.063626,0
23.591667,-0.365000,0.044195,0
23.594444,-0.385000,0.024936,0
23.597222,-0.390000,0.008454,0
23.600000,-0.395000,-0.004386,0
23.602778,-0.395000,-0.014038,0
23.605556,-0.410000,-0.021228,0
23.608333,-0.420000,-0.026217,0
23.611111,-0.440000,-0.028877,0
23.613889,-0.430000,-0.029321,0
23.616667,-0.420000,-0.028367,0
23.619444,-0.415000,-0.027306,0
23.622222,-0.410000,-0.027159,0
23.625000,-0.430000,-0.028116,0
23.627778,-0.435000,-0.029640,0
23.630556,-0.430000,-0.031095,0
23.633333,-0.430000,-0.032270,0
23.636111,-0.420000,-0.033349,0
23.638889,-0.420000,-0.034472,0
23.641667,-0.440000,-0.035406,0
23.644444,-0.445000,-0.035743,0
23.647222,-0.430000,-0.035412,0
23.650000,-0.430000,-0.034921,0
23.652778,-0.425000,-0.035020,0
23.655556,-0.430000,-0.036117,0
23.658333,-0.430000,-0.037929,0
23.661111,-0.445000,-0.039672,0
23.663889,-0.440000,-0.040703,0
23.666667,-0.455000,-0.041266,0
23.669444,-0.430000,-0.042830,0
23.672222,-0.440000,-0.047749,0
23.675000,-0.455000,-0.058458,0
23.677778,-0.480000,-0.076745,0
23.680556,-0.510000,-0.103371,0
23.683333,-0.545000,-0.137779,0
23.686111,-0.565000,-0.177404,0
23.688889,-0.580000,-0.216495,0
23.691667,-0.635000,-0.245166,0
23.694444,-0.665000,-0.249876,0
23.697222,-0.630000,-0.215823,0
23.700000,-0.510000,-0.130365,0
23.702778,-0.355000,0.013726,0
23.705556,-0.200000,0.215180,0
23.708333,-0.025000,0.460668,0
23.711111,0.240000,0.721753,0
23.713889,0.540000,0.955710,0
23.716667,0.755000,1.113395,0
23.719444,0.845000,1.153560,1
23.722222,0.795000,1.058571,0
23.725000,0.550000,0.844322,0
23.727778,0.120000,0.558412,0
23.730556,-0.285000,0.265273,0
23.733333,-0.520000,0.023954,0
23.736111,-0.585000,-0.130870,0
23.738889,-0.560000,-0.195812,0
23.741667,-0.520000,-0.192268,0
23.744444,-0.500000,-0.152384,0
23.747222,-0.470000,-0.105483,0
23.750000,-0.475000,-0.070161,0
23.752778,-0.470000,-0.052927,0
23.755556,-0.460000,-0.051299,0
23.758333,-0.480000,-0.058514,0
23.761111,-0.485000,-0.067705,0
23.763889,-0.485000,-0.074491,0
23.766667,-0.470000,-0.077641,0
23.769444,-0.465000,-0.078108,0
23.772222,-0.475000,-0.077425,0
23.775000,-0.480000,-0.076554,0
23.777778,-0.490000,-0.075757,0
23.780556,-0.485000,-0.075133,0
23.783333,-0.475000,-0.075075,0
23.786111,-0.470000,-0.076152,0
23.788889,-0.475000,-0.078575,0
23.791667,-0.490000,-0.081828,0
23.794444,-0.495000,-0.084884,0
23.797222,-0.495000,-0.086828,0
23.800000,-0.495000,-0.087370,0
23.802778,-0.480000,-0.086859,0
23.805556,-0.490000,-0.085866,0
23.808333,-0.485000,-0.084733,0
23.811111,-0.495000,-0.083462,0
23.813889,-0.490000,-0.081945,0
23.816667,-0.485000,-0.080254,0
23.819444,-0.480000,-0.078675,0
23.822222,-0.475000,-0.077476,0
23.825000,-0.485000,-0.076704,0
23.827778,-0.490000,-0.076262,0
23.830556,-0.485000,-0.076208,0
23.833333,-0.480000,-0.076906,0
23.836111,-0.475000,-0.078743,0
23.838889,-0.485000,-0.081620,0
23.841667,-0.485000,-0.084696,0
23.844444,-0.510000,-0.086697,0
23.847222,-0.495000,-0.086641,0
23.850000,-0.490000,-0.084415,0
23.852778,-0.485000,-0.080780,0
23.855556,-0.475000,-0.076842,0
23.858333,-0.475000,-0.073473,0
23.861111,-0.495000,-0.071102,0
23.863889,-0.475000,-0.069925,0
23.866667,-0.475000,-0.070133,0
23.869444,-0.475000,-0.071803,0
23.872222,-0.470000,-0.074569,0
23.875000,-0.495000,-0.077534,0
23.877778,-0.495000,-0.079681,0
23.880556,-0.495000,-0.080541,0
23.883333,-0.490000,-0.080537,0
23.886111,-0.470000,-0.080614,0
23.888889,-0.485000,-0.081428,0
23.891667,-0.495000,-0.082811,0
23.894444,-0.505000,-0.083984,0
23.897222,-0.495000,-0.084286,0
23.900000,-0.490000,-0.083689,0
23.902778,-0.490000,-0.082711,0
23.905556,-0.480000,-0.081893,0
23.908333,-0.490000,-0.081347,0
23.911111,-0.500000,-0.080742,0
23.913889,-0.495000,-0.079744,0
23.916667,-0.490000,-0.078443,0
23.919444,-0.475000,-0.077321,0
23.922222,-0.480000,-0.076759,0
23.925000,-0.490000,-0.076629,0
23.927778,-0.500000,-0.076377,0
23.930556,-0.480000,-0.075499,0
23.933333,-0.485000,-0.073852,0
23.936111,-0.475000,-0.071576,0
23.938889,-0.480000,-0.068834,0
23.941667,-0.480000,-0.065740,0
23.944444,-0.480000,-0.062534,0
23.947222,-0.470000,-0.059755,0
23.950000,-0.465000,-0.058131,0
23.952778,-0.460000,-0.058175,0
23.955556,-0.475000,-0.059809,0
23.958333,-0.475000,-0.062378,0
23.961111,-0.480000,-0.065072,0
23.963889,-0.490000,-0.067460,0
23.966667,-0.480000,-0.069713,0
23.969444,-0.470000,-0.072323,0
23.972222,-0.480000,-0.075455,0
23.975000,-0.495000,-0.078556,0
23.977778,-0.505000,-0.080664,0
23.980556,-0.505000,-0.081217,0
23.983333,-0.485000,-0.080585,0
23.986111,-0.485000,-0.079815,0
23.988889,-0.485000,-0.079829,0
23.991667,-0.495000,-0.080798,0
23.994444,-0.505000,-0.082180,0
23.997222,-0.505000,-0.083262,0
24.000000,-0.490000,-0.083620,0
24.002778,-0.485000,-0.083087,0
24.005556,-0.500000,-0.081396,0
24.008333,-0.490000,-0.078054,0
24.011111,-0.500000,-0.072660,0
24.013889,-0.480000,-0.065337,0
24.016667,-0.470000,-0.056805,0
24.019444,-0.445000,-0.047900,0
24.022222,-0.450000,-0.038917,0
24.025000,-0.450000,-0.029405,0
24.027778,-0.450000,-0.018721,0
24.030556,-0.425000,-0.006889,0
24.033333,-0.405000,0.005059,0
24.036111,-0.385000,0.015617,0
24.038889,-0.385000,0.023743,0
24.041667,-0.395000,0.029371,0
24.044444,-0.390000,0.033122,0
24.047222,-0.385000,0.035587,0
24.050000,-0.375000,0.036903,0
24.052778,-0.370000,0.036943,0
24.055556,-0.375000,0.035839,0
24.058333,-0.385000,0.034264,0
24.061111,-0.390000,0.033165,0
24.063889,-0.390000,0.033157,0
24.066667,-0.385000,0.034090,0
24.069444,-0.370000,0.035197,0
24.072222,-0.370000,0.035725,0
24.075000,-0.390000,0.035511,0
24.077778,-0.385000,0.035000,0
24.080556,-0.385000,0.034783,0
24.083333,-0.385000,0.035151,0
24.086111,-0.375000,0.036015,0
24.088889,-0.375000,0.037148,0
24.091667,-0.380000,0.038447,0
24.094444,-0.390000,0.039917,0
24.097222,-0.370000,0.041442,0
24.100000,-0.380000,0.042688,0
24.102778,-0.365000,0.043308,0
24.105556,-0.370000,0.043308,0
24.108333,-0.375000,0.043171,0
24.111111,-0.390000,0.043527,0
24.113889,-0.380000,0.044554,0
24.116667,-0.365000,0.045664,0
24.119444,-0.365000,0.045858,0
24.122222,-0.370000,0.044463,0
24.125000,-0.375000,0.041592,0
24.127778,-0.395000,0.037948,0
24.130556,-0.390000,0.034182,0
24.133333,-0.390000,0.030410,0
24.136111,-0.380000,0.026332,0
24.138889,-0.390000,0.021836,0
24.141667,-0.405000,0.017454,0
24.144444,-0.415000,0.014169,0
24.147222,-0.415000,0.012698,0
24.150000,-0.410000,0.012899,0
24.152778,-0.395000,0.013822,0
24.155556,-0.395000,0.014379,0
24.158333,-0.410000,0.014001,0
24.161111,-0.420000,0.012741,0
24.163889,-0.410000,0.010832,0
24.166667,-0.415000,0.008314,0
24.169444,-0.400000,0.005141,0
24.172222,-0.420000,0.001598,0
24.175000,-0.425000,-0.001501,0
24.177778,-0.430000,-0.003143,0
24.180556,-0.430000,-0.002739,0
24.183333,-0.425000,-0.000534,0
24.186111,-0.410000,0.002506,0
24.188889,-0.410000,0.005270,0
24.191667,-0.410000,0.007095,0
24.194444,-0.425000,0.007896,0
24.197222,-0.425000,0.007774,0
24.200000,-0.410000,0.006574,0
24.202778,-0.410000,0.003931,0
24.205556,-0.420000,-0.000237,0
24.208333,-0.420000,-0.005313,0
24.211111,-0.445000,-0.010138,0
24.213889,-0.450000,-0.013672,0
24.216667,-0.435000,-0.015627,0
24.219444,-0.430000,-0.016482,0
24.222222,-0.430000,-0.016847,0
24.225000,-0.440000,-0.016825,0
24.227778,-0.450000,-0.016007,0
24.230556,-0.445000,-0.014066,0
24.233333,-0.440000,-0.011356,0
24.236111,-0.420000,-0.008882,0
24.238889,-0.420000,-0.007629,0
24.241667,-0.430000,-0.007834,0
24.244444,-0.445000,-0.008910,0
24.247222,-0.445000,-0.010072,0
24.250000,-0.435000,-0.011029,0
24.252778,-0.425000,-0.012052,0
24.255556,-0.425000,-0.013378,0
24.258333,-0.445000,-0.014654,0
24.261111,-0.450000,-0.015031,0
24.263889,-0.445000,-0.013845,0
24.266667,-0.435000,-0.011181,0
24.269444,-0.425000,-0.007793,0
24.272222,-0.420000,-0.004495,0
24.275000,-0.430000,-0.001613,0
24.277778,-0.430000,0.001038,0
24.280556,-0.430000,0.003685,0
24.283333,-0.420000,0.006156,0
24.286111,-0.405000,0.007906,0
24.288889,-0.415000,0.008479,0
24.291667,-0.420000,0.007895,0
24.294444,-0.425000,0.006598,0
24.297222,-0.425000,0.005046,0
24.300000,-0.420000,0.003389,0
24.302778,-0.425000,0.001502,0
24.305556,-0.420000,-0.000698,0
24.308333,-0.425000,-0.002935,0
24.311111,-0.440000,-0.004561,0
24.313889,-0.440000,-0.004877,0
24.316667,-0.425000,-0.003505,0
24.319444,-0.420000,-0.000403,0
24.322222,-0.420000,0.004427,0
24.325000,-0.415000,0.011118,0
24.327778,-0.425000,0.019692,0
24.330556,-0.400000,0.029621,0
24.333333,-0.380000,0.039753,0
24.336111,-0.365000,0.048871,0
24.338889,-0.370000,0.056479,0
24.341667,-0.370000,0.063078,0
24.344444,-0.365000,0.069690,0
24.347222,-0.355000,0.077051,0
24.350000,-0.345000,0.085085,0
24.352778,-0.330000,0.092984,0
24.355556,-0.320000,0.099754,0
24.358333,-0.320000,0.104799,0
24.361111,-0.330000,0.108111,0
24.363889,-0.325000,0.109966,0
24.366667,-0.315000,0.110497,0
24.369444,-0.315000,0.109623,0
24.372222,-0.315000,0.107329,0
24.375000,-0.325000,0.103911,0
24.377778,-0.340000,0.099855,0
24.380556,-0.345000,0.095421,0
24.383333,-0.335000,0.090451,0
24.386111,-0.325000,0.084828,0
24.388889,-0.335000,0.079344,0
24.391667,-0.355000,0.076048,0
24.394444,-0.380000,0.077351,0
24.397222,-0.360000,0.084240,0
24.400000,-0.345000,0.094972,0
24.402778,-0.305000,0.105406,0
24.405556,-0.295000,0.110950,0
24.408333,-0.315000,0.108827,0
24.411111,-0.335000,0.099158,0
24.413889,-0.365000,0.084332,0
24.416667,-0.370000,0.067398,0
24.419444,-0.375000,0.050733,0
24.422222,-0.385000,0.035689,0
24.425000,-0.405000,0.022933,0
24.427778,-0.430000,0.012744,0
24.430556,-0.430000,0.004958,0
24.433333,-0.430000,-0.001144,0
24.436111,-0.430000,-0.006548,0
24.438889,-0.435000,-0.011902,0
24.441667,-0.450000,-0.017090,0
24.444444,-0.460000,-0.021374,0
24.447222,-0.460000,-0.024021,0
24.450000,-0.460000,-0.024925,0
24.452778,-0.455000,-0.024786,0
24.455556,-0.450000,-0.024741,0
24.458333,-0.450000,-0.025742,0
24.461111,-0.465000,-0.028112,0
24.463889,-0.470000,-0.031563,0
24.466667,-0.470000,-0.035531,0
24.469444,-0.460000,-0.039434,0
24.472222,-0.475000,-0.042682,0
24.475000,-0.480000,-0.044699,0
24.477778,-0.490000,-0.045215,0
24.480556,-0.480000,-0.044615,0
24.483333,-0.465000,-0.043883,0
24.486111,-0.465000,-0.044004,0
24.488889,-0.480000,-0.045333,0
24.491667,-0.485000,-0.047573,0
24.494444,-0.495000,-0.050447,0
24.497222,-0.495000,-0.054494,0
24.500000,-0.490000,-0.061311,0
24.502778,-0.490000,-0.072958,0
24.505556,-0.525000,-0.090956,0
24.508333,-0.555000,-0.115585,0
24.511111,-0.600000,-0.145811,0
24.513889,-0.610000,-0.179333,0
24.516667,-0.620000,-0.212045,0
24.519444,-0.655000,-0.236966,0
24.522222,-0.680000,-0.243691,0
24.525000,-0.655000,-0.219356,0
24.527778,-0.575000,-0.151128,0
24.530556,-0.445000,-0.029554,0
24.533333,-0.310000,0.147569,0
24.536111,-0.130000,0.371032,0
24.538889,0.125000,0.617098,0
24.541667,0.395000,0.848105,0
24.544444,0.600000,1.019016,0
24.547222,0.725000,1.089371,1
24.550000,0.715000,1.037039,0
24.552778,0.530000,0.868236,0
24.555556,0.185000,0.618538,0
24.558333,-0.195000,0.342703,0
24.561111,-0.455000,0.096661,0
24.563889,-0.590000,-0.080317,0
24.566667,-0.615000,-0.175231,0
24.569444,-0.585000,-0.199570,0
24.572222,-0.545000,-0.179012,0
24.575000,-0.535000,-0.140890,0
24.577778,-0.535000,-0.105142,0
24.580556,-0.535000,-0.081269,0
24.583333,-0.525000,-0.070192,0
24.586111,-0.505000,-0.068157,0
24.588889,-0.515000,-0.070219,0
24.591667,-0.505000,-0.072363,0
24.594444,-0.515000,-0.072421,0
24.597222,-0.515000,-0.070193,0
24.600000,-0.490000,-0.066972,0
24.602778,-0.495000,-0.064586,0
24.605556,-0.500000,-0.064336,0
24.608333,-0.490000,-0.066340,0
24.611111,-0.520000,-0.069595,0
24.613889,-0.510000,-0.072633,0
24.616667,-0.520000,-0.074353,0
24.619444,-0.505000,-0.074502,0
24.622222,-0.505000,-0.073573,0
24.625000,-0.505000,-0.072339,0
24.627778,-0.515000,-0.071489,0
24.630556,-0.515000,-0.071563,0
24.633333,-0.500000,-0.072987,0
24.636111,-0.510000,-0.075926,0
24.638889,-0.515000,-0.080042,0
24.641667,-0.525000,-0.084488,0
24.644444,-0.530000,-0.088243,0
24.647222,-0.525000,-0.090562,0
24.650000,-0.535000,-0.091226,0
24.652778,-0.520000,-0.090504,0
24.655556,-0.525000,-0.088880,0
24.658333,-0.520000,-0.086769,0
24.661111,-0.530000,-0.084432,0
24.663889,-0.520000,-0.082124,0
24.666667,-0.520000,-0.080249,0
24.669444,-0.510000,-0.079280,0
24.672222,-0.515000,-0.079446,0
24.675000,-0.510000,-0.080472,0
24.677778,-0.530000,-0.081662,0
24.680556,-0.530000,-0.082355,0
24.683333,-0.520000,-0.082399,0
24.686111,-0.510000,-0.082132,0
24.688889,-0.505000,-0.081838,0
24.691667,-0.525000,-0.081261,0
24.694444,-0.530000,-0.079771,0
24.697222,-0.525000,-0.077098,0
24.700000,-0.510000,-0.073874,0
24.702778,-0.495000,-0.071357,0
24.705556,-0.500000,-0.070527,0
24.708333,-0.510000,-0.071345,0
24.711111,-0.520000,-0.072811,0
24.713889,-0.520000,-0.073745,0
24.716667,-0.515000,-0.073599,0
24.719444,-0.505000,-0.072693,0
24.722222,-0.500000,-0.071795,0
24.725000,-0.510000,-0.071472,0
24.727778,-0.520000,-0.071791,0
24.730556,-0.505000,-0.072470,0
24.733333,-0.515000,-0.073184,0
24.736111,-0.510000,-0.073732,0
24.738889,-0.520000,-0.074051,0
24.741667,-0.505000,-0.074141,0
24.744444,-0.505000,-0.073888,0
24.747222,-0.515000,-0.072962,0
24.750000,-0.525000,-0.070979,0
24.752778,-0.500000,-0.067859,0
24.755556,-0.495000,-0.063938,0
24.758333,-0.495000,-0.059735,0
24.761111,-0.505000,-0.055725,0
24.763889,-0.495000,-0.052415,0
24.766667,-0.490000,-0.050473,0
24.769444,-0.475000,-0.050520,0
24.772222,-0.490000,-0.052644,0
24.775000,-0.495000,-0.056136,0
24.777778,-0.510000,-0.059789,0
24.780556,-0.505000,-0.062578,0
24.783333,-0.500000,-0.064159,0
24.786111,-0.500000,-0.064842,0
24.788889,-0.500000,-0.065188,0
24.791667,-0.505000,-0.065646,0
24.794444,-0.515000,-0.066497,0
24.797222,-0.505000,-0.068010,0
24.800000,-0.505000,-0.070503,0
24.802778,-0.515000,-0.074167,0
24.805556,-0.510000,-0.078823,0
24.808333,-0.525000,-0.083871,0
24.811111,-0.535000,-0.088546,0
24.813889,-0.535000,-0.092359,0
24.816667,-0.540000,-0.095386,0
24.819444,-0.520000,-0.098115,0
24.822222,-0.540000,-0.100926,0
24.825000,-0.540000,-0.103691,0
24.827778,-0.560000,-0.105909,0
24.830556,-0.550000,-0.107227,0
24.833333,-0.540000,-0.107782,0
24.836111,-0.545000,-0.108002,0
24.838889,-0.540000,-0.108062,0
24.841667,-0.545000,-0.107526,0
24.844444,-0.550000,-0.105497,0
24.847222,-0.555000,-0.101205,0
24.850000,-0.530000,-0.094602,0
24.852778,-0.520000,-0.086446,0
24.855556,-0.515000,-0.077814,0
24.858333,-0.500000,-0.069449,0
24.861111,-0.505000,-0.061474,0
24.863889,-0.505000,-0.053610,0
24.866667,-0.485000,-0.045633,0
24.869444,-0.465000,-0.037607,0
24.872222,-0.470000,-0.029702,0
24.875000,-0.460000,-0.021954,0
24.877778,-0.460000,-0.014333,0
24.880556,-0.455000,-0.007063,0
24.883333,-0.435000,-0.000788,0
24.886111,-0.430000,0.003695,0
24.888889,-0.425000,0.006041,0
24.891667,-0.430000,0.006784,0
24.894444,-0.440000,0.007200,0
24.897222,-0.440000,0.008601,0
24.900000,-0.435000,0.011579,0
24.902778,-0.410000,0.015795,0
24.905556,-0.410000,0.020452,0
24.908333,-0.415000,0.024971,0
24.911111,-0.420000,0.029212,0
24.913889,-0.410000,0.033149,0
24.916667,-0.400000,0.036516,0
24.919444,-0.395000,0.038866,0
24.922222,-0.390000,0.039948,0
24.925000,-0.405000,0.039964,0
24.927778,-0.410000,0.039376,0
24.930556,-0.405000,0.038450,0
24.933333,-0.390000,0.037062,0
24.936111,-0.400000,0.035004,0
24.938889,-0.405000,0.032431,0
24.941667,-0.415000,0.029938,0
24.944444,-0.415000,0.028185,0
24.947222,-0.415000,0.027431,0
24.950000,-0.410000,0.027400,0
24.952778,-0.400000,0.027584,0
24.955556,-0.410000,0.027716,0
24.958333,-0.410000,0.027987,0
24.961111,-0.425000,0.028743,0
24.963889,-0.415000,0.029945,0
24.966667,-0.395000,0.030959,0
24.969444,-0.405000,0.030967,0
24.972222,-0.400000,0.029668,0
24.975000,-0.415000,0.027599,0
24.977778,-0.420000,0.025795,0
24.980556,-0.425000,0.025052,0
24.983333,-0.410000,0.025388,0
24.986111,-0.400000,0.026153,0
24.988889,-0.405000,0.026650,0
24.991667,-0.420000,0.026619,0
24.994444,-0.420000,0.026145,0
24.997222,-0.415000,0.025225,0
25.000000,-0.410000,0.023551,0
25.002778,-0.410000,0.020792,0
25.005556,-0.420000,0.017024,0
25.008333,-0.425000,0.012880,0
25.011111,-0.440000,0.009216,0
25.013889,-0.435000,0.006565,0
25.016667,-0.430000,0.004834,0
25.019444,-0.430000,0.003515,0
25.022222,-0.430000,0.002236,0
25.025000,-0.430000,0.001187,0
25.027778,-0.445000,0.001035,0
25.030556,-0.450000,0.002322,0
25.033333,-0.435000,0.004771,0
25.036111,-0.425000,0.007156,0
25.038889,-0.420000,0.007952,0
25.041667,-0.425000,0.006322,0
25.044444,-0.430000,0.002695,0
25.047222,-0.455000,-0.001476,0
25.050000,-0.450000,-0.004581,0
25.052778,-0.440000,-0.005679,0
25.055556,-0.430000,-0.004679,0
25.058333,-0.440000,-0.001980,0
25.061111,-0.440000,0.001860,0
25.063889,-0.440000,0.006059,0
25.066667,-0.430000,0.009450,0
25.069444,-0.420000,0.010675,0
25.072222,-0.415000,0.008853,0
25.075000,-0.425000,0.004283,0
25.077778,-0.450000,-0.001492,0
25.080556,-0.455000,-0.006456,0
25.083333,-0.450000,-0.009231,0
25.086111,-0.445000,-0.009675,0
25.088889,-0.435000,-0.008612,0
25.091667,-0.435000,-0.007055,0
25.094444,-0.450000,-0.005617,0
25.097222,-0.450000,-0.004514,0
25.100000,-0.445000,-0.003927,0
25.102778,-0.430000,-0.004133,0
25.105556,-0.425000,-0.005155,0
25.108333,-0.450000,-0.006397,0
25.111111,-0.460000,-0.006877,0
25.113889,-0.445000,-0.005991,0
25.116667,-0.440000,-0.004029,0
25.119444,-0.425000,-0.001871,0
25.122222,-0.420000,-0.000155,0
25.125000,-0.445000,0.001275,0
25.127778,-0.450000,0.003044,0
25.130556,-0.435000,0.005372,0
25.133333,-0.425000,0.007576,0
25.136111,-0.410000,0.008508,0
25.138889,-0.420000,0.007528,0
25.141667,-0.440000,0.005074,0
25.144444,-0.445000,0.002342,0
25.147222,-0.435000,0.000488,0
25.150000,-0.430000,0.000108,0
25.152778,-0.430000,0.001368,0
25.155556,-0.425000,0.004404,0
25.158333,-0.430000,0.009491,0
25.161111,-0.425000,0.016799,0
25.163889,-0.410000,0.025943,0
25.166667,-0.410000,0.035751,0
25.169444,-0.380000,0.044577,0
25.172222,-0.365000,0.051112,0
25.175000,-0.370000,0.055195,0
25.177778,-0.400000,0.057868,0
25.180556,-0.390000,0.060431,0
25.183333,-0.370000,0.063338,0
25.186111,-0.355000,0.066042,0
25.188889,-0.350000,0.067907,0
25.191667,-0.360000,0.069241,0
25.194444,-0.380000,0.071393,0
25.197222,-0.370000,0.075807,0
25.200000,-0.355000,0.082889,0
25.202778,-0.330000,0.091664,0
25.205556,-0.325000,0.100421,0
25.208333,-0.325000,0.107645,0
25.211111,-0.330000,0.112493,0
25.213889,-0.320000,0.114662,0
25.216667,-0.320000,0.114094,0
25.219444,-0.315000,0.110932,0
25.222222,-0.320000,0.105695,0
25.225000,-0.340000,0.099310,0
25.227778,-0.355000,0.092749,0
25.230556,-0.350000,0.086521,0
25.233333,-0.340000,0.080618,0
25.236111,-0.340000,0.075120,0
25.238889,-0.360000,0.070873,0
25.241667,-0.370000,0.069373,0
25.244444,-0.385000,0.071633,0
25.247222,-0.370000,0.076847,0
25.250000,-0.340000,0.082057,0
25.252778,-0.325000,0.083376,0
25.255556,-0.335000,0.078063,0
25.258333,-0.380000,0.065942,0
25.261111,-0.390000,0.049202,0
25.263889,-0.410000,0.031002,0
25.266667,-0.420000,0.014076,0
25.269444,-0.420000,0.000120,0
25.272222,-0.440000,-0.010075,0
25.275000,-0.450000,-0.016307,0
25.277778,-0.460000,-0.018904,0
25.280556,-0.445000,-0.018836,0
25.283333,-0.455000,-0.017617,0
25.286111,-0.435000,-0.016852,0
25.288889,-0.445000,-0.017601,0
25.291667,-0.450000,-0.019984,0
25.294444,-0.460000,-0.023312,0
25.297222,-0.465000,-0.026654,0
25.300000,-0.460000,-0.029413,0
25.302778,-0.455000,-0.031472,0
25.305556,-0.455000,-0.032920,0
25.308333,-0.465000,-0.033734,0
25.311111,-0.480000,-0.033862,0
25.313889,-0.465000,-0.033586,0
25.316667,-0.455000,-0.033661,0
25.319444,-0.455000,-0.034890,0
25.322222,-0.470000,-0.037505,0
25.325000,-0.470000,-0.040933,0
25.327778,-0.475000,-0.044121,0
25.330556,-0.485000,-0.046135,0
25.333333,-0.470000,-0.046643,0
25.336111,-0.480000,-0.046058,0
25.338889,-0.460000,-0.045337,0
25.341667,-0.480000,-0.045680,0
25.344444,-0.485000,-0.048425,0
25.347222,-0.485000,-0.055162,0
25.350000,-0.495000,-0.067717,0
25.352778,-0.525000,-0.087732,0
25.355556,-0.540000,-0.115823,0
25.358333,-0.570000,-0.150434,0
25.361111,-0.595000,-0.186666,0
25.363889,-0.635000,-0.215657,0
25.366667,-0.670000,-0.225193,0
25.369444,-0.630000,-0.201631,0
25.372222,-0.540000,-0.132485,0
25.375000,-0.415000,-0.009058,0
25.377778,-0.280000,0.170611,0
25.380556,-0.080000,0.398128,0
25.383333,0.165000,0.651515,0
25.386111,0.435000,0.895014,0
25.388889,0.675000,1.084329,0
25.391667,0.800000,1.177376,1
25.394444,0.830000,1.147614,0
25.397222,0.660000,0.994855,0
25.400000,0.345000,0.748309,0
25.402778,-0.040000,0.459122,0
25.405556,-0.350000,0.184476,0
25.408333,-0.530000,-0.030027,0
25.411111,-0.605000,-0.162090,0
25.413889,-0.625000,-0.214509,0
25.416667,-0.590000,-0.208224,0
25.419444,-0.545000,-0.171211,0
25.422222,-0.520000,-0.128173,0
25.425000,-0.510000,-0.094443,0
25.427778,-0.530000,-0.075139,0
25.430556,-0.515000,-0.068232,0
25.433333,-0.500000,-0.068858,0
25.436111,-0.495000,-0.072481,0
25.438889,-0.495000,-0.076161,0
25.441667,-0.505000,-0.078516,0
25.444444,-0.505000,-0.079305,0
25.447222,-0.505000,-0.079019,0
25.450000,-0.495000,-0.078472,0
25.452778,-0.500000,-0.078345,0
25.455556,-0.500000,-0.078822,0
25.458333,-0.500000,-0.079570,0
25.461111,-0.520000,-0.080095,0
25.463889,-0.505000,-0.080224,0
25.466667,-0.495000,-0.080281,0
25.469444,-0.495000,-0.080711,0
25.472222,-0.500000,-0.081520,0
25.475000,-0.510000,-0.082127,0
25.477778,-0.515000,-0.081844,0
25.480556,-0.510000,-0.080592,0
25.483333,-0.500000,-0.079171,0
25.486111,-0.480000,-0.078768,0
25.488889,-0.500000,-0.080035,0
25.491667,-0.505000,-0.082543,0
25.494444,-0.520000,-0.085098,0
25.497222,-0.515000,-0.086609,0
25.500000,-0.505000,-0.086723,0
25.502778,-0.490000,-0.085742,0
25.505556,-0.510000,-0.084059,0
25.508333,-0.505000,-0.081791,0
25.511111,-0.500000,-0.078904,0
25.513889,-0.505000,-0.075576,0
25.516667,-0.490000,-0.072384,0
25.519444,-0.480000,-0.070091,0
25.522222,-0.490000,-0.069204,0
25.525000,-0.485000,-0.069662,0
25.527778,-0.500000,-0.070963,0
25.530556,-0.500000,-0.072615,0
25.533333,-0.490000,-0.074478,0
25.536111,-0.485000,-0.076666,0
25.538889,-0.495000,-0.079115,0
25.541667,-0.505000,-0.081325,0
25.544444,-0.505000,-0.082615,0
25.547222,-0.510000,-0.082670,0
25.550000,-0.500000,-0.081873,0
25.552778,-0.490000,-0.081111,0
25.555556,-0.490000,-0.081138,0
25.558333,-0.500000,-0.082034,0
25.561111,-0.510000,-0.083246,0
25.563889,-0.515000,-0.084169,0
25.566667,-0.495000,-0.084698,0
25.569444,-0.495000,-0.085178,0
25.572222,-0.490000,-0.085852,0
25.575000,-0.515000,-0.086433,0
25.577778,-0.510000,-0.086308,0
25.580556,-0.505000,-0.085124,0
25.583333,-0.495000,-0.083133,0
25.586111,-0.495000,-0.080968,0
25.588889,-0.485000,-0.079110,0
25.591667,-0.490000,-0.077538,0
25.594444,-0.510000,-0.075901,0
25.597222,-0.495000,-0.074117,0
25.600000,-0.485000,-0.072820,0
25.602778,-0.480000,-0.073110,0
25.605556,-0.480000,-0.075766,0
25.608333,-0.495000,-0.080602,0
25.611111,-0.510000,-0.086540,0
25.613889,-0.520000,-0.092341,0
25.616667,-0.510000,-0.097370,0
25.619444,-0.505000,-0.101744,0
25.622222,-0.515000,-0.105841,0
25.625000,-0.520000,-0.109750,0
25.627778,-0.540000,-0.113228,0
25.630556,-0.540000,-0.116141,0
25.633333,-0.520000,-0.118816,0
25.636111,-0.530000,-0.121832,0
25.638889,-0.535000,-0.125447,0
25.641667,-0.540000,-0.129256,0
25.644444,-0.555000,-0.132416,0
25.647222,-0.555000,-0.134236,0
25.650000,-0.540000,-0.134616,0
25.652778,-0.540000,-0.133984,0
25.655556,-0.545000,-0.132845,0
25.658333,-0.540000,-0.131421,0
25.661111,-0.550000,-0.129644,0
25.663889,-0.540000,-0.127388,0
25.666667,-0.530000,-0.124614,0
25.669444,-0.530000,-0.121270,0
25.672222,-0.525000,-0.117094,0
25.675000,-0.525000,-0.111614,0
25.677778,-0.520000,-0.104436,0
25.680556,-0.510000,-0.095609,0
25.683333,-0.495000,-0.085762,0
25.686111,-0.480000,-0.075821,0
25.688889,-0.465000,-0.066448,0
25.691667,-0.470000,-0.057626,0
25.694444,-0.465000,-0.048757,0
25.697222,-0.455000,-0.039234,0
25.700000,-0.440000,-0.028987,0
25.702778,-0.415000,-0.018545,0
25.705556,-0.415000,-0.008632,0
25.708333,-0.410000,0.000247,0
25.711111,-0.410000,0.007842,0
25.713889,-0.390000,0.013933,0
25.716667,-0.390000,0.018247,0
25.719444,-0.380000,0.020673,0
25.722222,-0.380000,0.021562,0
25.725000,-0.390000,0.021767,0
25.727778,-0.395000,0.022256,0
25.730556,-0.385000,0.023555,0
25.733333,-0.380000,0.025490,0
25.736111,-0.365000,0.027489,0
25.738889,-0.375000,0.029140,0
25.741667,-0.385000,0.030464,0
25.744444,-0.375000,0.031652,0
25.747222,-0.380000,0.032605,0
25.750000,-0.370000,0.032758,0
25.752778,-0.365000,0.031399,0
25.755556,-0.370000,0.028247,0
25.758333,-0.380000,0.023785,0
25.761111,-0.400000,0.019021,0
25.763889,-0.395000,0.014815,0
25.766667,-0.390000,0.011363,0
25.769444,-0.385000,0.008328,0
25.772222,-0.395000,0.005421,0
25.775000,-0.400000,0.002851,0
25.777778,-0.410000,0.001212,0
25.780556,-0.410000,0.000952,0
25.783333,-0.400000,0.001923,0
25.786111,-0.390000,0.003424,0
25.788889,-0.395000,0.004684,0
25.791667,-0.395000,0.005315,0
25.794444,-0.405000,0.005344,0
25.797222,-0.405000,0.004871,0
25.800000,-0.395000,0.003793,0
25.802778,-0.385000,0.001948,0
25.805556,-0.400000,-0.000435,0
25.808333,-0.410000,-0.002555,0
25.811111,-0.410000,-0.003432,0
25.813889,-0.410000,-0.002573,0
25.816667,-0.400000,-0.000338,0
25.819444,-0.385000,0.002308,0
25.822222,-0.395000,0.004412,0
25.825000,-0.395000,0.005500,0
25.827778,-0.400000,0.005539,0
25.830556,-0.405000,0.004565,0
25.833333,-0.390000,0.002442,0
25.836111,-0.385000,-0.000922,0
25.838889,-0.405000,-0.005146,0
25.841667,-0.415000,-0.009305,0
25.844444,-0.420000,-0.012452,0
25.847222,-0.415000,-0.014302,0
25.850000,-0.410000,-0.015438,0
25.852778,-0.410000,-0.016866,0
25.855556,-0.405000,-0.019261,0
25.858333,-0.420000,-0.022459,0
25.861111,-0.435000,-0.025599,0
25.863889,-0.430000,-0.027815,0
25.866667,-0.430000,-0.028906,0
25.869444,-0.420000,-0.029399,0
25.872222,-0.410000,-0.029981,0
25.875000,-0.425000,-0.030809,0
25.877778,-0.440000,-0.031398,0
25.880556,-0.445000,-0.031219,0
25.883333,-0.415000,-0.030362,0
25.886111,-0.415000,-0.029505,0
25.888889,-0.420000,-0.029225,0
25.891667,-0.420000,-0.029430,0
25.894444,-0.445000,-0.029478,0
25.897222,-0.425000,-0.028791,0
25.900000,-0.410000,-0.027282,0
25.902778,-0.415000,-0.025183,0
25.905556,-0.420000,-0.022624,0
25.908333,-0.410000,-0.019480,0
25.911111,-0.420000,-0.015640,0
25.913889,-0.405000,-0.011364,0
25.916667,-0.400000,-0.007377,0
25.919444,-0.390000,-0.004557,0
25.922222,-0.390000,-0.003413,0
25.925000,-0.395000,-0.003762,0
25.927778,-0.410000,-0.004932,0
25.930556,-0.405000,-0.006330,0
25.933333,-0.395000,-0.007882,0
25.936111,-0.395000,-0.009883,0
25.938889,-0.395000,-0.012433,0
25.941667,-0.405000,-0.015021,0
25.944444,-0.420000,-0.016739,0
25.947222,-0.420000,-0.016991,0
25.950000,-0.405000,-0.016079,0
25.952778,-0.395000,-0.015059,0
25.955556,-0.390000,-0.014897,0
25.958333,-0.410000,-0.015684,0
25.961111,-0.415000,-0.016610,0
25.963889,-0.415000,-0.016686,0
25.966667,-0.410000,-0.015508,0
25.969444,-0.390000,-0.013385,0
25.972222,-0.390000,-0.010800,0
25.975000,-0.400000,-0.007747,0
25.977778,-0.395000,-0.003615,0
25.980556,-0.395000,0.002354,0
25.983333,-0.375000,0.010468,0
25.986111,-0.370000,0.020356,0
25.988889,-0.345000,0.031177,0
25.991667,-0.350000,0.041997,0
25.994444,-0.340000,0.052012,0
25.997222,-0.330000,0.060527,0
26.000000,-0.320000,0.066982,0
26.002778,-0.300000,0.071234,0
26.005556,-0.305000,0.073947,0
26.008333,-0.320000,0.076548,0
26.011111,-0.320000,0.080471,0
26.013889,-0.310000,0.086106,0
26.016667,-0.285000,0.092363,0
26.019444,-0.275000,0.097287,0
26.022222,-0.280000,0.099260,0
26.025000,-0.290000,0.097866,0
26.027778,-0.295000,0.093889,0
26.030556,-0.305000,0.088641,0
26.033333,-0.300000,0.083243,0
26.036111,-0.300000,0.078328,0
26.038889,-0.310000,0.074155,0
26.041667,-0.315000,0.070846,0
26.044444,-0.325000,0.068489,0
26.047222,-0.305000,0.067204,0
26.050000,-0.305000,0.067362,0
26.052778,-0.315000,0.069741,0
26.055556,-0.315000,0.075207,0
26.058333,-0.310000,0.083835,0
26.061111,-0.305000,0.094067,0
26.063889,-0.275000,0.102674,0
26.066667,-0.255000,0.105898,0
26.069444,-0.260000,0.101316,0
26.072222,-0.295000,0.089175,0
26.075000,-0.325000,0.072212,0
26.077778,-0.340000,0.054082,0
26.080556,-0.350000,0.037583,0
26.083333,-0.350000,0.023814,0
26.086111,-0.360000,0.012521,0
26.088889,-0.375000,0.003025,0
26.091667,-0.380000,-0.005061,0
26.094444,-0.405000,-0.011731,0
26.097222,-0.400000,-0.016983,0
26.100000,-0.405000,-0.021185,0
26.102778,-0.390000,-0.025000,0
26.105556,-0.405000,-0.028907,0
26.108333,-0.415000,-0.032824,0
26.111111,-0.425000,-0.036251,0
26.113889,-0.420000,-0.038773,0
26.116667,-0.415000,-0.040409,0
26.119444,-0.420000,-0.041495,0
26.122222,-0.410000,-0.042293,0
26.125000,-0.425000,-0.042706,0
26.127778,-0.425000,-0.042389,0
26.130556,-0.430000,-0.041163,0
26.133333,-0.410000,-0.039340,0
26.136111,-0.410000,-0.037588,0
26.138889,-0.400000,-0.036463,0
26.141667,-0.420000,-0.036147,0
26.144444,-0.430000,-0.036833,0
26.147222,-0.425000,-0.039468,0
26.150000,-0.415000,-0.046106,0
26.152778,-0.430000,-0.059317,0
26.155556,-0.450000,-0.080963,0
26.158333,-0.490000,-0.111098,0
26.161111,-0.540000,-0.147430,0
26.163889,-0.550000,-0.185174,0
26.166667,-0.570000,-0.216834,0
26.169444,-0.595000,-0.232060,0
26.172222,-0.605000,-0.218380,0
26.175000,-0.555000,-0.163322,0
26.177778,-0.425000,-0.057346,0
26.180556,-0.255000,0.103500,0
26.183333,-0.080000,0.315590,0
26.186111,0.160000,0.566152,0
26.188889,0.445000,0.832441,0
26.191667,0.705000,1.082810,0
26.194444,0.885000,1.280440,0
26.197222,1.005000,1.389523,1
26.200000,1.045000,1.383252,0
26.202778,0.975000,1.252481,0
26.205556,0.740000,1.012453,0
26.208333,0.350000,0.703371,0
26.211111,-0.070000,0.381716,0
26.213889,-0.405000,0.103842,0
26.216667,-0.550000,-0.091334,0
26.219444,-0.560000,-0.192275,0
26.222222,-0.535000,-0.213266,0
26.225000,-0.500000,-0.183802,0
26.227778,-0.455000,-0.135394,0
26.230556,-0.455000,-0.091719,0
26.233333,-0.445000,-0.064719,0
26.236111,-0.445000,-0.055947,0
26.238889,-0.440000,-0.060625,0
26.241667,-0.455000,-0.071915,0
26.244444,-0.465000,-0.083989,0
26.247222,-0.465000,-0.093516,0
26.250000,-0.465000,-0.099695,0
26.252778,-0.465000,-0.103284,0
26.255556,-0.465000,-0.105335,0
26.258333,-0.480000,-0.106358,0
26.261111,-0.485000,-0.106283,0
26.263889,-0.480000,-0.105001,0
26.266667,-0.470000,-0.102854,0
26.269444,-0.470000,-0.100632,0
26.272222,-0.460000,-0.099113,0
26.275000,-0.460000,-0.098536,0
26.277778,-0.475000,-0.098437,0
26.280556,-0.475000,-0.098014,0
26.283333,-0.470000,-0.096748,0
26.286111,-0.455000,-0.094727,0
26.288889,-0.455000,-0.092438,0
26.291667,-0.460000,-0.090330,0
26.294444,-0.460000,-0.088621,0
26.297222,-0.460000,-0.087439,0
26.300000,-0.455000,-0.087014,0
26.302778,-0.450000,-0.087623,0
26.305556,-0.450000,-0.089284,0
26.308333,-0.455000,-0.091514,0
26.311111,-0.475000,-0.093480,0
26.313889,-0.465000,-0.094533,0
26.316667,-0.465000,-0.094665,0
26.319444,-0.450000,-0.094406,0
26.322222,-0.450000,-0.094202,0
26.325000,-0.455000,-0.093870,0
26.327778,-0.480000,-0.092720,0
26.330556,-0.470000,-0.090334,0
26.333333,-0.445000,-0.087211,0
26.336111,-0.435000,-0.084498,0
26.338889,-0.440000,-0.083019,0
26.341667,-0.450000,-0.082565,0
26.344444,-0.460000,-0.082147,0
26.347222,-0.460000,-0.080975,0
26.350000,-0.445000,-0.079256,0
26.352778,-0.430000,-0.078083,0
26.355556,-0.425000,-0.078482,0
26.358333,-0.450000,-0.080469,0
26.361111,-0.460000,-0.082983,0
26.363889,-0.455000,-0.084695,0
26.366667,-0.450000,-0.084896,0
26.369444,-0.440000,-0.083759,0
26.372222,-0.445000,-0.081963,0
26.375000,-0.440000,-0.080187,0
26.377778,-0.450000,-0.078879,0
26.380556,-0.445000,-0.078333,0
26.383333,-0.440000,-0.078815,0
26.386111,-0.435000,-0.080477,0
26.388889,-0.450000,-0.083143,0
26.391667,-0.450000,-0.086260,0
26.394444,-0.455000,-0.089126,0
26.397222,-0.455000,-0.091212,0
26.400000,-0.460000,-0.092340,0
26.402778,-0.450000,-0.092587,0
26.405556,-0.435000,-0.091982,0
26.408333,-0.465000,-0.090305,0
26.411111,-0.465000,-0.087383,0
26.413889,-0.450000,-0.083703,0
26.416667,-0.435000,-0.080618,0
26.419444,-0.430000,-0.079716,0
26.422222,-0.435000,-0.081786,0
26.425000,-0.450000,-0.086259,0
26.427778,-0.465000,-0.091561,0
26.430556,-0.465000,-0.096089,0
26.433333,-0.460000,-0.099052,0
26.436111,-0.455000,-0.100597,0
26.438889,-0.455000,-0.101300,0
26.441667,-0.460000,-0.101556,0
26.444444,-0.470000,-0.101399,0
26.447222,-0.470000,-0.100809,0
26.450000,-0.460000,-0.100071,0
26.452778,-0.450000,-0.099737,0
26.455556,-0.455000,-0.100152,0
26.458333,-0.460000,-0.101044,0
26.461111,-0.475000,-0.101614,0
26.463889,-0.460000,-0.101068,0
26.466667,-0.460000,-0.099078,0
26.469444,-0.450000,-0.095811,0
26.472222,-0.450000,-0.091624,0
26.475000,-0.445000,-0.086753,0
26.477778,-0.445000,-0.081237,0
26.480556,-0.435000,-0.075044,0
26.483333,-0.425000,-0.068214,0
26.486111,-0.420000,-0.060883,0
26.488889,-0.415000,-0.053213,0
26.491667,-0.395000,-0.045326,0
26.494444,-0.405000,-0.037297,0
26.497222,-0.385000,-0.029230,0
26.500000,-0.385000,-0.021372,0
26.502778,-0.370000,-0.014123,0
26.505556,-0.360000,-0.007856,0
26.508333,-0.360000,-0.002676,0
26.511111,-0.360000,0.001658,0
26.513889,-0.355000,0.005543,0
26.516667,-0.355000,0.009237,0
26.519444,-0.335000,0.012773,0
26.522222,-0.335000,0.016135,0
26.525000,-0.345000,0.019455,0
26.527778,-0.340000,0.022915,0
26.530556,-0.335000,0.026437,0
26.533333,-0.320000,0.029566,0
26.536111,-0.320000,0.031745,0
26.538889,-0.325000,0.032701,0
26.541667,-0.325000,0.032549,0
26.544444,-0.335000,0.031521,0
26.547222,-0.330000,0.029599,0
26.550000,-0.325000,0.026458,0
26.552778,-0.325000,0.021865,0
26.555556,-0.335000,0.016197,0
26.558333,-0.350000,0.010579,0
26.561111,-0.360000,0.006362,0
26.563889,-0.365000,0.004296,0
26.566667,-0.345000,0.004071,0
26.569444,-0.335000,0.004679,0
26.572222,-0.350000,0.005283,0
26.575000,-0.350000,0.005820,0
26.577778,-0.355000,0.006814,0
26.580556,-0.360000,0.008676,0
26.583333,-0.345000,0.011114,0
26.586111,-0.330000,0.013196,0
26.588889,-0.330000,0.014015,0
26.591667,-0.345000,0.013349,0
26.594444,-0.355000,0.011661,0
26.597222,-0.355000,0.009493,0
26.600000,-0.340000,0.006939,0
26.602778,-0.345000,0.003732,0
26.605556,-0.350000,-0.000221,0
26.608333,-0.360000,-0.004464,0
26.611111,-0.370000,-0.008169,0
26.613889,-0.375000,-0.010683,0
26.616667,-0.360000,-0.011966,0
26.619444,-0.365000,-0.012530,0
26.622222,-0.360000,-0.012975,0
26.625000,-0.365000,-0.013549,0
26.627778,-0.380000,-0.014142,0
26.630556,-0.375000,-0.014654,0
26.633333,-0.365000,-0.015329,0
26.636111,-0.365000,-0.016634,0
26.638889,-0.365000,-0.018778,0
26.641667,-0.375000,-0.021370,0
26.644444,-0.390000,-0.023602,0
26.647222,-0.385000,-0.024840,0
26.650000,-0.375000,-0.025060,0
26.652778,-0.370000,-0.024711,0
26.655556,-0.370000,-0.024135,0
26.658333,-0.375000,-0.023151,0
26.661111,-0.390000,-0.021261,0
26.663889,-0.380000,-0.018329,0
26.666667,-0.370000,-0.015072,0
26.669444,-0.345000,-0.012783,0
26.672222,-0.360000,-0.012442,0
26.675000,-0.370000,-0.014046,0
26.677778,-0.385000,-0.016785,0
26.680556,-0.375000,-0.019822,0
26.683333,-0.375000,-0.022880,0
26.686111,-0.370000,-0.026132,0
26.688889,-0.370000,-0.029625,0
26.691667,-0.395000,-0.032893,0
26.694444,-0.400000,-0.035181,0
26.697222,-0.385000,-0.036050,0
26.700000,-0.390000,-0.035730,0
26.702778,-0.380000,-0.034903,0
26.705556,-0.385000,-0.034184,0
26.708333,-0.380000,-0.033732,0
26.711111,-0.395000,-0.033264,0
26.713889,-0.390000,-0.032436,0
26.716667,-0.385000,-0.031242,0
26.719444,-0.375000,-0.030061,0
26.722222,-0.375000,-0.029278,0
26.725000,-0.380000,-0.028873,0
26.727778,-0.390000,-0.028393,0
26.730556,-0.380000,-0.027294,0
26.733333,-0.375000,-0.025320,0
26.736111,-0.375000,-0.022565,0
26.738889,-0.365000,-0.019289,0
26.741667,-0.370000,-0.015716,0
26.744444,-0.370000,-0.011995,0
26.747222,-0.355000,-0.008276,0
26.750000,-0.360000,-0.004715,0
26.752778,-0.350000,-0.001314,0
26.755556,-0.335000,0.002299,0
26.758333,-0.350000,0.006904,0
26.761111,-0.350000,0.013300,0
26.763889,-0.340000,0.021594,0
26.766667,-0.320000,0.030795,0
26.769444,-0.295000,0.039217,0
26.772222,-0.295000,0.045517,0
26.775000,-0.305000,0.049517,0
26.777778,-0.315000,0.052118,0
26.780556,-0.300000,0.054508,0
26.783333,-0.285000,0.057470,0
26.786111,-0.285000,0.061316,0
26.788889,-0.285000,0.066175,0
26.791667,-0.285000,0.072102,0
26.794444,-0.270000,0.078870,0
26.797222,-0.275000,0.085710,0
26.800000,-0.260000,0.091324,0
26.802778,-0.245000,0.094307,0
26.805556,-0.250000,0.093863,0
26.808333,-0.260000,0.090350,0
26.811111,-0.270000,0.085212,0
26.813889,-0.280000,0.080285,0
26.816667,-0.280000,0.076979,0
26.819444,-0.265000,0.075908,0
26.822222,-0.265000,0.077134,0
26.825000,-0.265000,0.080624,0
26.827778,-0.275000,0.086316,0
26.830556,-0.270000,0.093606,0
26.833333,-0.255000,0.100770,0
26.836111,-0.240000,0.105079,0
26.838889,-0.230000,0.103818,0
26.841667,-0.240000,0.095665,0
26.844444,-0.275000,0.081415,0
26.847222,-0.310000,0.063485,0
26.850000,-0.305000,0.044617,0
26.852778,-0.320000,0.026830,0
26.855556,-0.330000,0.011270,0
26.858333,-0.350000,-0.001409,0
26.861111,-0.370000,-0.010812,0
26.863889,-0.375000,-0.016960,0
26.866667,-0.365000,-0.020489,0
26.869444,-0.370000,-0.022468,0
26.872222,-0.370000,-0.023867,0
26.875000,-0.370000,-0.025083,0
26.877778,-0.380000,-0.025878,0
26.880556,-0.385000,-0.025779,0
26.883333,-0.380000,-0.024647,0
26.886111,-0.370000,-0.022977,0
26.888889,-0.360000,-0.021643,0
26.891667,-0.370000,-0.021360,0
26.894444,-0.385000,-0.022379,0
26.897222,-0.375000,-0.024635,0
26.900000,-0.375000,-0.027993,0
26.902778,-0.380000,-0.032237,0
26.905556,-0.380000,-0.036846,0
26.908333,-0.395000,-0.040947,0
26.911111,-0.400000,-0.043616,0
26.913889,-0.400000,-0.044409,0
26.916667,-0.390000,-0.043723,0
26.919444,-0.390000,-0.042728,0
26.922222,-0.390000,-0.042985,0
26.925000,-0.395000,-0.046108,0
26.927778,-0.415000,-0.053697,0
26.930556,-0.425000,-0.067436,0
26.933333,-0.435000,-0.088959,0
26.936111,-0.475000,-0.119140,0
26.938889,-0.500000,-0.156861,0
26.941667,-0.525000,-0.197608,0
26.944444,-0.570000,-0.232536,0
26.947222,-0.605000,-0.248759,0
26.950000,-0.595000,-0.231241,0
26.952778,-0.500000,-0.165840,0
26.955556,-0.360000,-0.042639,0
26.958333,-0.230000,0.140485,0
26.961111,-0.055000,0.373723,0
26.963889,0.200000,0.631670,0
26.966667,0.500000,0.873473,0
26.969444,0.730000,1.049917,0
26.972222,0.855000,1.117186,1
26.975000,0.835000,1.052705,0
26.977778,0.620000,0.866101,0
26.980556,0.225000,0.599171,0
26.983333,-0.160000,0.313028,0
26.986111,-0.415000,0.067247,0
26.988889,-0.525000,-0.099387,0
26.991667,-0.515000,-0.177809,0
26.994444,-0.470000,-0.184765,0
26.997222,-0.435000,-0.150323,0
27.000000,-0.415000,-0.104156,0
27.002778,-0.415000,-0.066495,0
27.005556,-0.410000,-0.045665,0
27.008333,-0.405000,-0.040623,0
27.011111,-0.415000,-0.045567,0
27.013889,-0.420000,-0.054137,0
27.016667,-0.415000,-0.061931,0
27.019444,-0.400000,-0.067069,0
27.022222,-0.415000,-0.069375,0
27.025000,-0.420000,-0.069299,0
27.027778,-0.430000,-0.067432,0
27.030556,-0.420000,-0.064596,0
27.033333,-0.405000,-0.061934,0
27.036111,-0.410000,-0.060558,0
27.038889,-0.400000,-0.060960,0
27.041667,-0.415000,-0.062698,0
27.044444,-0.430000,-0.064709,0
27.047222,-0.420000,-0.066074,0
27.050000,-0.425000,-0.066656,0
27.052778,-0.405000,-0.067069,0
27.055556,-0.410000,-0.068029,0
27.058333,-0.420000,-0.069676,0
27.061111,-0.435000,-0.071479,0
27.063889,-0.430000,-0.072771,0
27.066667,-0.425000,-0.073323,0
27.069444,-0.415000,-0.073399,0
27.072222,-0.420000,-0.073319,0
27.075000,-0.425000,-0.073053,0
27.077778,-0.435000,-0.072281,0
27.080556,-0.425000,-0.070811,0
27.083333,-0.420000,-0.068887,0
27.086111,-0.410000,-0.067017,0
27.088889,-0.410000,-0.065493,0
27.091667,-0.420000,-0.064086,0
27.094444,-0.425000,-0.062269,0
27.097222,-0.415000,-0.059770,0
27.100000,-0.405000,-0.056922,0
27.102778,-0.400000,-0.054461,0
27.105556,-0.405000,-0.053009,0
27.108333,-0.400000,-0.052695,0
27.111111,-0.410000,-0.053198,0
27.113889,-0.420000,-0.054130,0
27.116667,-0.405000,-0.055421,0
27.119444,-0.395000,-0.057291,0
27.122222,-0.415000,-0.059823,0
27.125000,-0.410000,-0.062618,0
27.127778,-0.430000,-0.064957,0
27.130556,-0.425000,-0.066327,0
27.133333,-0.415000,-0.066792,0
27.136111,-0.415000,-0.066853,0
27.138889,-0.410000,-0.066898,0
27.141667,-0.420000,-0.066791,0
27.144444,-0.430000,-0.065990,0
27.147222,-0.425000,-0.064119,0
27.150000,-0.410000,-0.061448,0
27.152778,-0.410000,-0.058804,0
27.155556,-0.400000,-0.056974,0
27.158333,-0.405000,-0.056100,0
27.161111,-0.415000,-0.055567,0
27.163889,-0.420000,-0.054490,0
27.166667,-0.405000,-0.052395,0
27.169444,-0.400000,-0.049530,0
27.172222,-0.390000,-0.046586,0
27.175000,-0.400000,-0.044193,0
27.177778,-0.400000,-0.042706,0
27.180556,-0.405000,-0.042361,0
27.183333,-0.395000,-0.043493,0
27.186111,-0.390000,-0.046416,0
27.188889,-0.405000,-0.051012,0
27.191667,-0.400000,-0.056442,0
27.194444,-0.430000,-0.061376,0
27.197222,-0.430000,-0.064712,0
27.200000,-0.420000,-0.066250,0
27.202778,-0.415000,-0.066738,0
27.205556,-0.405000,-0.067188,0
27.208333,-0.425000,-0.068089,0
27.211111,-0.435000,-0.069216,0
27.213889,-0.430000,-0.070101,0
27.216667,-0.425000,-0.070606,0
27.219444,-0.415000,-0.070980,0
27.222222,-0.425000,-0.071485,0
27.225000,-0.425000,-0.072055,0
27.227778,-0.440000,-0.072394,0
27.230556,-0.435000,-0.072354,0
27.233333,-0.415000,-0.072086,0
27.236111,-0.415000,-0.071683,0
27.238889,-0.425000,-0.070659,0
27.241667,-0.430000,-0.067957,0
27.244444,-0.435000,-0.062648,0
27.247222,-0.410000,-0.054768,0
27.250000,-0.395000,-0.045501,0
27.252778,-0.385000,-0.036528,0
27.255556,-0.375000,-0.029040,0
27.258333,-0.380000,-0.023171,0
27.261111,-0.385000,-0.018207,0
27.263889,-0.380000,-0.013366,0
27.266667,-0.365000,-0.008471,0
27.269444,-0.345000,-0.003918,0
27.272222,-0.345000,-0.000033,0
27.275000,-0.360000,0.003461,0
27.277778,-0.365000,0.007248,0
27.280556,-0.345000,0.011704,0
27.283333,-0.340000,0.016454,0
27.286111,-0.325000,0.020676,0
27.288889,-0.325000,0.023840,0
27.291667,-0.330000,0.026203,0
27.294444,-0.340000,0.028605,0
27.297222,-0.335000,0.031692,0
27.300000,-0.325000,0.035242,0
27.302778,-0.310000,0.038199,0
27.305556,-0.305000,0.039472,0
27.308333,-0.310000,0.038855,0
27.311111,-0.335000,0.037292,0
27.313889,-0.330000,0.036255,0
27.316667,-0.320000,0.036816,0
27.319444,-0.315000,0.039160,0
27.322222,-0.310000,0.042773,0
27.325000,-0.310000,0.046886,0
27.327778,-0.315000,0.050736,0
27.330556,-0.305000,0.053569,0
27.333333,-0.305000,0.054651,0
27.336111,-0.295000,0.053514,0
27.338889,-0.300000,0.050348,0
27.341667,-0.315000,0.046127,0
27.344444,-0.330000,0.042167,0
27.347222,-0.330000,0.039317,0
27.350000,-0.315000,0.037461,0
27.352778,-0.305000,0.035821,0
27.355556,-0.325000,0.033768,0
27.358333,-0.335000,0.031304,0
27.361111,-0.335000,0.028821,0
27.363889,-0.340000,0.026505,0
27.366667,-0.335000,0.024043,0
27.369444,-0.320000,0.020950,0
27.372222,-0.340000,0.017189,0
27.375000,-0.355000,0.013476,0
27.377778,-0.350000,0.010896,0
27.380556,-0.360000,0.010145,0
27.383333,-0.350000,0.011025,0
27.386111,-0.340000,0.012568,0
27.388889,-0.335000,0.013686,0
27.391667,-0.345000,0.013856,0
27.394444,-0.360000,0.013269,0
27.397222,-0.350000,0.012395,0
27.400000,-0.350000,0.011448,0
27.402778,-0.345000,0.010286,0
27.405556,-0.345000,0.008718,0
27.408333,-0.355000,0.006821,0
27.411111,-0.365000,0.004910,0
27.413889,-0.360000,0.003192,0
27.416667,-0.360000,0.001487,0
27.419444,-0.355000,-0.000654,0
27.422222,-0.360000,-0.003545,0
27.425000,-0.370000,-0.007033,0
27.427778,-0.375000,-0.010564,0
27.430556,-0.385000,-0.013572,0
27.433333,-0.375000,-0.015845,0
27.436111,-0.370000,-0.017520,0
27.438889,-0.380000,-0.018750,0
27.441667,-0.385000,-0.019444,0
27.444444,-0.385000,-0.019326,0
27.447222,-0.380000,-0.018215,0
27.450000,-0.380000,-0.016171,0
27.452778,-0.370000,-0.013436,0
27.455556,-0.370000,-0.010259,0
27.458333,-0.375000,-0.006842,0
27.461111,-0.370000,-0.003525,0
27.463889,-0.370000,-0.001012,0
27.466667,-0.360000,-0.000343,0
27.469444,-0.360000,-0.002432,0
27.472222,-0.355000,-0.007377,0
27.475000,-0.380000,-0.014080,0
27.477778,-0.400000,-0.020601,0
27.480556,-0.395000,-0.025133,0
27.483333,-0.390000,-0.026846,0
27.486111,-0.380000,-0.025981,0
27.488889,-0.380000,-0.023282,0
27.491667,-0.390000,-0.019416,0
27.494444,-0.385000,-0.014855,0
27.497222,-0.370000,-0.010110,0
27.500000,-0.375000,-0.005893,0
27.502778,-0.365000,-0.002999,0
27.505556,-0.360000,-0.002016,0
27.508333,-0.365000,-0.003051,0
27.511111,-0.380000,-0.005697,0
27.513889,-0.380000,-0.009292,0
27.516667,-0.370000,-0.013172,0
27.519444,-0.375000,-0.016633,0
27.522222,-0.380000,-0.018749,0
27.525000,-0.390000,-0.018509,0
27.527778,-0.395000,-0.015438,0
27.530556,-0.390000,-0.010269,0
27.533333,-0.355000,-0.004954,0
27.536111,-0.350000,-0.001668,0
27.538889,-0.360000,-0.001435,0
27.541667,-0.375000,-0.003451,0
27.544444,-0.385000,-0.005671,0
27.547222,-0.380000,-0.006111,0
27.550000,-0.375000,-0.003895,0
27.552778,-0.350000,0.000635,0
27.555556,-0.355000,0.006580,0
27.558333,-0.355000,0.013230,0
27.561111,-0.355000,0.020267,0
27.563889,-0.345000,0.027479,0
27.566667,-0.330000,0.034509,0
27.569444,-0.315000,0.041039,0
27.572222,-0.310000,0.047243,0
27.575000,-0.325000,0.053934,0
27.577778,-0.315000,0.062063,0
27.580556,-0.300000,0.071906,0
27.583333,-0.285000,0.082645,0
27.586111,-0.265000,0.092746,0
27.588889,-0.255000,0.100803,0
27.591667,-0.270000,0.106201,0
27.594444,-0.265000,0.109105,0
27.597222,-0.265000,0.109935,0
27.600000,-0.255000,0.108919,0
27.602778,-0.255000,0.106130,0
27.605556,-0.265000,0.101825,0
27.608333,-0.275000,0.096643,0
27.611111,-0.290000,0.091418,0
27.613889,-0.275000,0.086863,0
27.616667,-0.275000,0.083501,0
27.619444,-0.285000,0.081818,0
27.622222,-0.295000,0.082190,0
27.625000,-0.300000,0.084347,0
27.627778,-0.290000,0.086803,0
27.630556,-0.270000,0.086984,0
27.633333,-0.275000,0.082269,0
27.636111,-0.295000,0.071338,0
27.638889,-0.310000,0.054906,0
27.641667,-0.345000,0.035401,0
27.644444,-0.365000,0.015859,0
27.647222,-0.370000,-0.001256,0
27.650000,-0.390000,-0.014700,0
27.652778,-0.385000,-0.024336,0
27.655556,-0.395000,-0.030601,0
27.658333,-0.410000,-0.034014,0
27.661111,-0.415000,-0.035094,0
27.663889,-0.405000,-0.034514,0
27.666667,-0.395000,-0.033113,0
27.669444,-0.400000,-0.031587,0
27.672222,-0.405000,-0.030212,0
27.675000,-0.400000,-0.028920,0
27.677778,-0.405000,-0.027687,0
27.680556,-0.410000,-0.026913,0
27.683333,-0.390000,-0.027437,0
27.686111,-0.395000,-0.030049,0
27.688889,-0.395000,-0.034749,0
27.691667,-0.415000,-0.040371,0
27.694444,-0.430000,-0.045015,0
27.697222,-0.430000,-0.047074,0
27.700000,-0.415000,-0.046112,0
27.702778,-0.410000,-0.042956,0
27.705556,-0.405000,-0.039097,0
27.708333,-0.410000,-0.035984,0
27.711111,-0.410000,-0.034711,0
27.713889,-0.420000,-0.036139,0
27.716667,-0.410000,-0.041072,0
27.719444,-0.415000,-0.050124,0
27.722222,-0.425000,-0.063342,0
27.725000,-0.455000,-0.080059,0
27.727778,-0.500000,-0.099446,0
27.730556,-0.510000,-0.121453,0
27.733333,-0.520000,-0.147100,0
27.736111,-0.520000,-0.177309,0
27.738889,-0.570000,-0.210712,0
27.741667,-0.615000,-0.241963,0
27.744444,-0.655000,-0.261774,0
27.747222,-0.640000,-0.258506,0
27.750000,-0.570000,-0.220137,0
27.752778,-0.475000,-0.135919,0
27.755556,-0.360000,0.001590,0
27.758333,-0.235000,0.192794,0
27.761111,-0.040000,0.425830,0
27.763889,0.240000,0.672761,0
27.766667,0.515000,0.891346,0
27.769444,0.710000,1.034454,0
27.772222,0.795000,1.064873,1
27.775000,0.720000,0.969712,0
27.777778,0.435000,0.767629,0
27.780556,0.065000,0.504461,0
27.783333,-0.250000,0.238121,0
27.786111,-0.445000,0.019403,0
27.788889,-0.535000,-0.122614,0
27.791667,-0.550000,-0.185045,0
27.794444,-0.510000,-0.185685,0
27.797222,-0.480000,-0.151915,0
27.800000,-0.450000,-0.109571,0
27.802778,-0.450000,-0.075840,0
27.805556,-0.445000,-0.057468,0
27.808333,-0.440000,-0.053043,0
27.811111,-0.455000,-0.057064,0
27.813889,-0.450000,-0.063704,0
27.816667,-0.450000,-0.069103,0
27.819444,-0.440000,-0.071890,0
27.822222,-0.440000,-0.072394,0
27.825000,-0.445000,-0.071459,0
27.827778,-0.450000,-0.069698,0
27.830556,-0.455000,-0.067449,0
27.833333,-0.445000,-0.065116,0
27.836111,-0.435000,-0.063303,0
27.838889,-0.430000,-0.062529,0
27.841667,-0.440000,-0.062833,0
27.844444,-0.455000,-0.063763,0
27.847222,-0.445000,-0.064832,0
27.850000,-0.445000,-0.065961,0
27.852778,-0.440000,-0.067456,0
27.855556,-0.435000,-0.069571,0
27.858333,-0.460000,-0.072136,0
27.861111,-0.460000,-0.074663,0
27.863889,-0.455000,-0.076805,0
27.866667,-0.465000,-0.078678,0
27.869444,-0.450000,-0.080702,0
27.872222,-0.445000,-0.083066,0
27.875000,-0.470000,-0.085309,0
27.877778,-0.485000,-0.086526,0
27.880556,-0.465000,-0.086105,0
27.883333,-0.460000,-0.084278,0
27.886111,-0.460000,-0.081921,0
27.888889,-0.450000,-0.079863,0
27.891667,-0.450000,-0.078284,0
27.894444,-0.470000,-0.076655,0
27.897222,-0.460000,-0.074268,0
27.900000,-0.455000,-0.070923,0
27.902778,-0.440000,-0.067161,0
27.905556,-0.435000,-0.063882,0
27.908333,-0.445000,-0.061766,0
27.911111,-0.450000,-0.060993,0
27.913889,-0.435000,-0.061345,0
27.916667,-0.440000,-0.062364,0
27.919444,-0.445000,-0.063435,0
27.922222,-0.445000,-0.063930,0
27.925000,-0.450000,-0.063520,0
27.927778,-0.450000,-0.062488,0
27.930556,-0.440000,-0.061740,0
27.933333,-0.435000,-0.062370,0
27.936111,-0.440000,-0.064927,0
27.938889,-0.445000,-0.068881,0
27.941667,-0.455000,-0.072722,0
27.944444,-0.475000,-0.074741,0
27.947222,-0.460000,-0.074041,0
27.950000,-0.450000,-0.071074,0
27.952778,-0.435000,-0.067253,0
27.955556,-0.440000,-0.063999,0
27.958333,-0.445000,-0.062002,0
27.961111,-0.455000,-0.061222,0
27.963889,-0.450000,-0.061400,0
27.966667,-0.435000,-0.062429,0
27.969444,-0.435000,-0.064188,0
27.972222,-0.450000,-0.066125,0
27.975000,-0.450000,-0.067214,0
27.977778,-0.460000,-0.066505,0
27.980556,-0.455000,-0.063862,0
27.983333,-0.440000,-0.060278,0
27.986111,-0.430000,-0.057406,0
27.988889,-0.425000,-0.056555,0
27.991667,-0.435000,-0.057873,0
27.994444,-0.460000,-0.060429,0
27.997222,-0.465000,-0.063178,0
28.000000,-0.445000,-0.065956,0
28.002778,-0.440000,-0.069551,0
28.005556,-0.440000,-0.074782,0
28.008333,-0.470000,-0.081532,0
28.011111,-0.480000,-0.088652,0
28.013889,-0.490000,-0.094758,0
28.016667,-0.480000,-0.099108,0
28.019444,-0.475000,-0.101835,0
28.022222,-0.485000,-0.103536,0
28.025000,-0.490000,-0.104757,0
28.027778,-0.495000,-0.105843,0
28.030556,-0.490000,-0.107053,0
28.033333,-0.490000,-0.108621,0
28.036111,-0.490000,-0.110596,0
28.038889,-0.495000,-0.112638,0
28.041667,-0.495000,-0.114008,0
28.044444,-0.510000,-0.113860,0
28.047222,-0.495000,-0.111691,0
28.050000,-0.495000,-0.107584,0
28.052778,-0.475000,-0.102007,0
28.055556,-0.475000,-0.095296,0
28.058333,-0.465000,-0.087273,0
28.061111,-0.475000,-0.077399,0
28.063889,-0.465000,-0.065439,0
28.066667,-0.430000,-0.052023,0
28.069444,-0.410000,-0.038503,0
28.072222,-0.405000,-0.026136,0
28.075000,-0.395000,-0.015389,0
28.077778,-0.405000,-0.005980,0
28.080556,-0.395000,0.002420,0
28.083333,-0.370000,0.009557,0
28.086111,-0.355000,0.014684,0
28.088889,-0.365000,0.017273,0
28.091667,-0.370000,0.017599,0
28.094444,-0.370000,0.016662,0
28.097222,-0.380000,0.015622,0
28.100000,-0.370000,0.015274,0
28.102778,-0.355000,0.015989,0
28.105556,-0.360000,0.018051,0
28.108333,-0.370000,0.021885,0
28.111111,-0.370000,0.027748,0
28.113889,-0.355000,0.035103,0
28.116667,-0.340000,0.042415,0
28.119444,-0.325000,0.047725,0
28.122222,-0.325000,0.049690,0
28.125000,-0.340000,0.048304,0
28.127778,-0.345000,0.044756,0
28.130556,-0.360000,0.040584,0
28.133333,-0.345000,0.036775,0
28.136111,-0.345000,0.033458,0
28.138889,-0.355000,0.030253,0
28.141667,-0.355000,0.026813,0
28.144444,-0.365000,0.023123,0
28.147222,-0.370000,0.019479,0
28.150000,-0.365000,0.016326,0
28.152778,-0.370000,0.014154,0
28.155556,-0.370000,0.013446,0
28.158333,-0.375000,0.014532,0
28.161111,-0.375000,0.017324,0
28.163889,-0.365000,0.021080,0
28.166667,-0.360000,0.024502,0
28.169444,-0.355000,0.026211,0
28.172222,-0.355000,0.025404,0
28.175000,-0.355000,0.022311,0
28.177778,-0.375000,0.018142,0
28.180556,-0.380000,0.014443,0
28.183333,-0.385000,0.012218,0
28.186111,-0.365000,0.011442,0
28.188889,-0.365000,0.011303,0
28.191667,-0.375000,0.010904,0
28.194444,-0.380000,0.009737,0
28.197222,-0.385000,0.007659,0
28.200000,-0.385000,0.004659,0
28.202778,-0.370000,0.000866,0
28.205556,-0.380000,-0.003160,0
28.208333,-0.400000,-0.006329,0
28.211111,-0.410000,-0.007539,0
28.213889,-0.400000,-0.006552,0
28.216667,-0.385000,-0.004389,0
28.219444,-0.375000,-0.002749,0
28.222222,-0.380000,-0.002864,0
28.225000,-0.390000,-0.004714,0
28.227778,-0.410000,-0.007197,0
28.230556,-0.400000,-0.009041,0
28.233333,-0.395000,-0.009649,0
28.236111,-0.390000,-0.009259,0
28.238889,-0.390000,-0.008473,0
28.241667,-0.390000,-0.007706,0
28.244444,-0.400000,-0.006997,0
28.247222,-0.400000,-0.006247,0
28.250000,-0.390000,-0.005553,0
28.252778,-0.385000,-0.005255,0
28.255556,-0.390000,-0.005643,0
28.258333,-0.395000,-0.006679,0
28.261111,-0.395000,-0.007996,0
28.263889,-0.400000,-0.009140,0
28.266667,-0.400000,-0.009800,0
28.269444,-0.385000,-0.009819,0
28.272222,-0.390000,-0.008998,0
28.275000,-0.400000,-0.007014,0
28.277778,-0.400000,-0.003699,0
28.280556,-0.390000,0.000486,0
28.283333,-0.380000,0.004333,0
28.286111,-0.370000,0.006421,0
28.288889,-0.370000,0.005993,0
28.291667,-0.380000,0.003528,0
28.294444,-0.405000,0.000505,0
28.297222,-0.390000,-0.001507,0
28.300000,-0.390000,-0.001717,0
28.302778,-0.380000,-0.000321,0
28.305556,-0.380000,0.001933,0
28.308333,-0.380000,0.004284,0
28.311111,-0.390000,0.006181,0
28.313889,-0.380000,0.007165,0
28.316667,-0.380000,0.006738,0
28.319444,-0.375000,0.004518,0
28.322222,-0.380000,0.000591,0
28.325000,-0.390000,-0.004301,0
28.327778,-0.410000,-0.009031,0
28.330556,-0.405000,-0.012675,0
28.333333,-0.395000,-0.014872,0
28.336111,-0.395000,-0.015580,0
28.338889,-0.385000,-0.014453,0
28.341667,-0.405000,-0.010551,0
28.344444,-0.405000,-0.002849,0
28.347222,-0.385000,0.008742,0
28.350000,-0.370000,0.022716,0
28.352778,-0.335000,0.036370,0
28.355556,-0.325000,0.047097,0
28.358333,-0.325000,0.053707,0
28.361111,-0.345000,0.056856,0
28.363889,-0.335000,0.058360,0
28.366667,-0.325000,0.060078,0
28.369444,-0.320000,0.063182,0
28.372222,-0.320000,0.068040,0
28.375000,-0.310000,0.074375,0
28.377778,-0.310000,0.081442,0
28.380556,-0.300000,0.088167,0
28.383333,-0.290000,0.093420,0
28.386111,-0.280000,0.096436,0
28.388889,-0.285000,0.097215,0
28.391667,-0.295000,0.096529,0
28.394444,-0.305000,0.095371,0
28.397222,-0.295000,0.094226,0
28.400000,-0.290000,0.092797,0
28.402778,-0.285000,0.090477,0
28.405556,-0.290000,0.087208,0
28.408333,-0.300000,0.083972,0
28.411111,-0.315000,0.082454,0
28.413889,-0.310000,0.083981,0
28.416667,-0.310000,0.088432,0
28.419444,-0.290000,0.093870,0
28.422222,-0.275000,0.097216,0
28.425000,-0.280000,0.095608,0
28.427778,-0.300000,0.087590,0
28.430556,-0.320000,0.073439,0
28.433333,-0.340000,0.054704,0
28.436111,-0.340000,0.033541,0
28.438889,-0.370000,0.012346,0
28.441667,-0.395000,-0.006473,0
28.444444,-0.420000,-0.020938,0
28.447222,-0.415000,-0.030125,0
28.450000,-0.425000,-0.034480,0
28.452778,-0.415000,-0.035519,0
28.455556,-0.410000,-0.035047,0
28.458333,-0.420000,-0.034389,0
28.461111,-0.425000,-0.034101,0
28.463889,-0.425000,-0.034256,0
28.466667,-0.430000,-0.034953,0
28.469444,-0.415000,-0.036503,0
28.472222,-0.410000,-0.039098,0
28.475000,-0.425000,-0.042287,0
28.477778,-0.440000,-0.044931,0
28.480556,-0.445000,-0.045857,0
28.483333,-0.435000,-0.044723,0
28.486111,-0.420000,-0.042272,0
28.488889,-0.410000,-0.039733,0
28.491667,-0.420000,-0.037914,0
28.494444,-0.435000,-0.036819,0
28.497222,-0.425000,-0.036058,0
28.500000,-0.425000,-0.035550,0
28.502778,-0.415000,-0.035853,0
28.505556,-0.420000,-0.037946,0
28.508333,-0.430000,-0.042811,0
28.511111,-0.435000,-0.051166,0
28.513889,-0.450000,-0.063464,0
28.516667,-0.470000,-0.080013,0
28.519444,-0.490000,-0.101071,0
28.522222,-0.520000,-0.126694,0
28.525000,-0.535000,-0.156166,0
28.527778,-0.555000,-0.186986,0
28.530556,-0.590000,-0.213841,0
28.533333,-0.615000,-0.228307,0
28.536111,-0.620000,-0.219721,0
28.538889,-0.555000,-0.176920,0
28.541667,-0.445000,-0.090131,0
28.544444,-0.325000,0.047096,0
28.547222,-0.175000,0.235158,0
28.550000,0.025000,0.464600,0
28.552778,0.265000,0.712718,0
28.555556,0.540000,0.943529,0
28.558333,0.735000,1.113396,0
28.561111,0.850000,1.182120,1
28.563889,0.855000,1.126377,0
28.566667,0.680000,0.950450,0
28.569444,0.325000,0.688726,0
28.572222,-0.085000,0.396820,0
28.575000,-0.390000,0.133576,0
28.577778,-0.520000,-0.058079,0
28.580556,-0.555000,-0.162437,0
28.583333,-0.530000,-0.190245,0
28.586111,-0.490000,-0.168449,0
28.588889,-0.455000,-0.126889,0
28.591667,-0.455000,-0.088047,0
28.594444,-0.465000,-0.062943,0
28.597222,-0.465000,-0.052690,0
28.600000,-0.450000,-0.052928,0
28.602778,-0.440000,-0.058024,0
28.605556,-0.450000,-0.063491,0
28.608333,-0.445000,-0.066753,0
28.611111,-0.465000,-0.067082,0
28.613889,-0.440000,-0.065222,0
28.616667,-0.450000,-0.062786,0
28.619444,-0.435000,-0.061451,0
28.622222,-0.440000,-0.062201,0
28.625000,-0.450000,-0.064979,0
28.627778,-0.460000,-0.068952,0
28.630556,-0.470000,-0.073207,0
28.633333,-0.455000,-0.077305,0
28.636111,-0.455000,-0.081241,0
28.638889,-0.460000,-0.084906,0
28.641667,-0.475000,-0.087695,0
28.644444,-0.485000,-0.088752,0
28.647222,-0.475000,-0.087638,0
28.650000,-0.465000,-0.084774,0
28.652778,-0.455000,-0.081221,0
28.655556,-0.460000,-0.078049,0
28.658333,-0.460000,-0.075841,0
28.661111,-0.460000,-0.074660,0
28.663889,-0.460000,-0.074351,0
28.666667,-0.465000,-0.074847,0
28.669444,-0.450000,-0.076219,0
28.672222,-0.455000,-0.078419,0
28.675000,-0.460000,-0.080978,0
28.677778,-0.480000,-0.083069,0
28.680556,-0.470000,-0.083964,0
28.683333,-0.460000,-0.083470,0
28.686111,-0.465000,-0.081926,0
28.688889,-0.455000,-0.079843,0
28.691667,-0.460000,-0.077597,0
28.694444,-0.470000,-0.075434,0
28.697222,-0.455000,-0.073695,0
28.700000,-0.450000,-0.072919,0
28.702778,-0.455000,-0.073602,0
28.705556,-0.455000,-0.075819,0
28.708333,-0.455000,-0.079032,0
28.711111,-0.470000,-0.082267,0
28.713889,-0.480000,-0.084634,0
28.716667,-0.470000,-0.085846,0
28.719444,-0.455000,-0.086296,0
28.722222,-0.460000,-0.086535,0
28.725000,-0.470000,-0.086689,0
28.727778,-0.480000,-0.086426,0
28.730556,-0.470000,-0.085440,0
28.733333,-0.465000,-0.083887,0
28.736111,-0.455000,-0.082302,0
28.738889,-0.460000,-0.081123,0
28.741667,-0.460000,-0.080301,0
28.744444,-0.465000,-0.079356,0
28.747222,-0.470000,-0.077797,0
28.750000,-0.455000,-0.075548,0
28.752778,-0.445000,-0.072949,0
28.755556,-0.445000,-0.070353,0
28.758333,-0.450000,-0.067756,0
28.761111,-0.455000,-0.064896,0
28.763889,-0.450000,-0.061757,0
28.766667,-0.440000,-0.058936,0
28.769444,-0.425000,-0.057438,0
28.772222,-0.435000,-0.058005,0
28.775000,-0.440000,-0.060561,0
28.777778,-0.450000,-0.064229,0
28.780556,-0.455000,-0.067905,0
28.783333,-0.455000,-0.070899,0
28.786111,-0.450000,-0.073193,0
28.788889,-0.445000,-0.075186,0
28.791667,-0.460000,-0.077223,0
28.794444,-0.460000,-0.079362,0
28.797222,-0.470000,-0.081526,0
28.800000,-0.465000,-0.083800,0
28.802778,-0.460000,-0.086474,0
28.805556,-0.460000,-0.089747,0
28.808333,-0.475000,-0.093418,0
28.811111,-0.490000,-0.096970,0
28.813889,-0.480000,-0.100006,0
28.816667,-0.480000,-0.102561,0
28.819444,-0.475000,-0.104930,0
28.822222,-0.485000,-0.107228,0
28.825000,-0.490000,-0.109175,0
28.827778,-0.500000,-0.110338,0
28.830556,-0.490000,-0.110589,0
28.833333,-0.485000,-0.110338,0
28.836111,-0.490000,-0.110327,0
28.838889,-0.490000,-0.111189,0
28.841667,-0.480000,-0.113059,0
28.844444,-0.500000,-0.115431,0
28.847222,-0.500000,-0.117381,0
28.850000,-0.510000,-0.118052,0
28.852778,-0.480000,-0.117011,0
28.855556,-0.490000,-0.114165,0
28.858333,-0.490000,-0.109451,0
28.861111,-0.485000,-0.102745,0
28.863889,-0.475000,-0.094093,0
28.866667,-0.465000,-0.083923,0
28.869444,-0.445000,-0.072970,0
28.872222,-0.435000,-0.061923,0
28.875000,-0.425000,-0.051074,0
28.877778,-0.425000,-0.040305,0
28.880556,-0.420000,-0.029462,0
28.883333,-0.390000,-0.018774,0
28.886111,-0.380000,-0.008847,0
28.888889,-0.375000,-0.000246,0
28.891667,-0.370000,0.006890,0
28.894444,-0.370000,0.012825,0
28.897222,-0.370000,0.017877,0
28.900000,-0.350000,0.022148,0
28.902778,-0.335000,0.025678,0
28.905556,-0.350000,0.028823,0
28.908333,-0.350000,0.032337,0
28.911111,-0.355000,0.036850,0
28.913889,-0.335000,0.042234,0
28.916667,-0.320000,0.047512,0
28.919444,-0.320000,0.051478,0
28.922222,-0.315000,0.053521,0
28.925000,-0.325000,0.053968,0
28.927778,-0.335000,0.053712,0
28.930556,-0.330000,0.053438,0
28.933333,-0.320000,0.053089,0
28.936111,-0.320000,0.052027,0
28.938889,-0.310000,0.049737,0
28.941667,-0.330000,0.046425,0
28.944444,-0.350000,0.042953,0
28.947222,-0.345000,0.040120,0
28.950000,-0.330000,0.038035,0
28.952778,-0.330000,0.036202,0
28.955556,-0.340000,0.034166,0
28.958333,-0.340000,0.032007,0
28.961111,-0.355000,0.030237,0
28.963889,-0.355000,0.029257,0
28.966667,-0.345000,0.028910,0
28.969444,-0.335000,0.028547,0
28.972222,-0.345000,0.027566,0
28.975000,-0.350000,0.025873,0
28.977778,-0.360000,0.023860,0
28.980556,-0.350000,0.022011,0
28.983333,-0.360000,0.020562,0
28.986111,-0.350000,0.019483,0
28.988889,-0.350000,0.018735,0
28.991667,-0.350000,0.018539,0
28.994444,-0.365000,0.019323,0
28.997222,-0.370000,0.021272,0
29.000000,-0.345000,0.023898,0
29.002778,-0.330000,0.026207,0
29.005556,-0.345000,0.027413,0
29.008333,-0.350000,0.027476,0
29.011111,-0.355000,0.026895,0
29.013889,-0.355000,0.026019,0
29.016667,-0.355000,0.024555,0
29.019444,-0.340000,0.021769,0
29.022222,-0.335000,0.017269,0
29.025000,-0.365000,0.011708,0
29.027778,-0.385000,0.006604,0
29.030556,-0.385000,0.003280,0
29.033333,-0.365000,0.001868,0
29.036111,-0.365000,0.001295,0
29.038889,-0.365000,0.000219,0
29.041667,-0.365000,-0.001950,0
29.044444,-0.385000,-0.004709,0
29.047222,-0.395000,-0.006978,0
29.050000,-0.385000,-0.008001,0
29.052778,-0.375000,-0.007847,0
29.055556,-0.365000,-0.007121,0
29.058333,-0.380000,-0.006298,0
29.061111,-0.390000,-0.005406,0
29.063889,-0.375000,-0.004275,0
29.066667,-0.380000,-0.002925,0
29.069444,-0.365000,-0.001610,0
29.072222,-0.370000,-0.000541,0
29.075000,-0.370000,0.000356,0
29.077778,-0.380000,0.001351,0
29.080556,-0.380000,0.002540,0
29.083333,-0.355000,0.003611,0
29.086111,-0.365000,0.004063,0
29.088889,-0.365000,0.003680,0
29.091667,-0.370000,0.002745,0
29.094444,-0.380000,0.001777,0
29.097222,-0.375000,0.001052,0
29.100000,-0.365000,0.000390,0
29.102778,-0.365000,-0.000579,0
29.105556,-0.370000,-0.001901,0
29.108333,-0.370000,-0.003071,0
29.111111,-0.390000,-0.003353,0
29.113889,-0.385000,-0.002474,0
29.116667,-0.365000,-0.001057,0
29.119444,-0.360000,-0.000302,0
29.122222,-0.365000,-0.001114,0
29.125000,-0.375000,-0.003440,0
29.127778,-0.385000,-0.006366,0
29.130556,-0.390000,-0.008830,0
29.133333,-0.380000,-0.010305,0
29.136111,-0.370000,-0.010911,0
29.138889,-0.375000,-0.010995,0
29.141667,-0.390000,-0.010725,0
29.144444,-0.385000,-0.010147,0
29.147222,-0.385000,-0.009518,0
29.150000,-0.375000,-0.009397,0
29.152778,-0.370000,-0.010267,0
29.155556,-0.375000,-0.011976,0
29.158333,-0.385000,-0.013565,0
29.161111,-0.405000,-0.013804,0
29.163889,-0.385000,-0.012076,0
29.166667,-0.370000,-0.008842,0
29.169444,-0.370000,-0.005229,0
29.172222,-0.360000,-0.002129,0
29.175000,-0.375000,0.000408,0
29.177778,-0.370000,0.003062,0
29.180556,-0.375000,0.006603,0
29.183333,-0.355000,0.011321,0
29.186111,-0.340000,0.016977,0
29.188889,-0.345000,0.023222,0
29.191667,-0.340000,0.029933,0
29.194444,-0.345000,0.037107,0
29.197222,-0.325000,0.044491,0
29.200000,-0.310000,0.051482,0
29.202778,-0.305000,0.057505,0
29.205556,-0.305000,0.062512,0
29.208333,-0.300000,0.067123,0
29.211111,-0.305000,0.072220,0
29.213889,-0.300000,0.078270,0
29.216667,-0.285000,0.084864,0
29.219444,-0.265000,0.090884,0
29.222222,-0.265000,0.095233,0
29.225000,-0.270000,0.097539,0
29.227778,-0.280000,0.098233,0
29.230556,-0.275000,0.098003,0
29.233333,-0.275000,0.097183,0
29.236111,-0.265000,0.095625,0
29.238889,-0.265000,0.093105,0
29.241667,-0.275000,0.089825,0
29.244444,-0.295000,0.086470,0
29.247222,-0.290000,0.083736,0
29.250000,-0.290000,0.081855,0
29.252778,-0.270000,0.080685,0
29.255556,-0.275000,0.080334,0
29.258333,-0.285000,0.081614,0
29.261111,-0.300000,0.085609,0
29.263889,-0.295000,0.092478,0
29.266667,-0.270000,0.100496,0
29.269444,-0.240000,0.106363,0
29.272222,-0.245000,0.106769,0
29.275000,-0.260000,0.100100,0
29.277778,-0.295000,0.087016,0
29.280556,-0.310000,0.069692,0
29.283333,-0.315000,0.050583,0
29.286111,-0.325000,0.031716,0
29.288889,-0.350000,0.014711,0
29.291667,-0.365000,0.000986,0
29.294444,-0.385000,-0.008384,0
29.297222,-0.380000,-0.013109,0
29.300000,-0.390000,-0.013990,0
29.302778,-0.370000,-0.012751,0
29.305556,-0.370000,-0.011353,0
29.308333,-0.375000,-0.011181,0
29.311111,-0.380000,-0.012618,0
29.313889,-0.390000,-0.015229,0
29.316667,-0.385000,-0.018300,0
29.319444,-0.390000,-0.021288,0
29.322222,-0.380000,-0.023889,0
29.325000,-0.390000,-0.025873,0
29.327778,-0.400000,-0.027025,0
29.330556,-0.405000,-0.027370,0
29.333333,-0.390000,-0.027408,0
29.336111,-0.385000,-0.027930,0
29.338889,-0.385000,-0.029391,0
29.341667,-0.395000,-0.031419,0
29.344444,-0.415000,-0.033013,0
29.347222,-0.405000,-0.033356,0
29.350000,-0.400000,-0.032589,0
29.352778,-0.385000,-0.031885,0
29.355556,-0.400000,-0.032884,0
29.358333,-0.400000,-0.037029,0
29.361111,-0.420000,-0.045254,0
29.363889,-0.420000,-0.057971,0
29.366667,-0.435000,-0.075051,0
29.369444,-0.450000,-0.095739,0
29.372222,-0.495000,-0.118762,0
29.375000,-0.520000,-0.142884,0
29.377778,-0.550000,-0.167609,0
29.380556,-0.555000,-0.193216,0
29.383333,-0.565000,-0.219624,0
29.386111,-0.580000,-0.244453,0
29.388889,-0.625000,-0.261623,0
29.391667,-0.660000,-0.261713,0
29.394444,-0.610000,-0.233962,0
29.397222,-0.505000,-0.168477,0
29.400000,-0.395000,-0.057545,0
29.402778,-0.240000,0.103254,0
29.405556,-0.085000,0.312497,0
29.408333,0.115000,0.558576,0
29.411111,0.385000,0.815761,0
29.413889,0.660000,1.044488,0
29.416667,0.865000,1.198551,0
29.419444,0.955000,1.238354,1
29.422222,0.910000,1.145676,0
29.425000,0.660000,0.933530,0
29.427778,0.270000,0.645539,0
29.430556,-0.140000,0.343174,0
29.433333,-0.425000,0.085396,0
29.436111,-0.520000,-0.090068,0
29.438889,-0.515000,-0.175194,0
29.441667,-0.490000,-0.187395,0
29.444444,-0.465000,-0.157004,0
29.447222,-0.445000,-0.113902,0
29.450000,-0.430000,-0.078749,0
29.452778,-0.435000,-0.060355,0
29.455556,-0.435000,-0.057837,0
29.458333,-0.450000,-0.065070,0
29.461111,-0.455000,-0.075140,0
29.463889,-0.450000,-0.083292,0
29.466667,-0.450000,-0.087853,0
29.469444,-0.440000,-0.089480,0
29.472222,-0.445000,-0.089675,0
29.475000,-0.455000,-0.089559,0
29.477778,-0.460000,-0.089490,0
29.480556,-0.460000,-0.089396,0
29.483333,-0.450000,-0.089229,0
29.486111,-0.450000,-0.089065,0
29.488889,-0.445000,-0.088867,0
29.491667,-0.450000,-0.088281,0
29.494444,-0.465000,-0.086813,0
29.497222,-0.455000,-0.084347,0
29.500000,-0.440000,-0.081477,0
29.502778,-0.435000,-0.079246,0
29.505556,-0.435000,-0.078442,0
29.508333,-0.440000,-0.079070,0
29.511111,-0.460000,-0.080490,0
29.513889,-0.455000,-0.082048,0
29.516667,-0.435000,-0.083572,0
29.519444,-0.440000,-0.085235,0
29.522222,-0.455000,-0.087059,0
29.525000,-0.450000,-0.088662,0
29.527778,-0.460000,-0.089522,0
29.530556,-0.460000,-0.089441,0
29.533333,-0.450000,-0.088778,0
29.536111,-0.445000,-0.088219,0
29.538889,-0.440000,-0.088205,0
29.541667,-0.455000,-0.088512,0
29.544444,-0.465000,-0.088421,0
29.547222,-0.455000,-0.087342,0
29.550000,-0.445000,-0.085312,0
29.552778,-0.440000,-0.082875,0
29.555556,-0.435000,-0.080554,0
29.558333,-0.445000,-0.078456,0
29.561111,-0.455000,-0.076422,0
29.563889,-0.440000,-0.074479,0
29.566667,-0.425000,-0.073034,0
29.569444,-0.430000,-0.072505,0
29.572222,-0.430000,-0.072778,0
29.575000,-0.445000,-0.073142,0
29.577778,-0.450000,-0.072840,0
29.580556,-0.430000,-0.071753,0
29.583333,-0.435000,-0.070591,0
29.586111,-0.425000,-0.070419,0
29.588889,-0.430000,-0.071919,0
29.591667,-0.435000,-0.074912,0
29.594444,-0.450000,-0.078450,0
29.597222,-0.450000,-0.081400,0
29.600000,-0.450000,-0.083082,0
29.602778,-0.435000,-0.083494,0
29.605556,-0.450000,-0.083083,0
29.608333,-0.440000,-0.082369,0
29.611111,-0.455000,-0.081786,0
29.613889,-0.445000,-0.081694,0
29.616667,-0.440000,-0.082329,0
29.619444,-0.435000,-0.083549,0
29.622222,-0.450000,-0.084617,0
29.625000,-0.455000,-0.084437,0
29.627778,-0.455000,-0.082240,0
29.630556,-0.440000,-0.078222,0
29.633333,-0.440000,-0.073589,0
29.636111,-0.420000,-0.069925,0
29.638889,-0.420000,-0.068235,0
29.641667,-0.430000,-0.068322,0
29.644444,-0.445000,-0.068983,0
29.647222,-0.445000,-0.068930,0
29.650000,-0.425000,-0.067698,0
29.652778,-0.425000,-0.065823,0
29.655556,-0.420000,-0.064284,0
29.658333,-0.420000,-0.063788,0
29.661111,-0.440000,-0.064498,0
29.663889,-0.435000,-0.066285,0
29.666667,-0.430000,-0.069081,0
29.669444,-0.425000,-0.072859,0
29.672222,-0.435000,-0.077258,0
29.675000,-0.445000,-0.081376,0
29.677778,-0.460000,-0.084114,0
29.680556,-0.455000,-0.084899,0
29.683333,-0.445000,-0.084139,0
29.686111,-0.435000,-0.082960,0
29.688889,-0.435000,-0.082406,0
29.691667,-0.450000,-0.082779,0
29.694444,-0.455000,-0.083673,0
29.697222,-0.455000,-0.084544,0
29.700000,-0.445000,-0.085204,0
29.702778,-0.435000,-0.085765,0
29.705556,-0.450000,-0.086203,0
29.708333,-0.455000,-0.086089,0
29.711111,-0.445000,-0.084799,0
29.713889,-0.455000,-0.081951,0
29.716667,-0.440000,-0.077668,0
29.719444,-0.430000,-0.072443,0
29.722222,-0.415000,-0.066658,0
29.725000,-0.425000,-0.060171,0
29.727778,-0.430000,-0.052430,0
29.730556,-0.410000,-0.043116,0
29.733333,-0.395000,-0.032688,0
29.736111,-0.380000,-0.022285,0
29.738889,-0.365000,-0.013054,0
29.741667,-0.365000,-0.005480,0
29.744444,-0.370000,0.000732,0
29.747222,-0.370000,0.006157,0
29.750000,-0.350000,0.011007,0
29.752778,-0.340000,0.014973,0
29.755556,-0.335000,0.017677,0
29.758333,-0.345000,0.019189,0
29.761111,-0.355000,0.020051,0
29.763889,-0.345000,0.020806,0
29.766667,-0.340000,0.021586,0
29.769444,-0.330000,0.022200,0
29.772222,-0.340000,0.022565,0
29.775000,-0.335000,0.022993,0
29.777778,-0.355000,0.023984,0
29.780556,-0.340000,0.025715,0
29.783333,-0.335000,0.027737,0
29.786111,-0.320000,0.029263,0
29.788889,-0.325000,0.029854,0
29.791667,-0.335000,0.029837,0
29.794444,-0.355000,0.029992,0
29.797222,-0.330000,0.030789,0
29.800000,-0.325000,0.031953,0
29.802778,-0.325000,0.032782,0
29.805556,-0.325000,0.032833,0
29.808333,-0.325000,0.032326,0
29.811111,-0.350000,0.031929,0
29.813889,-0.335000,0.032137,0
29.816667,-0.325000,0.032821,0
29.819444,-0.320000,0.033401,0
29.822222,-0.325000,0.033450,0
29.825000,-0.335000,0.033066,0
29.827778,-0.335000,0.032680,0
29.830556,-0.340000,0.032528,0
29.833333,-0.325000,0.032319,0
29.836111,-0.325000,0.031429,0
29.838889,-0.330000,0.029432,0
29.841667,-0.335000,0.026488,0
29.844444,-0.345000,0.023252,0
29.847222,-0.355000,0.020367,0
29.850000,-0.340000,0.017992,0
29.852778,-0.345000,0.015768,0
29.855556,-0.340000,0.013252,0
29.858333,-0.355000,0.010380,0
29.861111,-0.360000,0.007532,0
29.863889,-0.365000,0.005179,0
29.866667,-0.360000,0.003487,0
29.869444,-0.355000,0.002253,0
29.872222,-0.355000,0.001228,0
29.875000,-0.365000,0.000438,0
29.877778,-0.370000,0.000160,0
29.880556,-0.365000,0.000569,0
29.883333,-0.365000,0.001428,0
29.886111,-0.355000,0.002142,0
29.888889,-0.355000,0.002154,0
29.891667,-0.360000,0.001346,0
29.894444,-0.370000,0.000083,0
29.897222,-0.370000,-0.001168,0
29.900000,-0.370000,-0.002291,0
29.902778,-0.360000,-0.003636,0
29.905556,-0.365000,-0.005682,0
29.908333,-0.365000,-0.008568,0
29.911111,-0.385000,-0.011934,0
29.913889,-0.385000,-0.015227,0
29.916667,-0.385000,-0.018152,0
29.919444,-0.375000,-0.020793,0
29.922222,-0.380000,-0.023294,0
29.925000,-0.390000,-0.025488,0
29.927778,-0.400000,-0.026948,0
29.930556,-0.400000,-0.027432,0
29.933333,-0.385000,-0.027239,0
29.936111,-0.385000,-0.027041,0
29.938889,-0.385000,-0.027321,0
29.941667,-0.390000,-0.027952,0
29.944444,-0.400000,-0.028320,0
29.947222,-0.405000,-0.027922,0
29.950000,-0.390000,-0.026906,0
29.952778,-0.380000,-0.026035,0
29.955556,-0.380000,-0.026028,0
29.958333,-0.390000,-0.026893,0
29.961111,-0.405000,-0.027866,0
29.963889,-0.395000,-0.027987,0
29.966667,-0.390000,-0.026731,0
29.969444,-0.385000,-0.024180,0
29.972222,-0.380000,-0.020758,0
29.975000,-0.380000,-0.016912,0
29.977778,-0.390000,-0.013062,0
29.980556,-0.375000,-0.009766,0
29.983333,-0.365000,-0.007732,0
29.986111,-0.365000,-0.007486,0
29.988889,-0.375000,-0.008949,0
29.991667,-0.375000,-0.011360,0
29.994444,-0.385000,-0.013664,0
29.997222,-0.385000,-0.015093,0
30.000000,-0.385000,-0.015531,0
30.002778,-0.365000,-0.015394,0
30.005556,-0.375000,-0.015105,0
30.008333,-0.380000,-0.014656,0
30.011111,-0.390000,-0.013716,0
30.013889,-0.385000,-0.012200,0
30.016667,-0.375000,-0.010661,0
30.019444,-0.360000,-0.010042,0
30.022222,-0.370000,-0.010925,0
30.025000,-0.380000,-0.012968,0
30.027778,-0.390000,-0.015057,0
30.030556,-0.390000,-0.016004,0
30.033333,-0.375000,-0.015116,0
30.036111,-0.365000,-0.012196,0
30.038889,-0.375000,-0.007121,0
30.041667,-0.360000,0.000384,0
30.044444,-0.370000,0.010454,0
30.047222,-0.355000,0.022523,0
30.050000,-0.320000,0.035112,0
30.052778,-0.310000,0.046377,0
30.055556,-0.300000,0.055151,0
30.058333,-0.300000,0.061656,0
30.061111,-0.310000,0.067268,0
30.063889,-0.310000,0.073453,0
30.066667,-0.285000,0.080664,0
30.069444,-0.270000,0.088047,0
30.072222,-0.255000,0.094117,0
30.075000,-0.275000,0.097716,0
30.077778,-0.275000,0.098454,0
30.080556,-0.270000,0.096494,0
30.083333,-0.275000,0.092240,0
30.086111,-0.270000,0.086325,0
30.088889,-0.280000,0.079808,0
30.091667,-0.295000,0.074147,0
30.094444,-0.310000,0.070659,0
30.097222,-0.305000,0.069714,0
30.100000,-0.295000,0.070334,0
30.102778,-0.285000,0.070673,0
30.105556,-0.285000,0.069192,0
30.108333,-0.295000,0.065707,0
30.111111,-0.315000,0.061594,0
30.113889,-0.315000,0.059017,0
30.116667,-0.310000,0.059768,0
30.119444,-0.300000,0.064441,0
30.122222,-0.290000,0.072259,0
30.125000,-0.295000,0.081300,0
30.127778,-0.285000,0.088884,0
30.130556,-0.265000,0.092132,0
30.133333,-0.265000,0.088836,0
30.136111,-0.290000,0.078357,0
30.138889,-0.305000,0.061966,0
30.141667,-0.325000,0.042378,0
30.144444,-0.355000,0.022763,0
30.147222,-0.365000,0.005729,0
30.150000,-0.375000,-0.007313,0
30.152778,-0.380000,-0.016185,0
30.155556,-0.385000,-0.021505,0
30.158333,-0.385000,-0.024155,0
30.161111,-0.405000,-0.025011,0
30.163889,-0.400000,-0.025018,0
30.166667,-0.385000,-0.025247,0
30.169444,-0.385000,-0.026605,0
30.172222,-0.395000,-0.029319,0
30.175000,-0.400000,-0.032763,0
30.177778,-0.420000,-0.035910,0
30.180556,-0.410000,-0.038098,0
30.183333,-0.405000,-0.039482,0
30.186111,-0.400000,-0.040775,0
30.188889,-0.405000,-0.042529,0
30.191667,-0.410000,-0.044587,0
30.194444,-0.425000,-0.046165,0
30.197222,-0.420000,-0.046480,0
30.200000,-0.420000,-0.045419,0
30.202778,-0.400000,-0.043718,0
30.205556,-0.405000,-0.042607,0
30.208333,-0.415000,-0.043372,0
30.211111,-0.430000,-0.047311,0
30.213889,-0.430000,-0.056002,0
30.216667,-0.435000,-0.071300,0
30.219444,-0.455000,-0.094673,0
30.222222,-0.495000,-0.126169,0
30.225000,-0.540000,-0.163585,0
30.227778,-0.560000,-0.202124,0
30.230556,-0.590000,-0.234454,0
30.233333,-0.630000,-0.251229,0
30.236111,-0.630000,-0.242256,0
30.238889,-0.565000,-0.198066,0
30.241667,-0.445000,-0.111175,0
30.244444,-0.325000,0.022981,0
30.247222,-0.190000,0.204364,0
30.250000,0.000000,0.425171,0
30.252778,0.245000,0.666433,0
30.255556,0.520000,0.897362,0
30.258333,0.720000,1.079639,0
30.261111,0.835000,1.176263,1
30.263889,0.855000,1.162252,0
30.266667,0.740000,1.033590,0
30.269444,0.490000,0.810921,0
30.272222,0.125000,0.535594,0
30.275000,-0.190000,0.258351,0
30.277778,-0.425000,0.024653,0
30.280556,-0.535000,-0.137220,0
30.283333,-0.585000,-0.220771,0
30.286111,-0.585000,-0.238089,0
30.288889,-0.550000,-0.211823,0
30.291667,-0.505000,-0.166289,0
30.294444,-0.480000,-0.120784,0
30.297222,-0.460000,-0.086500,0
30.300000,-0.450000,-0.066856,0
30.302778,-0.440000,-0.059911,0
30.305556,-0.440000,-0.061254,0
30.308333,-0.435000,-0.066269,0
30.311111,-0.450000,-0.071452,0
30.313889,-0.450000,-0.074940,0
30.316667,-0.450000,-0.076484,0
30.319444,-0.445000,-0.076927,0
30.322222,-0.435000,-0.077348,0
30.325000,-0.450000,-0.078249,0
30.327778,-0.455000,-0.079295,0
30.330556,-0.460000,-0.079745,0
30.333333,-0.465000,-0.079195,0
30.336111,-0.435000,-0.077970,0
30.338889,-0.445000,-0.076857,0
30.341667,-0.450000,-0.076498,0
30.344444,-0.450000,-0.077051,0
30.347222,-0.460000,-0.078316,0
30.350000,-0.455000,-0.080030,0
30.352778,-0.445000,-0.081931,0
30.355556,-0.445000,-0.083529,0
30.358333,-0.465000,-0.083956,0
30.361111,-0.470000,-0.082323,0
30.363889,-0.450000,-0.078425,0
30.366667,-0.455000,-0.073117,0
30.369444,-0.425000,-0.067942,0
30.372222,-0.430000,-0.064228,0
30.375000,-0.430000,-0.062341,0
30.377778,-0.455000,-0.061676,0
30.380556,-0.440000,-0.061391,0
30.383333,-0.435000,-0.061167,0
30.386111,-0.425000,-0.061313,0
30.388889,-0.435000,-0.062253,0
30.391667,-0.435000,-0.063989,0
30.394444,-0.445000,-0.066005,0
30.397222,-0.450000,-0.067595,0
30.400000,-0.440000,-0.068284,0
30.402778,-0.440000,-0.067951,0
30.405556,-0.435000,-0.066653,0
30.408333,-0.440000,-0.064392,0
30.411111,-0.440000,-0.061172,0
30.413889,-0.445000,-0.057316,0
30.416667,-0.425000,-0.053703,0
30.419444,-0.420000,-0.051523,0
30.422222,-0.415000,-0.051584,0
30.425000,-0.425000,-0.053705,0
30.427778,-0.445000,-0.056790,0
30.430556,-0.450000,-0.059594,0
30.433333,-0.435000,-0.061561,0
30.436111,-0.425000,-0.062940,0
30.438889,-0.430000,-0.064178,0
30.441667,-0.450000,-0.065302,0
30.444444,-0.450000,-0.065938,0
30.447222,-0.440000,-0.065820,0
30.450000,-0.450000,-0.065163,0
30.452778,-0.425000,-0.064518,0
30.455556,-0.435000,-0.064278,0
30.458333,-0.445000,-0.064320,0
30.461111,-0.450000,-0.064172,0
30.463889,-0.445000,-0.063557,0
30.466667,-0.440000,-0.062744,0
30.469444,-0.425000,-0.062320,0
30.472222,-0.430000,-0.062563,0
30.475000,-0.450000,-0.063086,0
30.477778,-0.450000,-0.063138,0
30.480556,-0.445000,-0.062314,0
30.483333,-0.430000,-0.060922,0
30.486111,-0.430000,-0.059680,0
30.488889,-0.435000,-0.059080,0
30.491667,-0.435000,-0.059032,0
30.494444,-0.445000,-0.059039,0
30.497222,-0.445000,-0.058691,0
30.500000,-0.430000,-0.058002,0
30.502778,-0.425000,-0.057265,0
30.505556,-0.430000,-0.056609,0
30.508333,-0.445000,-0.055772,0
30.511111,-0.435000,-0.054379,0
30.513889,-0.430000,-0.052396,0
30.516667,-0.430000,-0.050310,0
30.519444,-0.425000,-0.048897,0
30.522222,-0.420000,-0.048784,0
30.525000,-0.425000,-0.050093,0
30.527778,-0.440000,-0.052417,0
30.530556,-0.440000,-0.055160,0
30.533333,-0.435000,-0.057939,0
30.536111,-0.435000,-0.060639,0
30.538889,-0.435000,-0.063098,0
30.541667,-0.440000,-0.064809,0
30.544444,-0.455000,-0.065034,0
30.547222,-0.455000,-0.063345,0
30.550000,-0.435000,-0.060112,0
30.552778,-0.425000,-0.056400,0
30.555556,-0.430000,-0.053313,0
30.558333,-0.430000,-0.051378,0
30.561111,-0.440000,-0.050459,0
30.563889,-0.430000,-0.050087,0
30.566667,-0.430000,-0.049774,0
30.569444,-0.420000,-0.048986,0
30.572222,-0.420000,-0.046942,0
30.575000,-0.430000,-0.042624,0
30.577778,-0.425000,-0.035260,0
30.580556,-0.415000,-0.024993,0
30.583333,-0.385000,-0.013130,0
30.586111,-0.375000,-0.001622,0
30.588889,-0.365000,0.007903,0
30.591667,-0.365000,0.014856,0
30.594444,-0.370000,0.019708,0
30.597222,-0.355000,0.023405,0
30.600000,-0.365000,0.026681,0
30.602778,-0.350000,0.029674,0
30.605556,-0.340000,0.032053,0
30.608333,-0.345000,0.033492,0
30.611111,-0.345000,0.034115,0
30.613889,-0.350000,0.034515,0
30.616667,-0.355000,0.035368,0
30.619444,-0.345000,0.036973,0
30.622222,-0.335000,0.039101,0
30.625000,-0.335000,0.041241,0
30.627778,-0.345000,0.042906,0
30.630556,-0.345000,0.043685,0
30.633333,-0.340000,0.043146,0
30.636111,-0.330000,0.040952,0
30.638889,-0.335000,0.037269,0
30.641667,-0.355000,0.033040,0
30.644444,-0.360000,0.029675,0
30.647222,-0.360000,0.028299,0
30.650000,-0.355000,0.029129,0
30.652778,-0.345000,0.031457,0
30.655556,-0.340000,0.034188,0
30.658333,-0.345000,0.036468,0
30.661111,-0.350000,0.037938,0
30.663889,-0.355000,0.038509,0
30.666667,-0.340000,0.038046,0
30.669444,-0.340000,0.036391,0
30.672222,-0.340000,0.033742,0
30.675000,-0.350000,0.030888,0
30.677778,-0.375000,0.028869,0
30.680556,-0.360000,0.028191,0
30.683333,-0.355000,0.028316,0
30.686111,-0.340000,0.028002,0
30.688889,-0.345000,0.026287,0
30.691667,-0.360000,0.023240,0
30.694444,-0.385000,0.019779,0
30.697222,-0.375000,0.016734,0
30.700000,-0.365000,0.014106,0
30.702778,-0.360000,0.011228,0
30.705556,-0.365000,0.007630,0
30.708333,-0.385000,0.003689,0
30.711111,-0.395000,0.000434,0
30.713889,-0.395000,-0.001272,0
30.716667,-0.380000,-0.001400,0
30.719444,-0.380000,-0.000689,0
30.722222,-0.375000,0.000005,0
30.725000,-0.380000,0.000307,0
30.727778,-0.400000,0.000347,0
30.730556,-0.395000,0.000256,0
30.733333,-0.375000,-0.000262,0
30.736111,-0.375000,-0.001714,0
30.738889,-0.385000,-0.004174,0
30.741667,-0.395000,-0.006944,0
30.744444,-0.400000,-0.008934,0
30.747222,-0.410000,-0.009481,0
30.750000,-0.390000,-0.008917,0
30.752778,-0.385000,-0.008356,0
30.755556,-0.380000,-0.008826,0
30.758333,-0.390000,-0.010444,0
30.761111,-0.415000,-0.012373,0
30.763889,-0.410000,-0.013646,0
30.766667,-0.400000,-0.014087,0
30.769444,-0.395000,-0.014498,0
30.772222,-0.385000,-0.015957,0
30.775000,-0.400000,-0.018896,0
30.777778,-0.420000,-0.022794,0
30.780556,-0.425000,-0.026691,0
30.783333,-0.415000,-0.029989,0
30.786111,-0.410000,-0.032723,0
30.788889,-0.410000,-0.035151,0
30.791667,-0.430000,-0.037231,0
30.794444,-0.430000,-0.038571,0
30.797222,-0.430000,-0.038818,0
30.800000,-0.420000,-0.038005,0
30.802778,-0.420000,-0.036478,0
30.805556,-0.415000,-0.034544,0
30.808333,-0.420000,-0.032208,0
30.811111,-0.420000,-0.029253,0
30.813889,-0.415000,-0.025596,0
30.816667,-0.415000,-0.021620,0
30.819444,-0.400000,-0.018156,0
30.822222,-0.390000,-0.016052,0
30.825000,-0.400000,-0.015602,0
30.827778,-0.410000,-0.016364,0
30.830556,-0.415000,-0.017556,0
30.833333,-0.405000,-0.018671,0
30.836111,-0.400000,-0.019701,0
30.838889,-0.400000,-0.020844,0
30.841667,-0.410000,-0.022118,0
30.844444,-0.420000,-0.023336,0
30.847222,-0.420000,-0.024465,0
30.850000,-0.410000,-0.025862,0
30.852778,-0.400000,-0.027974,0
30.855556,-0.415000,-0.030679,0
30.858333,-0.420000,-0.032899,0
30.861111,-0.430000,-0.032957,0
30.863889,-0.425000,-0.029462,0
30.866667,-0.410000,-0.022069,0
30.869444,-0.395000,-0.011617,0
30.872222,-0.380000,0.000373,0
30.875000,-0.375000,0.012390,0
30.877778,-0.370000,0.023374,0
30.880556,-0.355000,0.032770,0
30.883333,-0.345000,0.040458,0
30.886111,-0.335000,0.046748,0
30.888889,-0.335000,0.052375,0
30.891667,-0.335000,0.058261,0
30.894444,-0.335000,0.065021,0
30.897222,-0.310000,0.072551,0
30.900000,-0.300000,0.080068,0
30.902778,-0.305000,0.086568,0
30.905556,-0.295000,0.091304,0
30.908333,-0.290000,0.093967,0
30.911111,-0.300000,0.094610,0
30.913889,-0.300000,0.093422,0
30.916667,-0.295000,0.090555,0
30.919444,-0.295000,0.086182,0
30.922222,-0.305000,0.080740,0
30.925000,-0.315000,0.075010,0
30.927778,-0.330000,0.069836,0
30.930556,-0.325000,0.065662,0
30.933333,-0.325000,0.062362,0
30.936111,-0.320000,0.059606,0
30.938889,-0.315000,0.057512,0
30.941667,-0.330000,0.056953,0
30.944444,-0.355000,0.058966,0
30.947222,-0.345000,0.063474,0
30.950000,-0.320000,0.068409,0
30.952778,-0.295000,0.070274,0
30.955556,-0.305000,0.066011,0
30.958333,-0.325000,0.054786,0
30.961111,-0.375000,0.038332,0
30.963889,-0.380000,0.019765,0
30.966667,-0.385000,0.001998,0
30.969444,-0.395000,-0.013062,0
30.972222,-0.405000,-0.024357,0
30.975000,-0.420000,-0.031275,0
30.977778,-0.435000,-0.033661,0
30.980556,-0.430000,-0.032237,0
30.983333,-0.420000,-0.028872,0
30.986111,-0.405000,-0.026138,0
30.988889,-0.400000,-0.026214,0
30.991667,-0.415000,-0.029820,0
30.994444,-0.435000,-0.035983,0
30.997222,-0.440000,-0.042809,0
31.000000,-0.450000,-0.048648,0
31.002778,-0.430000,-0.052800,0
31.005556,-0.440000,-0.055417,0
31.008333,-0.445000,-0.056930,0
31.011111,-0.450000,-0.057663,0
31.013889,-0.455000,-0.057856,0
31.016667,-0.450000,-0.057845,0
31.019444,-0.435000,-0.057994,0
31.022222,-0.440000,-0.058323,0
31.025000,-0.450000,-0.058252,0
31.027778,-0.460000,-0.056911,0
31.030556,-0.445000,-0.053904,0
31.033333,-0.440000,-0.049914,0
31.036111,-0.435000,-0.046697,0
31.038889,-0.430000,-0.046540,0
31.041667,-0.435000,-0.051593,0
31.044444,-0.460000,-0.063461,0
31.047222,-0.490000,-0.083188,0
31.050000,-0.510000,-0.111288,0
31.052778,-0.525000,-0.147135,0
31.055556,-0.550000,-0.187467,0
31.058333,-0.595000,-0.224733,0
31.061111,-0.645000,-0.246708,0
31.063889,-0.645000,-0.238152,0
31.066667,-0.555000,-0.183992,0
31.069444,-0.435000,-0.072895,0
31.072222,-0.305000,0.099029,0
31.075000,-0.135000,0.324033,0
31.077778,0.105000,0.578913,0
31.080556,0.400000,0.824638,0
31.083333,0.655000,1.012663,0
31.086111,0.795000,1.098075,1
31.088889,0.790000,1.055325,0
31.091667,0.600000,0.889640,0
31.094444,0.230000,0.637964,0
31.097222,-0.145000,0.357543,0
31.100000,-0.400000,0.106585,0
31.102778,-0.520000,-0.074097,0
31.105556,-0.560000,-0.170480,0
31.108333,-0.550000,-0.193390,0
31.111111,-0.505000,-0.168587,0
31.113889,-0.465000,-0.124667,0
31.116667,-0.460000,-0.083737,0
31.119444,-0.455000,-0.057345,0
31.122222,-0.455000,-0.047387,0
31.125000,-0.450000,-0.049808,0
31.127778,-0.465000,-0.058646,0
31.130556,-0.460000,-0.068866,0
31.133333,-0.465000,-0.077541,0
31.136111,-0.470000,-0.083675,0
31.138889,-0.470000,-0.087337,0
31.141667,-0.470000,-0.088819,0
31.144444,-0.490000,-0.088284,0
31.147222,-0.485000,-0.085988,0
31.150000,-0.470000,-0.082657,0
31.152778,-0.465000,-0.079474,0
31.155556,-0.460000,-0.077558,0
31.158333,-0.465000,-0.077366,0
31.161111,-0.470000,-0.078507,0
31.163889,-0.480000,-0.080086,0
31.166667,-0.475000,-0.081270,0
31.169444,-0.465000,-0.081594,0
31.172222,-0.455000,-0.080807,0
31.175000,-0.475000,-0.078584,0
31.177778,-0.480000,-0.074654,0
31.180556,-0.460000,-0.069302,0
31.183333,-0.450000,-0.063640,0
31.186111,-0.440000,-0.059213,0
31.188889,-0.445000,-0.057226,0
31.191667,-0.445000,-0.057995,0
31.194444,-0.460000,-0.060962,0
31.197222,-0.455000,-0.065106,0
31.200000,-0.455000,-0.069385,0
31.202778,-0.465000,-0.072940,0
31.205556,-0.455000,-0.075141,0
31.208333,-0.480000,-0.075682,0
31.211111,-0.465000,-0.074802,0
31.213889,-0.465000,-0.073370,0
31.216667,-0.455000,-0.072592,0
31.219444,-0.455000,-0.073349,0
31.222222,-0.460000,-0.075613,0
31.225000,-0.475000,-0.078397,0
31.227778,-0.480000,-0.080321,0
31.230556,-0.470000,-0.080383,0
31.233333,-0.465000,-0.078366,0
31.236111,-0.455000,-0.074668,0
31.238889,-0.465000,-0.069883,0
31.241667,-0.450000,-0.064558,0
31.244444,-0.455000,-0.059246,0
31.247222,-0.450000,-0.054657,0
31.250000,-0.435000,-0.051636,0
31.252778,-0.430000,-0.050807,0
31.255556,-0.440000,-0.052115,0
31.258333,-0.445000,-0.054704,0
31.261111,-0.455000,-0.057339,0
31.263889,-0.455000,-0.059121,0
31.266667,-0.450000,-0.059942,0
31.269444,-0.440000,-0.060328,0
31.272222,-0.435000,-0.060788,0
31.275000,-0.455000,-0.061257,0
31.277778,-0.465000,-0.061202,0
31.280556,-0.455000,-0.060264,0
31.283333,-0.440000,-0.058753,0
31.286111,-0.440000,-0.057432,0
31.288889,-0.440000,-0.056849,0
31.291667,-0.440000,-0.056893,0
31.294444,-0.460000,-0.056978,0
31.297222,-0.455000,-0.056735,0
31.300000,-0.450000,-0.056607,0
31.302778,-0.430000,-0.057714,0
31.305556,-0.435000,-0.060969,0
31.308333,-0.455000,-0.066221,0
31.311111,-0.475000,-0.072228,0
31.313889,-0.475000,-0.077514,0
31.316667,-0.470000,-0.081280,0
31.319444,-0.460000,-0.083612,0
31.322222,-0.470000,-0.084954,0
31.325000,-0.465000,-0.085502,0
31.327778,-0.485000,-0.085135,0
31.330556,-0.490000,-0.083925,0
31.333333,-0.465000,-0.082653,0
31.336111,-0.460000,-0.082646,0
31.338889,-0.460000,-0.084899,0
31.341667,-0.475000,-0.089233,0
31.344444,-0.490000,-0.094284,0
31.347222,-0.500000,-0.098389,0
31.350000,-0.495000,-0.100668,0
31.352778,-0.485000,-0.101458,0
31.355556,-0.470000,-0.101778,0
31.358333,-0.485000,-0.102318,0
31.361111,-0.500000,-0.102856,0
31.363889,-0.500000,-0.102562,0
31.366667,-0.490000,-0.100721,0
31.369444,-0.475000,-0.097126,0
31.372222,-0.475000,-0.091861,0
31.375000,-0.465000,-0.084917,0
31.377778,-0.480000,-0.076172,0
31.380556,-0.455000,-0.065815,0
31.383333,-0.445000,-0.054712,0
31.386111,-0.425000,-0.044234,0
31.388889,-0.410000,-0.035512,0
31.391667,-0.405000,-0.028667,0
31.394444,-0.420000,-0.022660,0
31.397222,-0.420000,-0.016024,0
31.400000,-0.400000,-0.007931,0
31.402778,-0.375000,0.001319,0
31.405556,-0.360000,0.010803,0
31.408333,-0.360000,0.019874,0
31.411111,-0.375000,0.028495,0
31.413889,-0.360000,0.036709,0
31.416667,-0.345000,0.043902,0
31.419444,-0.325000,0.048756,0
31.422222,-0.325000,0.050028,0
31.425000,-0.340000,0.047458,0
31.427778,-0.345000,0.042059,0
31.430556,-0.360000,0.035637,0
31.433333,-0.355000,0.030019,0
31.436111,-0.355000,0.026513,0
31.438889,-0.355000,0.025771,0
31.441667,-0.365000,0.027801,0
31.444444,-0.360000,0.031903,0
31.447222,-0.355000,0.036631,0
31.450000,-0.330000,0.040157,0
31.452778,-0.335000,0.041086,0
31.455556,-0.350000,0.039225,0
31.458333,-0.345000,0.035728,0
31.461111,-0.360000,0.032497,0
31.463889,-0.355000,0.031241,0
31.466667,-0.370000,0.032635,0
31.469444,-0.340000,0.036002,0
31.472222,-0.335000,0.039738,0
31.475000,-0.335000,0.042262,0
31.477778,-0.345000,0.042786,0
31.480556,-0.350000,0.041428,0
31.483333,-0.350000,0.038786,0
31.486111,-0.340000,0.035541,0
31.488889,-0.345000,0.032363,0
31.491667,-0.360000,0.029921,0
31.494444,-0.365000,0.028649,0
31.497222,-0.360000,0.028343,0
31.500000,-0.350000,0.028085,0
31.502778,-0.350000,0.026744,0
31.505556,-0.350000,0.023762,0
31.508333,-0.365000,0.019613,0
31.511111,-0.380000,0.015539,0
31.513889,-0.375000,0.012764,0
31.516667,-0.370000,0.011774,0
31.519444,-0.370000,0.012161,0
31.522222,-0.365000,0.013002,0
31.525000,-0.365000,0.013393,0
31.527778,-0.375000,0.012757,0
31.530556,-0.380000,0.010817,0
31.533333,-0.375000,0.007446,0
31.536111,-0.370000,0.002737,0
31.538889,-0.375000,-0.002667,0
31.541667,-0.390000,-0.007397,0
31.544444,-0.410000,-0.009830,0
31.547222,-0.400000,-0.009047,0
31.550000,-0.390000,-0.005528,0
31.552778,-0.365000,-0.000905,0
31.555556,-0.370000,0.003078,0
31.558333,-0.375000,0.005521,0
31.561111,-0.390000,0.006475,0
31.563889,-0.385000,0.006277,0
31.566667,-0.375000,0.004889,0
31.569444,-0.365000,0.001944,0
31.572222,-0.375000,-0.002606,0
31.575000,-0.395000,-0.008007,0
31.577778,-0.405000,-0.012963,0
31.580556,-0.405000,-0.016435,0
31.583333,-0.395000,-0.018228,0
31.586111,-0.390000,-0.018883,0
31.588889,-0.400000,-0.019089,0
31.591667,-0.400000,-0.019183,0
31.594444,-0.400000,-0.019105,0
31.597222,-0.405000,-0.018689,0
31.600000,-0.405000,-0.017997,0
31.602778,-0.390000,-0.017389,0
31.605556,-0.390000,-0.017228,0
31.608333,-0.395000,-0.017462,0
31.611111,-0.400000,-0.017532,0
31.613889,-0.410000,-0.016793,0
31.616667,-0.400000,-0.015108,0
31.619444,-0.385000,-0.013044,0
31.622222,-0.375000,-0.011411,0
31.625000,-0.395000,-0.010564,0
31.627778,-0.395000,-0.010157,0
31.630556,-0.395000,-0.009525,0
31.633333,-0.385000,-0.008219,0
31.636111,-0.380000,-0.006213,0
31.638889,-0.385000,-0.003763,0
31.641667,-0.380000,-0.001225,0
31.644444,-0.380000,0.000988,0
31.647222,-0.380000,0.002395,0
31.650000,-0.370000,0.002539,0
31.652778,-0.380000,0.001229,0
31.655556,-0.370000,-0.001167,0
31.658333,-0.380000,-0.003607,0
31.661111,-0.385000,-0.004621,0
31.663889,-0.400000,-0.002971,0
31.666667,-0.375000,0.001662,0
31.669444,-0.365000,0.008516,0
31.672222,-0.345000,0.016340,0
31.675000,-0.355000,0.024231,0
31.677778,-0.350000,0.031990,0
31.680556,-0.350000,0.039763,0
31.683333,-0.330000,0.047458,0
31.686111,-0.315000,0.054580,0
31.688889,-0.310000,0.060628,0
31.691667,-0.305000,0.065622,0
31.694444,-0.315000,0.070176,0
31.697222,-0.315000,0.074998,0
31.700000,-0.300000,0.080251,0
31.702778,-0.275000,0.085417,0
31.705556,-0.280000,0.089828,0
31.708333,-0.285000,0.093270,0
31.711111,-0.290000,0.096024,0
31.713889,-0.285000,0.098355,0
31.716667,-0.270000,0.100079,0
31.719444,-0.270000,0.100655,0
31.722222,-0.275000,0.099658,0
31.725000,-0.275000,0.097182,0
31.727778,-0.285000,0.093841,0
31.730556,-0.290000,0.090421,0
31.733333,-0.295000,0.087437,0
31.736111,-0.285000,0.084960,0
31.738889,-0.285000,0.082857,0
31.741667,-0.285000,0.081278,0
31.744444,-0.300000,0.080855,0
31.747222,-0.300000,0.082330,0
31.750000,-0.295000,0.085819,0
31.752778,-0.290000,0.090298,0
31.755556,-0.270000,0.093780,0
31.758333,-0.270000,0.094105,0
31.761111,-0.285000,0.089829,0
31.763889,-0.300000,0.080604,0
31.766667,-0.315000,0.066939,0
31.769444,-0.320000,0.049821,0
31.772222,-0.330000,0.030623,0
31.775000,-0.360000,0.011253,0
31.777778,-0.390000,-0.006003,0
31.780556,-0.395000,-0.019144,0
31.783333,-0.415000,-0.027280,0
31.786111,-0.395000,-0.030978,0
31.788889,-0.400000,-0.031835,0
31.791667,-0.395000,-0.031567,0
31.794444,-0.405000,-0.031250,0
31.797222,-0.415000,-0.031167,0
31.800000,-0.400000,-0.031180,0
31.802778,-0.405000,-0.031145,0
31.805556,-0.400000,-0.031081,0
31.808333,-0.405000,-0.031129,0
31.811111,-0.405000,-0.031526,0
31.813889,-0.410000,-0.032615,0
31.816667,-0.405000,-0.034779,0
31.819444,-0.400000,-0.038181,0
31.822222,-0.410000,-0.042410,0
31.825000,-0.420000,-0.046407,0
31.827778,-0.430000,-0.048899,0
31.830556,-0.425000,-0.049161,0
31.833333,-0.420000,-0.047556,0
31.836111,-0.405000,-0.045494,0
31.838889,-0.420000,-0.044942,0
31.841667,-0.415000,-0.047902,0
31.844444,-0.435000,-0.056179,0
31.847222,-0.445000,-0.071331,0
31.850000,-0.470000,-0.094491,0
31.852778,-0.500000,-0.125785,0
31.855556,-0.520000,-0.163249,0
31.858333,-0.545000,-0.201524,0
31.861111,-0.595000,-0.231084,0
31.863889,-0.625000,-0.238909,0
31.866667,-0.590000,-0.210789,0
31.869444,-0.490000,-0.134352,0
31.872222,-0.340000,-0.001870,0
31.875000,-0.195000,0.187039,0
31.877778,-0.015000,0.422159,0
31.880556,0.245000,0.679549,0
31.883333,0.520000,0.921382,0
31.886111,0.745000,1.101653,0
31.888889,0.885000,1.177991,1
31.891667,0.880000,1.126120,0
31.894444,0.680000,0.950956,0
31.897222,0.325000,0.688363,0
31.900000,-0.080000,0.395051,0
31.902778,-0.355000,0.130054,0
31.905556,-0.500000,-0.063882,0
31.908333,-0.550000,-0.170783,0
31.911111,-0.535000,-0.200536,0
31.913889,-0.485000,-0.179228,0
31.916667,-0.455000,-0.136498,0
31.919444,-0.440000,-0.095408,0
31.922222,-0.445000,-0.067869,0
31.925000,-0.440000,-0.055577,0
31.927778,-0.445000,-0.054170,0
31.930556,-0.440000,-0.057820,0
31.933333,-0.430000,-0.062261,0
31.936111,-0.425000,-0.065644,0
31.938889,-0.415000,-0.067764,0
31.941667,-0.435000,-0.068855,0
31.944444,-0.450000,-0.069019,0
31.947222,-0.445000,-0.068501,0
31.950000,-0.430000,-0.068109,0
31.952778,-0.425000,-0.069022,0
31.955556,-0.430000,-0.072018,0
31.958333,-0.440000,-0.076826,0
31.961111,-0.460000,-0.082192,0
31.963889,-0.455000,-0.086611,0
31.966667,-0.460000,-0.089142,0
31.969444,-0.455000,-0.089744,0
31.972222,-0.440000,-0.088982,0
31.975000,-0.450000,-0.087433,0
31.977778,-0.455000,-0.085350,0
31.980556,-0.460000,-0.082871,0
31.983333,-0.450000,-0.080475,0
31.986111,-0.435000,-0.079061,0
31.988889,-0.430000,-0.079380,0
31.991667,-0.440000,-0.081306,0
31.994444,-0.460000,-0.083678,0
31.997222,-0.460000,-0.084975,0
32.000000,-0.450000,-0.084271,0
32.002778,-0.440000,-0.081675,0
32.005556,-0.435000,-0.078009,0
32.008333,-0.435000,-0.074181,0
32.011111,-0.440000,-0.070808,0
32.013889,-0.440000,-0.068282,0
32.016667,-0.425000,-0.066980,0
32.019444,-0.425000,-0.067231,0
32.022222,-0.430000,-0.069046,0
32.025000,-0.435000,-0.071957,0
32.027778,-0.445000,-0.075199,0
32.030556,-0.445000,-0.078124,0
32.033333,-0.440000,-0.080475,0
32.036111,-0.435000,-0.082317,0
32.038889,-0.455000,-0.083745,0
32.041667,-0.440000,-0.084724,0
32.044444,-0.455000,-0.085162,0
32.047222,-0.445000,-0.085067,0
32.050000,-0.450000,-0.084626,0
32.052778,-0.440000,-0.084087,0
32.055556,-0.440000,-0.083532,0
32.058333,-0.445000,-0.082726,0
32.061111,-0.450000,-0.081265,0
32.063889,-0.445000,-0.078955,0
32.066667,-0.435000,-0.076091,0
32.069444,-0.430000,-0.073336,0
32.072222,-0.425000,-0.071274,0
32.075000,-0.430000,-0.070044,0
32.077778,-0.440000,-0.069384,0
32.080556,-0.435000,-0.069033,0
32.083333,-0.425000,-0.069069,0
32.086111,-0.430000,-0.069808,0
32.088889,-0.415000,-0.071345,0
32.091667,-0.435000,-0.073188,0
32.094444,-0.450000,-0.074443,0
32.097222,-0.440000,-0.074486,0
32.100000,-0.430000,-0.073511,0
32.102778,-0.425000,-0.072401,0
32.105556,-0.420000,-0.072037,0
32.108333,-0.435000,-0.072720,0
32.111111,-0.445000,-0.074187,0
32.113889,-0.440000,-0.076144,0
32.116667,-0.435000,-0.078676,0
32.119444,-0.430000,-0.082123,0
32.122222,-0.440000,-0.086558,0
32.125000,-0.455000,-0.091489,0
32.127778,-0.460000,-0.096123,0
32.130556,-0.470000,-0.099973,0
32.133333,-0.455000,-0.103237,0
32.136111,-0.455000,-0.106567,0
32.138889,-0.465000,-0.110414,0
32.141667,-0.470000,-0.114546,0
32.144444,-0.485000,-0.118163,0
32.147222,-0.485000,-0.120465,0
32.150000,-0.475000,-0.121190,0
32.152778,-0.475000,-0.120690,0
32.155556,-0.475000,-0.119586,0
32.158333,-0.470000,-0.118344,0
32.161111,-0.480000,-0.117105,0
32.163889,-0.475000,-0.115806,0
32.166667,-0.475000,-0.114409,0
32.169444,-0.460000,-0.112955,0
32.172222,-0.465000,-0.111393,0
32.175000,-0.470000,-0.109425,0
32.177778,-0.465000,-0.106619,0
32.180556,-0.465000,-0.102718,0
32.183333,-0.450000,-0.097803,0
32.186111,-0.445000,-0.092125,0
32.188889,-0.430000,-0.085715,0
32.191667,-0.435000,-0.078150,0
32.194444,-0.435000,-0.068830,0
32.197222,-0.425000,-0.057649,0
32.200000,-0.400000,-0.045515,0
32.202778,-0.380000,-0.034107,0
32.205556,-0.365000,-0.024922,0
32.208333,-0.365000,-0.018323,0
32.211111,-0.390000,-0.013396,0
32.213889,-0.365000,-0.008739,0
32.216667,-0.365000,-0.003462,0
32.219444,-0.340000,0.002422,0
32.222222,-0.345000,0.008362,0
32.225000,-0.330000,0.013865,0
32.227778,-0.350000,0.018761,0
32.230556,-0.335000,0.023008,0
32.233333,-0.320000,0.026411,0
32.236111,-0.325000,0.028664,0
32.238889,-0.320000,0.029680,0
32.241667,-0.315000,0.029852,0
32.244444,-0.335000,0.029943,0
32.247222,-0.330000,0.030626,0
32.250000,-0.320000,0.031999,0
32.252778,-0.315000,0.033532,0
32.255556,-0.310000,0.034517,0
32.258333,-0.315000,0.034614,0
32.261111,-0.325000,0.034010,0
32.263889,-0.330000,0.033078,0
32.266667,-0.315000,0.031927,0
32.269444,-0.320000,0.030308,0
32.272222,-0.320000,0.027943,0
32.275000,-0.320000,0.024932,0
32.277778,-0.335000,0.021846,0
32.280556,-0.345000,0.019394,0
32.283333,-0.330000,0.017949,0
32.286111,-0.330000,0.017383,0
32.288889,-0.325000,0.017353,0
32.291667,-0.335000,0.017659,0
32.294444,-0.345000,0.018254,0
32.297222,-0.335000,0.018927,0
32.300000,-0.325000,0.019131,0
32.302778,-0.325000,0.018271,0
32.305556,-0.335000,0.016208,0
32.308333,-0.335000,0.013490,0
32.311111,-0.345000,0.011093,0
32.313889,-0.345000,0.009887,0
32.316667,-0.345000,0.010185,0
32.319444,-0.330000,0.011694,0
32.322222,-0.325000,0.013884,0
32.325000,-0.340000,0.016405,0
32.327778,-0.335000,0.019132,0
32.330556,-0.335000,0.021824,0
32.333333,-0.325000,0.023862,0
32.336111,-0.315000,0.024456,0
32.338889,-0.315000,0.023221,0
32.341667,-0.335000,0.020568,0
32.344444,-0.340000,0.017495,0
32.347222,-0.340000,0.014903,0
32.350000,-0.330000,0.013063,0
32.352778,-0.340000,0.011648,0
32.355556,-0.325000,0.010210,0
32.358333,-0.335000,0.008663,0
32.361111,-0.355000,0.007329,0
32.363889,-0.350000,0.006499,0
32.366667,-0.340000,0.005935,0
32.369444,-0.335000,0.004914,0
32.372222,-0.340000,0.002817,0
32.375000,-0.340000,-0.000262,0
32.377778,-0.360000,-0.003467,0
32.380556,-0.365000,-0.005741,0
32.383333,-0.355000,-0.006581,0
32.386111,-0.350000,-0.006332,0
32.388889,-0.345000,-0.005805,0
32.391667,-0.345000,-0.005599,0
32.394444,-0.355000,-0.005724,0
32.397222,-0.375000,-0.005838,0
32.400000,-0.345000,-0.005786,0
32.402778,-0.340000,-0.005781,0
32.405556,-0.355000,-0.006072,0
32.408333,-0.350000,-0.006560,0
32.411111,-0.365000,-0.006859,0
32.413889,-0.350000,-0.006653,0
32.416667,-0.355000,-0.005938,0
32.419444,-0.340000,-0.004909,0
32.422222,-0.350000,-0.003664,0
32.425000,-0.350000,-0.002072,0
32.427778,-0.350000,0.000013,0
32.430556,-0.355000,0.002386,0
32.433333,-0.330000,0.004375,0
32.436111,-0.335000,0.005199,0
32.438889,-0.335000,0.004571,0
32.441667,-0.340000,0.002991,0
32.444444,-0.360000,0.001416,0
32.447222,-0.350000,0.000534,0
32.450000,-0.340000,0.000262,0
32.452778,-0.335000,-0.000087,0
32.455556,-0.345000,-0.001176,0
32.458333,-0.345000,-0.003160,0
32.461111,-0.360000,-0.005743,0
32.463889,-0.360000,-0.008597,0
32.466667,-0.355000,-0.011668,0
32.469444,-0.345000,-0.014997,0
32.472222,-0.350000,-0.018203,0
32.475000,-0.375000,-0.020273,0
32.477778,-0.385000,-0.020128,0
32.480556,-0.360000,-0.017556,0
32.483333,-0.355000,-0.013600,0
32.486111,-0.340000,-0.009949,0
32.488889,-0.345000,-0.007847,0
32.491667,-0.350000,-0.007401,0
32.494444,-0.365000,-0.007747,0
32.497222,-0.360000,-0.007838,0
32.500000,-0.345000,-0.007111,0
32.502778,-0.340000,-0.005487,0
32.505556,-0.340000,-0.002854,0
32.508333,-0.340000,0.001331,0
32.511111,-0.345000,0.007828,0
32.513889,-0.335000,0.016911,0
32.516667,-0.325000,0.027758,0
32.519444,-0.290000,0.038551,0
32.522222,-0.280000,0.047401,0
32.525000,-0.285000,0.053466,0
32.527778,-0.295000,0.057376,0
32.530556,-0.290000,0.060671,0
32.533333,-0.275000,0.064807,0
32.536111,-0.275000,0.070494,0
32.538889,-0.260000,0.077614,0
32.541667,-0.250000,0.085492,0
32.544444,-0.260000,0.093183,0
32.547222,-0.245000,0.099618,0
32.550000,-0.230000,0.103757,0
32.552778,-0.230000,0.104940,0
32.555556,-0.240000,0.103280,0
32.558333,-0.240000,0.099705,0
32.561111,-0.250000,0.095537,0
32.563889,-0.265000,0.091843,0
32.566667,-0.250000,0.088992,0
32.569444,-0.245000,0.086829,0
32.572222,-0.235000,0.085389,0
32.575000,-0.250000,0.085491,0
32.577778,-0.280000,0.088344,0
32.580556,-0.270000,0.094187,0
32.583333,-0.240000,0.101100,0
32.586111,-0.220000,0.105340,0
32.588889,-0.210000,0.103242,0
32.591667,-0.235000,0.093354,0
32.594444,-0.285000,0.077202,0
32.597222,-0.290000,0.058227,0
32.600000,-0.315000,0.039881,0
32.602778,-0.310000,0.024284,0
32.605556,-0.310000,0.012099,0
32.608333,-0.340000,0.003159,0
32.611111,-0.360000,-0.003042,0
32.613889,-0.345000,-0.007306,0
32.616667,-0.345000,-0.010687,0
32.619444,-0.340000,-0.014052,0
32.622222,-0.365000,-0.017558,0
32.625000,-0.355000,-0.020620,0
32.627778,-0.380000,-0.022477,0
32.630556,-0.365000,-0.022906,0
32.633333,-0.355000,-0.022517,0
32.636111,-0.360000,-0.022387,0
32.638889,-0.355000,-0.023324,0
32.641667,-0.360000,-0.025334,0
32.644444,-0.375000,-0.027659,0
32.647222,-0.380000,-0.029359,0
32.650000,-0.370000,-0.029998,0
32.652778,-0.365000,-0.029872,0
32.655556,-0.360000,-0.029588,0
32.658333,-0.360000,-0.029426,0
32.661111,-0.375000,-0.029071,0
32.663889,-0.375000,-0.028016,0
32.666667,-0.375000,-0.026333,0
32.669444,-0.355000,-0.025155,0
32.672222,-0.365000,-0.026505,0
32.675000,-0.365000,-0.032650,0
32.677778,-0.390000,-0.045492,0
32.680556,-0.415000,-0.066249,0
32.683333,-0.430000,-0.095232,0
32.686111,-0.470000,-0.131379,0
32.688889,-0.500000,-0.171435,0
32.691667,-0.525000,-0.209192,0
32.694444,-0.580000,-0.235406,0
32.697222,-0.600000,-0.238901,0
32.700000,-0.560000,-0.208539,0
32.702778,-0.445000,-0.134960,0
32.705556,-0.305000,-0.011458,0
32.708333,-0.160000,0.165020,0
32.711111,-0.005000,0.391015,0
32.713889,0.230000,0.651795,0
32.716667,0.535000,0.917685,0
32.719444,0.795000,1.145639,0
32.722222,0.985000,1.288009,0
32.725000,1.050000,1.306592,1
32.727778,0.975000,1.187096,0
32.730556,0.715000,0.947953,0
32.733333,0.270000,0.638281,0
32.736111,-0.145000,0.323611,0
32.738889,-0.410000,0.064306,0
32.741667,-0.520000,-0.103553,0
32.744444,-0.500000,-0.176075,0
32.747222,-0.435000,-0.175900,0
32.750000,-0.390000,-0.137721,0
32.752778,-0.390000,-0.093134,0
32.755556,-0.400000,-0.061411,0
32.758333,-0.410000,-0.048172,0
32.761111,-0.420000,-0.049699,0
32.763889,-0.415000,-0.058886,0
32.766667,-0.405000,-0.069655,0
32.769444,-0.410000,-0.078675,0
32.772222,-0.415000,-0.084970,0
32.775000,-0.420000,-0.088768,0
32.777778,-0.435000,-0.090634,0
32.780556,-0.435000,-0.091184,0
32.783333,-0.425000,-0.091093,0
32.786111,-0.420000,-0.090950,0
32.788889,-0.425000,-0.090949,0
32.791667,-0.430000,-0.090746,0
32.794444,-0.435000,-0.089774,0
32.797222,-0.430000,-0.087812,0
32.800000,-0.425000,-0.085356,0
32.802778,-0.410000,-0.083438,0
32.805556,-0.415000,-0.083008,0
32.808333,-0.420000,-0.084359,0
32.811111,-0.430000,-0.087032,0
32.813889,-0.435000,-0.090232,0
32.816667,-0.430000,-0.093325,0
32.819444,-0.425000,-0.095985,0
32.822222,-0.430000,-0.097972,0
32.825000,-0.440000,-0.098917,0
32.827778,-0.440000,-0.098446,0
32.830556,-0.440000,-0.096573,0
32.833333,-0.430000,-0.093929,0
32.836111,-0.420000,-0.091555,0
32.838889,-0.425000,-0.090346,0
32.841667,-0.425000,-0.090575,0
32.844444,-0.435000,-0.091833,0
32.847222,-0.430000,-0.093353,0
32.850000,-0.435000,-0.094434,0
32.852778,-0.430000,-0.094687,0
32.855556,-0.425000,-0.094018,0
32.858333,-0.430000,-0.092505,0
32.861111,-0.435000,-0.090364,0
32.863889,-0.425000,-0.088039,0
32.866667,-0.420000,-0.086214,0
32.869444,-0.420000,-0.085570,0
32.872222,-0.420000,-0.086423,0
32.875000,-0.420000,-0.088528,0
32.877778,-0.440000,-0.091223,0
32.880556,-0.435000,-0.093849,0
32.883333,-0.430000,-0.096095,0
32.886111,-0.425000,-0.097950,0
32.888889,-0.435000,-0.099359,0
32.891667,-0.440000,-0.100043,0
32.894444,-0.445000,-0.099716,0
32.897222,-0.435000,-0.098484,0
32.900000,-0.435000,-0.096979,0
32.902778,-0.425000,-0.096037,0
32.905556,-0.425000,-0.096150,0
32.908333,-0.435000,-0.097097,0
32.911111,-0.445000,-0.098103,0
32.913889,-0.435000,-0.098412,0
32.916667,-0.445000,-0.097807,0
32.919444,-0.420000,-0.096656,0
32.922222,-0.425000,-0.095459,0
32.925000,-0.430000,-0.094339,0
32.927778,-0.440000,-0.092979,0
32.930556,-0.435000,-0.091064,0
32.933333,-0.420000,-0.088734,0
32.936111,-0.420000,-0.086581,0
32.938889,-0.420000,-0.085229,0
32.941667,-0.415000,-0.084934,0
32.944444,-0.430000,-0.085530,0
32.947222,-0.430000,-0.086730,0
32.950000,-0.430000,-0.088493,0
32.952778,-0.415000,-0.091048,0
32.955556,-0.425000,-0.094492,0
32.958333,-0.435000,-0.098386,0
32.961111,-0.450000,-0.101837,0
32.963889,-0.445000,-0.104055,0
32.966667,-0.440000,-0.104842,0
32.969444,-0.435000,-0.104588,0
32.972222,-0.440000,-0.103847,0
32.975000,-0.435000,-0.102923,0
32.977778,-0.445000,-0.101771,0
32.980556,-0.440000,-0.100226,0
32.983333,-0.440000,-0.098285,0
32.986111,-0.425000,-0.096146,0
32.988889,-0.425000,-0.093920,0
32.991667,-0.425000,-0.091312,0
32.994444,-0.430000,-0.087664,0
32.997222,-0.435000,-0.082445,0
33.000000,-0.410000,-0.075781,0
33.002778,-0.395000,-0.068474,0
33.005556,-0.395000,-0.061425,0
33.008333,-0.390000,-0.054991,0
33.011111,-0.385000,-0.048812,0
33.013889,-0.390000,-0.042190,0
33.016667,-0.380000,-0.034686,0
33.019444,-0.355000,-0.026424,0
33.022222,-0.340000,-0.017849,0
33.025000,-0.350000,-0.009228,0
33.027778,-0.345000,-0.000540,0
33.030556,-0.340000,0.008090,0
33.033333,-0.320000,0.015928,0
33.036111,-0.310000,0.021741,0
33.038889,-0.300000,0.024519,0
33.041667,-0.305000,0.024245,0
33.044444,-0.330000,0.022039,0
33.047222,-0.325000,0.019506,0
33.050000,-0.320000,0.017825,0
33.052778,-0.320000,0.017295,0
33.055556,-0.305000,0.017575,0
33.058333,-0.325000,0.018196,0
33.061111,-0.325000,0.018843,0
33.063889,-0.315000,0.019293,0
33.066667,-0.320000,0.019302,0
33.069444,-0.315000,0.018695,0
33.072222,-0.315000,0.017572,0
33.075000,-0.320000,0.016409,0
33.077778,-0.330000,0.015866,0
33.080556,-0.325000,0.016359,0
33.083333,-0.320000,0.017716,0
33.086111,-0.315000,0.019236,0
33.088889,-0.310000,0.020109,0
33.091667,-0.315000,0.019883,0
33.094444,-0.330000,0.018584,0
33.097222,-0.320000,0.016454,0
33.100000,-0.330000,0.013631,0
33.102778,-0.320000,0.010129,0
33.105556,-0.320000,0.006127,0
33.108333,-0.340000,0.002231,0
33.111111,-0.350000,-0.000716,0
33.113889,-0.345000,-0.002198,0
33.116667,-0.335000,-0.002433,0
33.119444,-0.335000,-0.002210,0
33.122222,-0.340000,-0.002325,0
33.125000,-0.335000,-0.003134,0
33.127778,-0.345000,-0.004491,0
33.130556,-0.360000,-0.006087,0
33.133333,-0.345000,-0.007868,0
33.136111,-0.335000,-0.010073,0
33.138889,-0.345000,-0.012815,0
33.141667,-0.355000,-0.015669,0
33.144444,-0.370000,-0.017829,0
33.147222,-0.360000,-0.018724,0
33.150000,-0.355000,-0.018461,0
33.152778,-0.345000,-0.017671,0
33.155556,-0.355000,-0.016968,0
33.158333,-0.355000,-0.016568,0
33.161111,-0.365000,-0.016392,0
33.163889,-0.355000,-0.016428,0
33.166667,-0.355000,-0.016944,0
33.169444,-0.350000,-0.018303,0
33.172222,-0.355000,-0.020576,0
33.175000,-0.360000,-0.023336,0
33.177778,-0.380000,-0.025905,0
33.180556,-0.370000,-0.027884,0
33.183333,-0.365000,-0.029464,0
33.186111,-0.360000,-0.031160,0
33.188889,-0.365000,-0.033180,0
33.191667,-0.380000,-0.035074,0
33.194444,-0.380000,-0.035995,0
33.197222,-0.385000,-0.035388,0
33.200000,-0.370000,-0.033483,0
33.202778,-0.365000,-0.031184,0
33.205556,-0.360000,-0.029445,0
33.208333,-0.365000,-0.028632,0
33.211111,-0.375000,-0.028384,0
33.213889,-0.375000,-0.028049,0
33.216667,-0.370000,-0.027276,0
33.219444,-0.360000,-0.026235,0
33.222222,-0.355000,-0.025311,0
33.225000,-0.365000,-0.024634,0
33.227778,-0.370000,-0.023953,0
33.230556,-0.370000,-0.022945,0
33.233333,-0.360000,-0.021599,0
33.236111,-0.355000,-0.020222,0
33.238889,-0.350000,-0.019064,0
33.241667,-0.355000,-0.017969,0
33.244444,-0.375000,-0.016493,0
33.247222,-0.355000,-0.014437,0
33.250000,-0.355000,-0.012255,0
33.252778,-0.340000,-0.010838,0
33.255556,-0.340000,-0.010824,0
33.258333,-0.355000,-0.012036,0
33.261111,-0.365000,-0.013616,0
33.263889,-0.365000,-0.014719,0
33.266667,-0.350000,-0.015137,0
33.269444,-0.350000,-0.015271,0
33.272222,-0.350000,-0.015579,0
33.275000,-0.355000,-0.016073,0
33.277778,-0.365000,-0.016322,0
33.280556,-0.370000,-0.015915,0
33.283333,-0.350000,-0.014877,0
33.286111,-0.345000,-0.013550,0
33.288889,-0.345000,-0.012013,0
33.291667,-0.350000,-0.009646,0
33.294444,-0.360000,-0.005373,0
33.297222,-0.350000,0.001543,0
33.300000,-0.325000,0.010846,0
33.302778,-0.320000,0.021345,0
33.305556,-0.295000,0.031646,0
33.308333,-0.295000,0.040948,0
33.311111,-0.310000,0.049284,0
33.313889,-0.285000,0.057093,0
33.316667,-0.280000,0.064618,0
33.319444,-0.265000,0.071747,0
33.322222,-0.250000,0.078326,0
33.325000,-0.260000,0.084497,0
33.327778,-0.265000,0.090564,0
33.330556,-0.255000,0.096411,0
33.333333,-0.240000,0.101094,0
33.336111,-0.225000,0.103189,0
33.338889,-0.230000,0.101750,0
33.341667,-0.245000,0.097082,0
33.344444,-0.265000,0.090649,0
33.347222,-0.265000,0.084215,0
33.350000,-0.265000,0.078926,0
33.352778,-0.270000,0.075032,0
33.355556,-0.255000,0.072350,0
33.358333,-0.260000,0.071015,0
33.361111,-0.275000,0.071825,0
33.363889,-0.285000,0.075689,0
33.366667,-0.275000,0.082469,0
33.369444,-0.260000,0.090203,0
33.372222,-0.225000,0.095576,0
33.375000,-0.230000,0.095532,0
33.377778,-0.250000,0.088880,0
33.380556,-0.285000,0.076708,0
33.383333,-0.300000,0.061435,0
33.386111,-0.285000,0.045550,0
33.388889,-0.300000,0.031053,0
33.391667,-0.325000,0.019560,0
33.394444,-0.345000,0.012267,0
33.397222,-0.345000,0.009423,0
33.400000,-0.335000,0.009857,0
33.402778,-0.325000,0.011274,0
33.405556,-0.320000,0.011303,0
33.408333,-0.330000,0.008630,0
33.411111,-0.350000,0.003442,0
33.413889,-0.355000,-0.003053,0
33.416667,-0.360000,-0.009539,0
33.419444,-0.355000,-0.015216,0
33.422222,-0.360000,-0.019825,0
33.425000,-0.365000,-0.023323,0
33.427778,-0.375000,-0.025671,0
33.430556,-0.380000,-0.026962,0
33.433333,-0.375000,-0.027668,0
33.436111,-0.370000,-0.028639,0
33.438889,-0.370000,-0.030674,0
33.441667,-0.370000,-0.033980,0
33.444444,-0.395000,-0.037961,0
33.447222,-0.395000,-0.041567,0
33.450000,-0.385000,-0.043883,0
33.452778,-0.390000,-0.044471,0
33.455556,-0.390000,-0.043324,0
33.458333,-0.380000,-0.040687,0
33.461111,-0.390000,-0.037008,0
33.463889,-0.380000,-0.033075,0
33.466667,-0.385000,-0.030232,0
33.469444,-0.370000,-0.030415,0
33.472222,-0.380000,-0.035889,0
33.475000,-0.400000,-0.048797,0
33.477778,-0.425000,-0.070779,0
33.480556,-0.460000,-0.102611,0
33.483333,-0.500000,-0.143485,0
33.486111,-0.505000,-0.189589,0
33.488889,-0.540000,-0.232294,0
33.491667,-0.595000,-0.257276,0
33.494444,-0.615000,-0.246160,0
33.497222,-0.535000,-0.180970,0
33.500000,-0.390000,-0.049955,0
33.502778,-0.225000,0.146927,0
33.505556,-0.025000,0.393847,0
33.508333,0.235000,0.657427,0
33.511111,0.510000,0.889876,0
33.513889,0.745000,1.039003,0
33.516667,0.850000,1.064159,1
33.519444,0.760000,0.952635,0
33.522222,0.450000,0.728348,0
33.525000,0.020000,0.446481,0
33.527778,-0.350000,0.174430,0
33.530556,-0.530000,-0.032519,0
33.533333,-0.525000,-0.148740,0
33.536111,-0.460000,-0.181027,0
33.538889,-0.415000,-0.157613,0
33.541667,-0.395000,-0.111707,0
33.544444,-0.415000,-0.068600,0
33.547222,-0.415000,-0.040788,0
33.550000,-0.410000,-0.029998,0
33.552778,-0.390000,-0.032089,0
33.555556,-0.385000,-0.041258,0
33.558333,-0.400000,-0.052306,0
33.561111,-0.425000,-0.061536,0
33.563889,-0.425000,-0.067119,0
33.566667,-0.415000,-0.069100,0
33.569444,-0.415000,-0.068811,0
33.572222,-0.405000,-0.067853,0
33.575000,-0.425000,-0.067233,0
33.577778,-0.425000,-0.067163,0
33.580556,-0.420000,-0.067414,0
33.583333,-0.420000,-0.067744,0
33.586111,-0.420000,-0.068017,0
33.588889,-0.410000,-0.068040,0
33.591667,-0.420000,-0.067397,0
33.594444,-0.425000,-0.065565,0
33.597222,-0.425000,-0.062343,0
33.600000,-0.410000,-0.058229,0
33.602778,-0.400000,-0.054295,0
33.605556,-0.395000,-0.051545,0
33.608333,-0.400000,-0.050251,0
33.611111,-0.410000,-0.049849,0
33.613889,-0.415000,-0.049483,0
33.616667,-0.405000,-0.048723,0
33.619444,-0.395000,-0.047799,0
33.622222,-0.385000,-0.047176,0
33.625000,-0.405000,-0.046923,0
33.627778,-0.410000,-0.046568,0
33.630556,-0.400000,-0.045546,0
33.633333,-0.405000,-0.043755,0
33.636111,-0.390000,-0.041700,0
33.638889,-0.390000,-0.040157,0
33.641667,-0.390000,-0.039675,0
33.644444,-0.400000,-0.040310,0
33.647222,-0.405000,-0.041770,0
33.650000,-0.395000,-0.043738,0
33.652778,-0.400000,-0.046008,0
33.655556,-0.400000,-0.048347,0
33.658333,-0.400000,-0.050322,0
33.661111,-0.420000,-0.051398,0
33.663889,-0.415000,-0.051292,0
33.666667,-0.400000,-0.050242,0
33.669444,-0.395000,-0.048821,0
33.672222,-0.400000,-0.047426,0
33.675000,-0.410000,-0.046015,0
33.677778,-0.410000,-0.044386,0
33.680556,-0.400000,-0.042682,0
33.683333,-0.400000,-0.041527,0
33.686111,-0.385000,-0.041626,0
33.688889,-0.395000,-0.043101,0
33.691667,-0.405000,-0.045170,0
33.694444,-0.415000,-0.046515,0
33.697222,-0.410000,-0.046100,0
33.700000,-0.405000,-0.043809,0
33.702778,-0.385000,-0.040414,0
33.705556,-0.390000,-0.036966,0
33.708333,-0.395000,-0.034217,0
33.711111,-0.405000,-0.032531,0
33.713889,-0.390000,-0.032187,0
33.716667,-0.385000,-0.033501,0
33.719444,-0.390000,-0.036526,0
33.722222,-0.395000,-0.040666,0
33.725000,-0.410000,-0.044715,0
33.727778,-0.415000,-0.047460,0
33.730556,-0.420000,-0.048458,0
33.733333,-0.405000,-0.048391,0
33.736111,-0.395000,-0.048622,0
33.738889,-0.400000,-0.050211,0
33.741667,-0.415000,-0.053169,0
33.744444,-0.430000,-0.056571,0
33.747222,-0.430000,-0.059377,0
33.750000,-0.420000,-0.061197,0
33.752778,-0.410000,-0.062327,0
33.755556,-0.420000,-0.063194,0
33.758333,-0.435000,-0.063865,0
33.761111,-0.425000,-0.064082,0
33.763889,-0.430000,-0.063629,0
33.766667,-0.425000,-0.062559,0
33.769444,-0.415000,-0.061084,0
33.772222,-0.415000,-0.059270,0
33.775000,-0.425000,-0.056894,0
33.777778,-0.425000,-0.053708,0
33.780556,-0.420000,-0.049916,0
33.783333,-0.405000,-0.046358,0
33.786111,-0.395000,-0.044050,0
33.788889,-0.400000,-0.043384,0
33.791667,-0.405000,-0.043660,0
33.794444,-0.425000,-0.043408,0
33.797222,-0.410000,-0.041280,0
33.800000,-0.395000,-0.036790,0
33.802778,-0.390000,-0.030349,0
33.805556,-0.385000,-0.022783,0
33.808333,-0.380000,-0.014858,0
33.811111,-0.375000,-0.007145,0
33.813889,-0.370000,-0.000118,0
33.816667,-0.355000,0.005789,0
33.819444,-0.350000,0.010347,0
33.822222,-0.345000,0.013790,0
33.825000,-0.350000,0.016843,0
33.827778,-0.360000,0.020299,0
33.830556,-0.350000,0.024355,0
33.833333,-0.330000,0.028303,0
33.836111,-0.330000,0.030983,0
33.838889,-0.315000,0.031730,0
33.841667,-0.340000,0.031020,0
33.844444,-0.355000,0.030189,0
33.847222,-0.345000,0.030431,0
33.850000,-0.330000,0.031960,0
33.852778,-0.325000,0.034054,0
33.855556,-0.325000,0.035823,0
33.858333,-0.325000,0.036906,0
33.861111,-0.345000,0.037529,0
33.863889,-0.340000,0.037945,0
33.866667,-0.325000,0.037903,0
33.869444,-0.325000,0.036690,0
33.872222,-0.325000,0.033731,0
33.875000,-0.340000,0.029105,0
33.877778,-0.365000,0.023465,0
33.880556,-0.350000,0.017507,0
33.883333,-0.350000,0.011637,0
33.886111,-0.355000,0.006172,0
33.888889,-0.365000,0.001740,0
33.891667,-0.380000,-0.000765,0
33.894444,-0.380000,-0.000755,0
33.897222,-0.375000,0.001407,0
33.900000,-0.360000,0.004357,0
33.902778,-0.350000,0.006439,0
33.905556,-0.355000,0.006704,0
33.908333,-0.375000,0.005410,0
33.911111,-0.380000,0.003633,0
33.913889,-0.365000,0.002386,0
33.916667,-0.375000,0.002032,0
33.919444,-0.360000,0.002327,0
33.922222,-0.365000,0.002874,0
33.925000,-0.370000,0.003515,0
33.927778,-0.370000,0.004363,0
33.930556,-0.375000,0.005506,0
33.933333,-0.365000,0.006694,0
33.936111,-0.360000,0.007350,0
33.938889,-0.360000,0.006888,0
33.941667,-0.375000,0.005057,0
33.944444,-0.370000,0.001987,0
33.947222,-0.380000,-0.001990,0
33.950000,-0.380000,-0.006489,0
33.952778,-0.380000,-0.011031,0
33.955556,-0.375000,-0.014885,0
33.958333,-0.405000,-0.017095,0
33.961111,-0.400000,-0.016953,0
33.963889,-0.395000,-0.014655,0
33.966667,-0.385000,-0.011510,0
33.969444,-0.370000,-0.009367,0
33.972222,-0.380000,-0.009612,0
33.975000,-0.385000,-0.012441,0
33.977778,-0.405000,-0.016924,0
33.980556,-0.405000,-0.021716,0
33.983333,-0.395000,-0.025755,0
33.986111,-0.400000,-0.028478,0
33.988889,-0.405000,-0.029618,0
33.991667,-0.410000,-0.029050,0
33.994444,-0.405000,-0.026902,0
33.997222,-0.405000,-0.023752,0
34.000000,-0.400000,-0.020642,0
34.002778,-0.390000,-0.018734,0
34.005556,-0.385000,-0.018730,0
34.008333,-0.395000,-0.020393,0
34.011111,-0.410000,-0.022614,0
34.013889,-0.415000,-0.024115,0
34.016667,-0.400000,-0.024260,0
34.019444,-0.400000,-0.023325,0
34.022222,-0.390000,-0.022080,0
34.025000,-0.395000,-0.021141,0
34.027778,-0.415000,-0.020692,0
34.030556,-0.400000,-0.020711,0
34.033333,-0.400000,-0.021306,0
34.036111,-0.400000,-0.022717,0
34.038889,-0.400000,-0.024973,0
34.041667,-0.400000,-0.027560,0
34.044444,-0.420000,-0.029436,0
34.047222,-0.410000,-0.029464,0
34.050000,-0.415000,-0.027024,0
34.052778,-0.405000,-0.022360,0
34.055556,-0.385000,-0.016446,0
34.058333,-0.390000,-0.010489,0
34.061111,-0.395000,-0.005489,0
34.063889,-0.390000,-0.002131,0
34.066667,-0.375000,-0.000787,0
34.069444,-0.375000,-0.001313,0
34.072222,-0.380000,-0.002731,0
34.075000,-0.390000,-0.003297,0
34.077778,-0.395000,-0.001160,0
34.080556,-0.380000,0.004691,0
34.083333,-0.380000,0.013840,0
34.086111,-0.345000,0.024617,0
34.088889,-0.335000,0.034962,0
34.091667,-0.345000,0.043390,0
34.094444,-0.335000,0.049396,0
34.097222,-0.345000,0.053148,0
34.100000,-0.325000,0.054991,0
34.102778,-0.320000,0.055318,0
34.105556,-0.320000,0.054831,0
34.108333,-0.335000,0.054704,0
34.111111,-0.345000,0.056177,0
34.113889,-0.330000,0.059814,0
34.116667,-0.310000,0.065126,0
34.119444,-0.310000,0.070970,0
34.122222,-0.300000,0.076335,0
34.125000,-0.310000,0.080822,0
34.127778,-0.315000,0.084460,0
34.130556,-0.300000,0.087199,0
34.133333,-0.290000,0.088654,0
34.136111,-0.290000,0.088400,0
34.138889,-0.305000,0.086436,0
34.141667,-0.305000,0.083318,0
34.144444,-0.310000,0.079894,0
34.147222,-0.315000,0.076951,0
34.150000,-0.305000,0.075078,0
34.152778,-0.300000,0.074773,0
34.155556,-0.320000,0.076465,0
34.158333,-0.320000,0.080138,0
34.161111,-0.315000,0.084678,0
34.163889,-0.300000,0.087666,0
34.166667,-0.285000,0.086141,0
34.169444,-0.295000,0.078055,0
34.172222,-0.330000,0.063439,0
34.175000,-0.345000,0.044435,0
34.177778,-0.380000,0.024206,0
34.180556,-0.395000,0.005469,0
34.183333,-0.400000,-0.010423,0
34.186111,-0.395000,-0.023391,0
34.188889,-0.420000,-0.033790,0
34.191667,-0.435000,-0.041661,0
34.194444,-0.445000,-0.046703,0
34.197222,-0.445000,-0.048785,0
34.200000,-0.440000,-0.048383,0
34.202778,-0.430000,-0.046485,0
34.205556,-0.425000,-0.044069,0
34.208333,-0.435000,-0.041650,0
34.211111,-0.445000,-0.039334,0
34.213889,-0.435000,-0.037323,0
34.216667,-0.425000,-0.036233,0
34.219444,-0.415000,-0.036793,0
34.222222,-0.425000,-0.039130,0
34.225000,-0.440000,-0.042373,0
34.227778,-0.445000,-0.045044,0
34.230556,-0.450000,-0.045939,0
34.233333,-0.435000,-0.044832,0
34.236111,-0.430000,-0.042485,0
34.238889,-0.425000,-0.040055,0
34.241667,-0.425000,-0.038475,0
34.244444,-0.445000,-0.038378,0
34.247222,-0.450000,-0.040635,0
34.250000,-0.445000,-0.046944,0
34.252778,-0.440000,-0.059684,0
34.255556,-0.470000,-0.080861,0
34.258333,-0.505000,-0.110803,0
34.261111,-0.545000,-0.147340,0
34.263889,-0.570000,-0.185703,0
34.266667,-0.595000,-0.218993,0
34.269444,-0.645000,-0.239308,0
34.272222,-0.670000,-0.239738,0
34.275000,-0.640000,-0.216644,0
34.277778,-0.570000,-0.170680,0
34.280556,-0.470000,-0.105275,0
34.283333,-0.370000,-0.023059,0
34.286111,-0.290000,0.077448,0
34.288889,-0.190000,0.202177,0
34.291667,-0.070000,0.357707,0
34.294444,0.085000,0.544561,0
34.297222,0.300000,0.750786,0
34.300000,0.515000,0.949426,0
34.302778,0.700000,1.102309,0
34.305556,0.820000,1.170078,1
34.308333,0.840000,1.125744,0
34.311111,0.690000,0.966793,0
34.313889,0.335000,0.719905,0
34.316667,-0.040000,0.434508,0
34.319444,-0.335000,0.166873,0
34.322222,-0.520000,-0.038127,0
34.325000,-0.590000,-0.159359,0
34.327778,-0.580000,-0.201456,0
34.330556,-0.530000,-0.187476,0
34.333333,-0.490000,-0.146914,0
34.336111,-0.475000,-0.104705,0
34.338889,-0.470000,-0.075141,0
34.341667,-0.485000,-0.061606,0
34.344444,-0.490000,-0.060365,0
34.347222,-0.480000,-0.065480,0
34.350000,-0.475000,-0.072326,0
34.352778,-0.470000,-0.078727,0
34.355556,-0.475000,-0.084233,0
34.358333,-0.480000,-0.088822,0
34.361111,-0.500000,-0.092122,0
34.363889,-0.505000,-0.093540,0
34.366667,-0.505000,-0.092916,0
34.369444,-0.485000,-0.090891,0
34.372222,-0.475000,-0.088564,0
34.375000,-0.485000,-0.086735,0
34.377778,-0.500000,-0.085541,0
34.380556,-0.500000,-0.084795,0
34.383333,-0.485000,-0.084530,0
34.386111,-0.470000,-0.084999,0
34.388889,-0.485000,-0.086112,0
34.391667,-0.495000,-0.087022,0
34.394444,-0.495000,-0.086434,0
34.397222,-0.495000,-0.083422,0
34.400000,-0.480000,-0.078107,0
34.402778,-0.480000,-0.071744,0
34.405556,-0.460000,-0.066203,0
34.408333,-0.460000,-0.063151,0
34.411111,-0.470000,-0.063380,0
34.413889,-0.475000,-0.066649,0
34.416667,-0.480000,-0.071993,0
34.419444,-0.475000,-0.078130,0
34.422222,-0.490000,-0.083732,0
34.425000,-0.490000,-0.087621,0
34.427778,-0.505000,-0.089081,0
34.430556,-0.500000,-0.088202,0
34.433333,-0.485000,-0.085931,0
34.436111,-0.480000,-0.083584,0
34.438889,-0.485000,-0.082066,0
34.441667,-0.480000,-0.081367,0
34.444444,-0.500000,-0.080728,0
34.447222,-0.495000,-0.079335,0
34.450000,-0.480000,-0.077002,0
34.452778,-0.475000,-0.074278,0
34.455556,-0.475000,-0.071972,0
34.458333,-0.470000,-0.070574,0
34.461111,-0.490000,-0.070062,0
34.463889,-0.475000,-0.070139,0
34.466667,-0.480000,-0.070580,0
34.469444,-0.470000,-0.071350,0
34.472222,-0.485000,-0.072504,0
34.475000,-0.480000,-0.074102,0
34.477778,-0.490000,-0.076256,0
34.480556,-0.485000,-0.079169,0
34.483333,-0.490000,-0.083011,0
34.486111,-0.490000,-0.087616,0
34.488889,-0.495000,-0.092190,0
34.491667,-0.500000,-0.095335,0
34.494444,-0.515000,-0.095549,0
34.497222,-0.515000,-0.092119,0
34.500000,-0.495000,-0.085824,0
34.502778,-0.485000,-0.078854,0
34.505556,-0.465000,-0.073817,0
34.508333,-0.475000,-0.072436,0
34.511111,-0.490000,-0.074804,0
34.513889,-0.495000,-0.079630,0
34.516667,-0.500000,-0.085121,0
34.519444,-0.495000,-0.089813,0
34.522222,-0.500000,-0.092943,0
34.525000,-0.510000,-0.094452,0
34.527778,-0.505000,-0.094905,0
34.530556,-0.510000,-0.095341,0
34.533333,-0.500000,-0.096948,0
34.536111,-0.505000,-0.100526,0
34.538889,-0.510000,-0.106011,0
34.541667,-0.525000,-0.112428,0
34.544444,-0.545000,-0.118444,0
34.547222,-0.540000,-0.123179,0
34.550000,-0.530000,-0.126637,0
34.552778,-0.530000,-0.129369,0
34.555556,-0.535000,-0.131711,0
34.558333,-0.550000,-0.133373,0
34.561111,-0.560000,-0.133762,0
34.563889,-0.545000,-0.132694,0
34.566667,-0.540000,-0.130769,0
34.569444,-0.535000,-0.129037,0
34.572222,-0.530000,-0.128229,0
34.575000,-0.540000,-0.128183,0
34.577778,-0.545000,-0.127877,0
34.580556,-0.550000,-0.126036,0
34.583333,-0.530000,-0.121827,0
34.586111,-0.525000,-0.115139,0
34.588889,-0.515000,-0.106332,0
34.591667,-0.500000,-0.095833,0
34.594444,-0.510000,-0.083993,0
34.597222,-0.490000,-0.071277,0
34.600000,-0.465000,-0.058472,0
34.602778,-0.455000,-0.046506,0
34.605556,-0.440000,-0.035961,0
34.608333,-0.440000,-0.026766,0
34.611111,-0.450000,-0.018432,0
34.613889,-0.425000,-0.010637,0
34.616667,-0.410000,-0.003565,0
34.619444,-0.400000,0.002386,0
34.622222,-0.405000,0.007161,0
34.625000,-0.410000,0.011219,0
34.627778,-0.405000,0.015124,0
34.630556,-0.400000,0.018975,0
34.633333,-0.385000,0.022242,0
34.636111,-0.385000,0.024190,0
34.638889,-0.380000,0.024538,0
34.641667,-0.390000,0.023821,0
34.644444,-0.405000,0.023109,0
34.647222,-0.400000,0.023266,0
34.650000,-0.385000,0.024382,0
34.652778,-0.380000,0.025899,0
34.655556,-0.380000,0.027289,0
34.658333,-0.380000,0.028609,0
34.661111,-0.400000,0.030384,0
34.663889,-0.395000,0.032885,0
34.666667,-0.380000,0.035482,0
34.669444,-0.365000,0.036821,0
34.672222,-0.360000,0.035801,0
34.675000,-0.385000,0.032545,0
34.677778,-0.400000,0.028422,0
34.680556,-0.400000,0.025108,0
34.683333,-0.395000,0.023513,0
34.686111,-0.380000,0.023467,0
34.688889,-0.385000,0.024224,0
34.691667,-0.390000,0.025166,0
34.694444,-0.395000,0.026072,0
34.697222,-0.395000,0.026865,0
34.700000,-0.390000,0.027268,0
34.702778,-0.380000,0.026795,0
34.705556,-0.385000,0.025111,0
34.708333,-0.395000,0.022376,0
34.711111,-0.405000,0.019193,0
34.713889,-0.400000,0.016200,0
34.716667,-0.405000,0.013719,0
34.719444,-0.395000,0.011753,0
34.722222,-0.405000,0.010244,0
34.725000,-0.405000,0.009262,0
34.727778,-0.420000,0.008867,0
34.730556,-0.410000,0.008781,0
34.733333,-0.405000,0.008283,0
34.736111,-0.400000,0.006588,0
34.738889,-0.405000,0.003477,0
34.741667,-0.420000,-0.000399,0
34.744444,-0.435000,-0.003883,0
34.747222,-0.425000,-0.006098,0
34.750000,-0.425000,-0.006974,0
34.752778,-0.410000,-0.007079,0
34.755556,-0.420000,-0.006976,0
34.758333,-0.425000,-0.006743,0
34.761111,-0.430000,-0.006071,0
34.763889,-0.430000,-0.004808,0
34.766667,-0.425000,-0.003375,0
34.769444,-0.400000,-0.002594,0
34.772222,-0.415000,-0.003031,0
34.775000,-0.425000,-0.004447,0
34.777778,-0.430000,-0.005959,0
34.780556,-0.435000,-0.006760,0
34.783333,-0.420000,-0.006720,0
34.786111,-0.415000,-0.006377,0
34.788889,-0.420000,-0.006404,0
34.791667,-0.425000,-0.007102,0
34.794444,-0.430000,-0.008340,0
34.797222,-0.435000,-0.009872,0
34.800000,-0.425000,-0.011634,0
34.802778,-0.425000,-0.013708,0
34.805556,-0.430000,-0.016007,0
34.808333,-0.435000,-0.018085,0
34.811111,-0.445000,-0.019328,0
34.813889,-0.445000,-0.019430,0
34.816667,-0.435000,-0.018705,0
34.819444,-0.425000,-0.017891,0
34.822222,-0.425000,-0.017527,0
34.825000,-0.440000,-0.017488,0
34.827778,-0.445000,-0.017155,0
34.830556,-0.440000,-0.016063,0
34.833333,-0.430000,-0.014396,0
34.836111,-0.425000,-0.012848,0
34.838889,-0.415000,-0.011999,0
34.841667,-0.435000,-0.011798,0
34.844444,-0.440000,-0.011653,0
34.847222,-0.435000,-0.011031,0
34.850000,-0.425000,-0.009968,0
34.852778,-0.420000,-0.008978,0
34.855556,-0.415000,-0.008499,0
34.858333,-0.435000,-0.008463,0
34.861111,-0.430000,-0.008405,0
34.863889,-0.435000,-0.007969,0
34.866667,-0.420000,-0.007268,0
34.869444,-0.415000,-0.006745,0
34.872222,-0.425000,-0.006701,0
34.875000,-0.425000,-0.007008,0
34.877778,-0.430000,-0.007257,0
34.880556,-0.435000,-0.007182,0
34.883333,-0.420000,-0.006918,0
34.886111,-0.420000,-0.006818,0
34.888889,-0.415000,-0.006914,0
34.891667,-0.420000,-0.006515,0
34.894444,-0.435000,-0.004406,0
34.897222,-0.430000,0.000362,0
34.900000,-0.415000,0.007677,0
34.902778,-0.390000,0.016310,0
34.905556,-0.380000,0.024720,0
34.908333,-0.385000,0.032076,0
34.911111,-0.385000,0.038659,0
34.913889,-0.375000,0.045417,0
34.916667,-0.380000,0.053130,0
34.919444,-0.350000,0.061858,0
34.922222,-0.335000,0.071041,0
34.925000,-0.335000,0.080063,0
34.927778,-0.330000,0.088663,0
34.930556,-0.335000,0.096762,0
34.933333,-0.320000,0.103944,0
34.936111,-0.305000,0.109221,0
34.938889,-0.290000,0.111489,0
34.941667,-0.300000,0.110323,0
34.944444,-0.325000,0.106372,0
34.947222,-0.325000,0.100930,0
34.950000,-0.325000,0.095135,0
34.952778,-0.320000,0.089544,0
34.955556,-0.335000,0.084339,0
34.958333,-0.330000,0.079786,0
34.961111,-0.345000,0.076477,0
34.963889,-0.345000,0.075192,0
34.966667,-0.340000,0.076482,0
34.969444,-0.345000,0.080227,0
34.972222,-0.335000,0.085390,0
34.975000,-0.325000,0.090105,0
34.977778,-0.325000,0.092152,0
34.980556,-0.320000,0.089665,0
34.983333,-0.340000,0.081768,0
34.986111,-0.345000,0.068890,0
34.988889,-0.360000,0.052704,0
34.991667,-0.380000,0.035716,0
34.994444,-0.410000,0.020534,0
34.997222,-0.420000,0.008939,0
35.000000,-0.415000,0.001258,0
35.002778,-0.410000,-0.003478,0
35.005556,-0.415000,-0.006679,0
35.008333,-0.430000,-0.009336,0
35.011111,-0.435000,-0.011765,0
35.013889,-0.435000,-0.013960,0
35.016667,-0.435000,-0.016027,0
35.019444,-0.435000,-0.018298,0
35.022222,-0.430000,-0.021057,0
35.025000,-0.435000,-0.024165,0
35.027778,-0.450000,-0.026982,0
35.030556,-0.460000,-0.028772,0
35.033333,-0.450000,-0.029320,0
35.036111,-0.435000,-0.029141,0
35.038889,-0.440000,-0.029051,0
35.041667,-0.445000,-0.029531,0
35.044444,-0.455000,-0.030506,0
35.047222,-0.455000,-0.031673,0
35.050000,-0.450000,-0.032933,0
35.052778,-0.450000,-0.034483,0
35.055556,-0.445000,-0.036474,0
35.058333,-0.445000,-0.038572,0
35.061111,-0.470000,-0.039906,0
35.063889,-0.465000,-0.039585,0
35.066667,-0.455000,-0.037447,0
35.069444,-0.445000,-0.034408,0
35.072222,-0.450000,-0.032206,0
35.075000,-0.445000,-0.032867,0
35.077778,-0.460000,-0.038301,0
35.080556,-0.470000,-0.050117,0
35.083333,-0.490000,-0.069487,0
35.086111,-0.520000,-0.096809,0
35.088889,-0.540000,-0.130965,0
35.091667,-0.565000,-0.168249,0
35.094444,-0.610000,-0.201451,0
35.097222,-0.640000,-0.219862,0
35.100000,-0.640000,-0.210599,0
35.102778,-0.565000,-0.160829,0
35.105556,-0.445000,-0.060185,0
35.108333,-0.315000,0.096613,0
35.111111,-0.160000,0.306241,0
35.113889,0.060000,0.552647,0
35.116667,0.340000,0.804720,0
35.119444,0.600000,1.019155,0
35.122222,0.785000,1.150013,0
35.125000,0.850000,1.162798,1
35.127778,0.740000,1.047713,0
35.130556,0.455000,0.825945,0
35.133333,0.080000,0.544965,0
35.136111,-0.260000,0.263699,0
35.138889,-0.485000,0.033646,0
35.141667,-0.570000,-0.115818,0
35.144444,-0.580000,-0.182165,0
35.147222,-0.555000,-0.184154,0
35.150000,-0.505000,-0.150342,0
35.152778,-0.495000,-0.107508,0
35.155556,-0.475000,-0.073295,0
35.158333,-0.485000,-0.054436,0
35.161111,-0.485000,-0.049365,0
35.163889,-0.490000,-0.052701,0
35.166667,-0.485000,-0.059195,0
35.169444,-0.470000,-0.065720,0
35.172222,-0.475000,-0.071246,0
35.175000,-0.490000,-0.075767,0
35.177778,-0.495000,-0.079372,0
35.180556,-0.500000,-0.081962,0
35.183333,-0.505000,-0.083426,0
35.186111,-0.490000,-0.083808,0
35.188889,-0.495000,-0.083250,0
35.191667,-0.500000,-0.081844,0
35.194444,-0.495000,-0.079644,0
35.197222,-0.495000,-0.076860,0
35.200000,-0.495000,-0.074006,0
35.202778,-0.475000,-0.071765,0
35.205556,-0.475000,-0.070592,0
35.208333,-0.490000,-0.070384,0
35.211111,-0.495000,-0.070615,0
35.213889,-0.490000,-0.070871,0
35.216667,-0.480000,-0.071215,0
35.219444,-0.480000,-0.072000,0
35.222222,-0.480000,-0.073339,0
35.225000,-0.490000,-0.074796,0
35.227778,-0.500000,-0.075623,0
35.230556,-0.500000,-0.075372,0
35.233333,-0.480000,-0.074295,0
35.236111,-0.475000,-0.073100,0
35.238889,-0.485000,-0.072290,0
35.241667,-0.480000,-0.071751,0
35.244444,-0.505000,-0.071007,0
35.247222,-0.485000,-0.069868,0
35.250000,-0.480000,-0.068801,0
35.252778,-0.465000,-0.068594,0
35.255556,-0.480000,-0.069614,0
35.258333,-0.490000,-0.071415,0
35.261111,-0.495000,-0.073080,0
35.263889,-0.490000,-0.073948,0
35.266667,-0.485000,-0.074074,0
35.269444,-0.485000,-0.074075,0
35.272222,-0.475000,-0.074583,0
35.275000,-0.490000,-0.075735,0
35.277778,-0.495000,-0.077118,0
35.280556,-0.500000,-0.078178,0
35.283333,-0.490000,-0.078681,0
35.286111,-0.480000,-0.078757,0
35.288889,-0.485000,-0.078545,0
35.291667,-0.495000,-0.077896,0
35.294444,-0.500000,-0.076560,0
35.297222,-0.485000,-0.074641,0
35.300000,-0.485000,-0.072796,0
35.302778,-0.475000,-0.071917,0
35.305556,-0.480000,-0.072543,0
35.308333,-0.485000,-0.074486,0
35.311111,-0.495000,-0.076972,0
35.313889,-0.500000,-0.079169,0
35.316667,-0.490000,-0.080678,0
35.319444,-0.485000,-0.081565,0
35.322222,-0.485000,-0.081948,0
35.325000,-0.495000,-0.081635,0
35.327778,-0.500000,-0.080225,0
35.330556,-0.495000,-0.077622,0
35.333333,-0.485000,-0.074417,0
35.336111,-0.475000,-0.071715,0
35.338889,-0.470000,-0.070491,0
35.341667,-0.485000,-0.070989,0
35.344444,-0.490000,-0.072659,0
35.347222,-0.480000,-0.074624,0
35.350000,-0.500000,-0.076264,0
35.352778,-0.485000,-0.077525,0
35.355556,-0.475000,-0.078789,0
35.358333,-0.490000,-0.080475,0
35.361111,-0.505000,-0.082778,0
35.363889,-0.495000,-0.085777,0
35.366667,-0.500000,-0.089620,0
35.369444,-0.495000,-0.094390,0
35.372222,-0.500000,-0.099733,0
35.375000,-0.520000,-0.104724,0
35.377778,-0.530000,-0.108273,0
35.380556,-0.525000,-0.109851,0
35.383333,-0.515000,-0.109866,0
35.386111,-0.505000,-0.109303,0
35.388889,-0.515000,-0.108932,0
35.391667,-0.515000,-0.108782,0
35.394444,-0.530000,-0.108333,0
35.397222,-0.525000,-0.107196,0
35.400000,-0.510000,-0.105635,0
35.402778,-0.505000,-0.104431,0
35.405556,-0.505000,-0.104182,0
35.408333,-0.505000,-0.104702,0
35.411111,-0.530000,-0.105050,0
35.413889,-0.520000,-0.104227,0
35.416667,-0.515000,-0.101882,0
35.419444,-0.490000,-0.098364,0
35.422222,-0.490000,-0.094040,0
35.425000,-0.495000,-0.088606,0
35.427778,-0.505000,-0.081158,0
35.430556,-0.490000,-0.071028,0
35.433333,-0.460000,-0.058560,0
35.436111,-0.445000,-0.045081,0
35.438889,-0.430000,-0.032155,0
35.441667,-0.430000,-0.020828,0
35.444444,-0.430000,-0.011453,0
35.447222,-0.405000,-0.003991,0
35.450000,-0.410000,0.001677,0
35.452778,-0.390000,0.005741,0
35.455556,-0.400000,0.008626,0
35.458333,-0.395000,0.011019,0
35.461111,-0.400000,0.013624,0
35.463889,-0.390000,0.016816,0
35.466667,-0.385000,0.020479,0
35.469444,-0.375000,0.024190,0
35.472222,-0.375000,0.027577,0
35.475000,-0.380000,0.030526,0
35.477778,-0.375000,0.033075,0
35.480556,-0.375000,0.035144,0
35.483333,-0.365000,0.036419,0
35.486111,-0.365000,0.036566,0
35.488889,-0.365000,0.035584,0
35.491667,-0.365000,0.033999,0
35.494444,-0.390000,0.032637,0
35.497222,-0.375000,0.032071,0
35.500000,-0.370000,0.032221,0
35.502778,-0.365000,0.032505,0
35.505556,-0.365000,0.032404,0
35.508333,-0.370000,0.031893,0
35.511111,-0.390000,0.031313,0
35.513889,-0.380000,0.030834,0
35.516667,-0.365000,0.030109,0
35.519444,-0.365000,0.028582,0
35.522222,-0.370000,0.026153,0
35.525000,-0.390000,0.023471,0
35.527778,-0.390000,0.021484,0
35.530556,-0.390000,0.020667,0
35.533333,-0.380000,0.020610,0
35.536111,-0.370000,0.020363,0
35.538889,-0.380000,0.019196,0
35.541667,-0.385000,0.017133,0
35.544444,-0.400000,0.014812,0
35.547222,-0.395000,0.012854,0
35.550000,-0.390000,0.011352,0
35.552778,-0.385000,0.009902,0
35.555556,-0.390000,0.008090,0
35.558333,-0.395000,0.005931,0
35.561111,-0.405000,0.003866,0
35.563889,-0.410000,0.002364,0
35.566667,-0.395000,0.001559,0
35.569444,-0.390000,0.001300,0
35.572222,-0.400000,0.001521,0
35.575000,-0.405000,0.002463,0
35.577778,-0.395000,0.004458,0
35.580556,-0.405000,0.007489,0
35.583333,-0.390000,0.010934,0
35.586111,-0.380000,0.013736,0
35.588889,-0.380000,0.014945,0
35.591667,-0.385000,0.014255,0
35.594444,-0.395000,0.012118,0
35.597222,-0.395000,0.009374,0
35.600000,-0.395000,0.006749,0
35.602778,-0.395000,0.004597,0
35.605556,-0.390000,0.002985,0
35.608333,-0.400000,0.001906,0
35.611111,-0.405000,0.001339,0
35.613889,-0.400000,0.001117,0
35.616667,-0.400000,0.000828,0
35.619444,-0.395000,-0.000024,0
35.622222,-0.395000,-0.001662,0
35.625000,-0.400000,-0.003782,0
35.627778,-0.420000,-0.005695,0
35.630556,-0.405000,-0.006832,0
35.633333,-0.415000,-0.007168,0
35.636111,-0.390000,-0.007183,0
35.638889,-0.405000,-0.007359,0
35.641667,-0.405000,-0.007739,0
35.644444,-0.415000,-0.007957,0
35.647222,-0.415000,-0.007693,0
35.650000,-0.405000,-0.007079,0
35.652778,-0.395000,-0.006596,0
35.655556,-0.395000,-0.006529,0
35.658333,-0.405000,-0.006541,0
35.661111,-0.420000,-0.005883,0
35.663889,-0.410000,-0.004135,0
35.666667,-0.400000,-0.001772,0
35.669444,-0.385000,0.000071,0
35.672222,-0.385000,0.000492,0
35.675000,-0.395000,-0.000397,0
35.677778,-0.415000,-0.001534,0
35.680556,-0.410000,-0.001793,0
35.683333,-0.400000,-0.000915,0
35.686111,-0.385000,0.000347,0
35.688889,-0.390000,0.000912,0
35.691667,-0.390000,0.000213,0
35.694444,-0.410000,-0.001521,0
35.697222,-0.410000,-0.003657,0
35.700000,-0.395000,-0.005736,0
35.702778,-0.405000,-0.007641,0
35.705556,-0.395000,-0.009334,0
35.708333,-0.410000,-0.010567,0
35.711111,-0.415000,-0.010947,0
35.713889,-0.410000,-0.010312,0
35.716667,-0.405000,-0.009022,0
35.719444,-0.400000,-0.007831,0
35.722222,-0.395000,-0.007386,0
35.725000,-0.400000,-0.007751,0
35.727778,-0.415000,-0.008327,0
35.730556,-0.410000,-0.008232,0
35.733333,-0.395000,-0.006711,0
35.736111,-0.390000,-0.003216,0
35.738889,-0.395000,0.002758,0
35.741667,-0.385000,0.011640,0
35.744444,-0.380000,0.023369,0
35.747222,-0.365000,0.036947,0
35.750000,-0.345000,0.050402,0
35.752778,-0.320000,0.061425,0
35.755556,-0.315000,0.068443,0
35.758333,-0.315000,0.071449,0
35.761111,-0.340000,0.071912,0
35.763889,-0.340000,0.071767,0
35.766667,-0.315000,0.072286,0
35.769444,-0.310000,0.073762,0
35.772222,-0.310000,0.076043,0
35.775000,-0.320000,0.079139,0
35.777778,-0.315000,0.083251,0
35.780556,-0.315000,0.088321,0
35.783333,-0.295000,0.093678,0
35.786111,-0.290000,0.098186,0
35.788889,-0.290000,0.100784,0
35.791667,-0.285000,0.100990,0
35.794444,-0.305000,0.098978,0
35.797222,-0.305000,0.095235,0
35.800000,-0.300000,0.090174,0
35.802778,-0.300000,0.084116,0
35.805556,-0.310000,0.077617,0
35.808333,-0.325000,0.071693,0
35.811111,-0.335000,0.067586,0
35.813889,-0.325000,0.066256,0
35.816667,-0.320000,0.068077,0
35.819444,-0.310000,0.072912,0
35.822222,-0.315000,0.080266,0
35.825000,-0.315000,0.089137,0
35.827778,-0.310000,0.097640,0
35.830556,-0.280000,0.103006,0
35.833333,-0.270000,0.102457,0
35.836111,-0.285000,0.094595,0
35.838889,-0.315000,0.080268,0
35.841667,-0.340000,0.062143,0
35.844444,-0.365000,0.043292,0
35.847222,-0.365000,0.025816,0
35.850000,-0.375000,0.010419,0
35.852778,-0.385000,-0.002999,0
35.855556,-0.390000,-0.014386,0
35.858333,-0.425000,-0.023078,0
35.861111,-0.435000,-0.028239,0
35.863889,-0.425000,-0.029761,0
35.866667,-0.415000,-0.028747,0
35.869444,-0.410000,-0.027048,0
35.872222,-0.405000,-0.026237,0
35.875000,-0.415000,-0.026809,0
35.877778,-0.430000,-0.028180,0
35.880556,-0.430000,-0.029415,0
35.883333,-0.420000,-0.030057,0
35.886111,-0.415000,-0.030353,0
35.888889,-0.410000,-0.030800,0
35.891667,-0.415000,-0.031534,0
35.894444,-0.440000,-0.032203,0
35.897222,-0.430000,-0.032433,0
35.900000,-0.415000,-0.032317,0
35.902778,-0.410000,-0.032333,0
35.905556,-0.420000,-0.032821,0
35.908333,-0.425000,-0.033686,0
35.911111,-0.435000,-0.034751,0
35.913889,-0.430000,-0.036431,0
35.916667,-0.435000,-0.040131,0
35.919444,-0.425000,-0.047935,0
35.922222,-0.440000,-0.061697,0
35.925000,-0.465000,-0.082142,0
35.927778,-0.515000,-0.108631,0
35.930556,-0.550000,-0.139657,0
35.933333,-0.555000,-0.173270,0
35.936111,-0.570000,-0.206575,0
35.938889,-0.605000,-0.234446,0
35.941667,-0.640000,-0.248743,0
35.944444,-0.650000,-0.239116,0
35.947222,-0.595000,-0.195103,0
35.950000,-0.470000,-0.108225,0
35.952778,-0.325000,0.026726,0
35.955556,-0.180000,0.210406,0
35.958333,-0.005000,0.436304,0
35.961111,0.230000,0.687086,0
35.963889,0.515000,0.932611,0
35.966667,0.755000,1.132859,0
35.969444,0.885000,1.246639,1
35.972222,0.930000,1.243763,0
35.975000,0.835000,1.116383,0
35.977778,0.565000,0.884772,0
35.980556,0.160000,0.593867,0
35.983333,-0.200000,0.300345,0
35.986111,-0.415000,0.055091,0
35.988889,-0.535000,-0.111017,0
35.991667,-0.560000,-0.192253,0
35.994444,-0.560000,-0.203758,0
35.997222,-0.520000,-0.171807,0
36.000000,-0.485000,-0.123559,0
36.002778,-0.445000,-0.079692,0
36.005556,-0.435000,-0.051191,0
36.008333,-0.440000,-0.039972,0
36.011111,-0.445000,-0.041997,0
36.013889,-0.455000,-0.051156,0
36.016667,-0.455000,-0.062282,0
36.019444,-0.450000,-0.072444,0
36.022222,-0.455000,-0.080647,0
36.025000,-0.470000,-0.086818,0
36.027778,-0.485000,-0.091068,0
36.030556,-0.485000,-0.093600,0
36.033333,-0.480000,-0.094895,0
36.036111,-0.475000,-0.095676,0
36.038889,-0.480000,-0.096546,0
36.041667,-0.480000,-0.097654,0
36.044444,-0.490000,-0.098693,0
36.047222,-0.490000,-0.099263,0
36.050000,-0.490000,-0.099269,0
36.052778,-0.480000,-0.099003,0
36.055556,-0.470000,-0.098775,0
36.058333,-0.480000,-0.098424,0
36.061111,-0.495000,-0.097265,0
36.063889,-0.490000,-0.094668,0
36.066667,-0.480000,-0.090760,0
36.069444,-0.460000,-0.086514,0
36.072222,-0.460000,-0.083091,0
36.075000,-0.455000,-0.081018,0
36.077778,-0.480000,-0.079960,0
36.080556,-0.480000,-0.079299,0
36.083333,-0.460000,-0.078902,0
36.086111,-0.455000,-0.079257,0
36.088889,-0.455000,-0.080832,0
36.091667,-0.460000,-0.083344,0
36.094444,-0.490000,-0.085717,0
36.097222,-0.475000,-0.086809,0
36.100000,-0.475000,-0.086237,0
36.102778,-0.465000,-0.084579,0
36.105556,-0.450000,-0.082803,0
36.108333,-0.465000,-0.081483,0
36.111111,-0.475000,-0.080500,0
36.113889,-0.470000,-0.079439,0
36.116667,-0.465000,-0.078185,0
36.119444,-0.455000,-0.077087,0
36.122222,-0.450000,-0.076548,0
36.125000,-0.455000,-0.076486,0
36.127778,-0.470000,-0.076271,0
36.130556,-0.475000,-0.075268,0
36.133333,-0.455000,-0.073512,0
36.136111,-0.445000,-0.071767,0
36.138889,-0.445000,-0.070886,0
36.141667,-0.450000,-0.071076,0
36.144444,-0.470000,-0.071817,0
36.147222,-0.465000,-0.072474,0
36.150000,-0.455000,-0.072958,0
36.152778,-0.450000,-0.073765,0
36.155556,-0.445000,-0.075367,0
36.158333,-0.460000,-0.077586,0
36.161111,-0.475000,-0.079608,0
36.163889,-0.475000,-0.080661,0
36.166667,-0.465000,-0.080716,0
36.169444,-0.450000,-0.080495,0
36.172222,-0.450000,-0.080771,0
36.175000,-0.475000,-0.081673,0
36.177778,-0.470000,-0.082679,0
36.180556,-0.470000,-0.083203,0
36.183333,-0.470000,-0.083126,0
36.186111,-0.460000,-0.082826,0
36.188889,-0.450000,-0.082717,0
36.191667,-0.470000,-0.082760,0
36.194444,-0.470000,-0.082452,0
36.197222,-0.475000,-0.081351,0
36.200000,-0.465000,-0.079635,0
36.202778,-0.450000,-0.078107,0
36.205556,-0.445000,-0.077561,0
36.208333,-0.465000,-0.078105,0
36.211111,-0.470000,-0.079102,0
36.213889,-0.470000,-0.079756,0
36.216667,-0.455000,-0.079749,0
36.219444,-0.465000,-0.079352,0
36.222222,-0.450000,-0.079061,0
36.225000,-0.460000,-0.079156,0
36.227778,-0.465000,-0.079565,0
36.230556,-0.475000,-0.080128,0
36.233333,-0.460000,-0.080959,0
36.236111,-0.455000,-0.082438,0
36.238889,-0.460000,-0.084779,0
36.241667,-0.470000,-0.087634,0
36.244444,-0.480000,-0.090200,0
36.247222,-0.480000,-0.091771,0
36.250000,-0.475000,-0.092235,0
36.252778,-0.465000,-0.092063,0
36.255556,-0.465000,-0.091812,0
36.258333,-0.475000,-0.091614,0
36.261111,-0.475000,-0.091141,0
36.263889,-0.485000,-0.090044,0
36.266667,-0.470000,-0.088419,0
36.269444,-0.455000,-0.086785,0
36.272222,-0.460000,-0.085530,0
36.275000,-0.465000,-0.084377,0
36.277778,-0.470000,-0.082435,0
36.280556,-0.475000,-0.078834,0
36.283333,-0.450000,-0.073365,0
36.286111,-0.440000,-0.066523,0
36.288889,-0.430000,-0.058932,0
36.291667,-0.430000,-0.050753,0
36.294444,-0.435000,-0.041654,0
36.297222,-0.420000,-0.031355,0
36.300000,-0.395000,-0.020158,0
36.302778,-0.385000,-0.008940,0
36.305556,-0.375000,0.001330,0
36.308333,-0.370000,0.010033,0
36.311111,-0.370000,0.016953,0
36.313889,-0.365000,0.022005,0
36.316667,-0.355000,0.025023,0
36.319444,-0.340000,0.025922,0
36.322222,-0.350000,0.025125,0
36.325000,-0.360000,0.023716,0
36.327778,-0.375000,0.022959,0
36.330556,-0.360000,0.023471,0
36.333333,-0.350000,0.024816,0
36.336111,-0.345000,0.025921,0
36.338889,-0.345000,0.025954,0
36.341667,-0.360000,0.024897,0
36.344444,-0.365000,0.023384,0
36.347222,-0.365000,0.022060,0
36.350000,-0.355000,0.021056,0
36.352778,-0.355000,0.020046,0
36.355556,-0.355000,0.018728,0
36.358333,-0.360000,0.017243,0
36.361111,-0.375000,0.016156,0
36.363889,-0.365000,0.016029,0
36.366667,-0.365000,0.017001,0
36.369444,-0.355000,0.018765,0
36.372222,-0.350000,0.020909,0
36.375000,-0.360000,0.023251,0
36.377778,-0.360000,0.025801,0
36.380556,-0.355000,0.028400,0
36.383333,-0.355000,0.030422,0
36.386111,-0.335000,0.030941,0
36.388889,-0.345000,0.029295,0
36.391667,-0.350000,0.025611,0
36.394444,-0.370000,0.020783,0
36.397222,-0.370000,0.015896,0
36.400000,-0.370000,0.011608,0
36.402778,-0.360000,0.008049,0
36.405556,-0.365000,0.005231,0
36.408333,-0.380000,0.003454,0
36.411111,-0.385000,0.003190,0
36.413889,-0.385000,0.004529,0
36.416667,-0.365000,0.006815,0
36.419444,-0.365000,0.008912,0
36.422222,-0.360000,0.009953,0
36.425000,-0.365000,0.009930,0
36.427778,-0.380000,0.009637,0
36.430556,-0.380000,0.009983,0
36.433333,-0.370000,0.011251,0
36.436111,-0.355000,0.012939,0
36.438889,-0.355000,0.014296,0
36.441667,-0.365000,0.014972,0
36.444444,-0.370000,0.015158,0
36.447222,-0.375000,0.015139,0
36.450000,-0.365000,0.014809,0
36.452778,-0.350000,0.013712,0
36.455556,-0.355000,0.011603,0
36.458333,-0.380000,0.008888,0
36.461111,-0.385000,0.006356,0
36.463889,-0.380000,0.004459,0
36.466667,-0.365000,0.002917,0
36.469444,-0.370000,0.001079,0
36.472222,-0.380000,-0.001363,0
36.475000,-0.375000,-0.004019,0
36.477778,-0.400000,-0.006075,0
36.480556,-0.390000,-0.006983,0
36.483333,-0.390000,-0.006998,0
36.486111,-0.375000,-0.007102,0
36.488889,-0.375000,-0.008303,0
36.491667,-0.390000,-0.010898,0
36.494444,-0.400000,-0.014311,0
36.497222,-0.405000,-0.017593,0
36.500000,-0.395000,-0.020050,0
36.502778,-0.395000,-0.021453,0
36.505556,-0.395000,-0.021788,0
36.508333,-0.400000,-0.020966,0
36.511111,-0.400000,-0.018849,0
36.513889,-0.405000,-0.015575,0
36.516667,-0.390000,-0.011819,0
36.519444,-0.375000,-0.008621,0
36.522222,-0.375000,-0.006783,0
36.525000,-0.390000,-0.006357,0
36.527778,-0.395000,-0.006738,0
36.530556,-0.385000,-0.007236,0
36.533333,-0.385000,-0.007560,0
36.536111,-0.385000,-0.007829,0
36.538889,-0.380000,-0.008247,0
36.541667,-0.380000,-0.008774,0
36.544444,-0.400000,-0.009104,0
36.547222,-0.390000,-0.008984,0
36.550000,-0.390000,-0.008576,0
36.552778,-0.375000,-0.008409,0
36.555556,-0.380000,-0.008920,0
36.558333,-0.390000,-0.010032,0
36.561111,-0.400000,-0.011224,0
36.563889,-0.390000,-0.011999,0
36.566667,-0.390000,-0.012262,0
36.569444,-0.385000,-0.012265,0
36.572222,-0.385000,-0.012230,0
36.575000,-0.390000,-0.012057,0
36.577778,-0.395000,-0.011375,0
36.580556,-0.390000,-0.009890,0
36.583333,-0.390000,-0.007715,0
36.586111,-0.375000,-0.005387,0
36.588889,-0.380000,-0.003527,0
36.591667,-0.375000,-0.002451,0
36.594444,-0.385000,-0.002022,0
36.597222,-0.385000,-0.001857,0
36.600000,-0.380000,-0.001648,0
36.602778,-0.375000,-0.001268,0
36.605556,-0.370000,-0.000575,0
36.608333,-0.380000,0.000828,0
36.611111,-0.375000,0.003543,0
36.613889,-0.380000,0.008008,0
36.616667,-0.365000,0.014130,0
36.619444,-0.345000,0.021294,0
36.622222,-0.340000,0.028794,0
36.625000,-0.350000,0.036223,0
36.627778,-0.345000,0.043418,0
36.630556,-0.325000,0.050110,0
36.633333,-0.315000,0.055838,0
36.636111,-0.315000,0.060311,0
36.638889,-0.305000,0.063846,0
36.641667,-0.315000,0.067403,0
36.644444,-0.315000,0.072092,0
36.647222,-0.305000,0.078431,0
36.650000,-0.290000,0.085908,0
36.652778,-0.280000,0.093184,0
36.655556,-0.270000,0.098824,0
36.658333,-0.270000,0.102018,0
36.661111,-0.285000,0.102831,0
36.663889,-0.280000,0.101860,0
36.666667,-0.280000,0.099707,0
36.669444,-0.275000,0.096760,0
36.672222,-0.275000,0.093394,0
36.675000,-0.290000,0.090241,0
36.677778,-0.300000,0.088128,0
36.680556,-0.290000,0.087701,0
36.683333,-0.285000,0.089159,0
36.686111,-0.275000,0.092365,0
36.688889,-0.275000,0.097098,0
36.691667,-0.290000,0.102950,0
36.694444,-0.285000,0.108796,0
36.697222,-0.265000,0.112394,0
36.700000,-0.250000,0.110873,0
36.702778,-0.260000,0.102119,0
36.705556,-0.290000,0.086103,0
36.708333,-0.315000,0.065171,0
36.711111,-0.340000,0.043088,0
36.713889,-0.370000,0.023476,0
36.716667,-0.375000,0.008486,0
36.719444,-0.370000,-0.001612,0
36.722222,-0.370000,-0.007833,0
36.725000,-0.390000,-0.011467,0
36.727778,-0.400000,-0.013489,0
36.730556,-0.400000,-0.014663,0
36.733333,-0.390000,-0.015803,0
36.736111,-0.385000,-0.017655,0
36.738889,-0.390000,-0.020406,0
36.741667,-0.405000,-0.023423,0
36.744444,-0.415000,-0.025599,0
36.747222,-0.405000,-0.026129,0
36.750000,-0.405000,-0.025084,0
36.752778,-0.400000,-0.023364,0
36.755556,-0.385000,-0.022101,0
36.758333,-0.395000,-0.021983,0
36.761111,-0.415000,-0.023001,0
36.763889,-0.410000,-0.024793,0
36.766667,-0.400000,-0.027108,0
36.769444,-0.395000,-0.029835,0
36.772222,-0.405000,-0.032632,0
36.775000,-0.420000,-0.034801,0
36.777778,-0.420000,-0.035776,0
36.780556,-0.425000,-0.035924,0
36.783333,-0.415000,-0.036956,0
36.786111,-0.410000,-0.041506,0
36.788889,-0.415000,-0.052007,0
36.791667,-0.440000,-0.069595,0
36.794444,-0.485000,-0.093802,0
36.797222,-0.520000,-0.123217,0
36.800000,-0.540000,-0.156384,0
36.802778,-0.550000,-0.191912,0
36.805556,-0.580000,-0.227565,0
36.808333,-0.630000,-0.259329,0
36.811111,-0.680000,-0.281779,0
36.813889,-0.695000,-0.290001,0
36.816667,-0.670000,-0.281829,0
36.819444,-0.645000,-0.258663,0
36.822222,-0.595000,-0.224060,0
36.825000,-0.525000,-0.180563,0
36.827778,-0.465000,-0.126210,0
36.830556,-0.390000,-0.052710,0
36.833333,-0.330000,0.052854,0
36.836111,-0.225000,0.202185,0
36.838889,-0.050000,0.397470,0
36.841667,0.185000,0.624361,0
36.844444,0.440000,0.850320,0
36.847222,0.670000,1.030531,0
36.850000,0.810000,1.120468,1
36.852778,0.825000,1.091162,0
36.855556,0.660000,0.941361,0
36.858333,0.355000,0.700885,0
36.861111,-0.035000,0.422412,0
36.863889,-0.350000,0.164087,0
36.866667,-0.500000,-0.029625,0
36.869444,-0.530000,-0.140107,0
36.872222,-0.505000,-0.175035,0
36.875000,-0.470000,-0.158985,0
36.877778,-0.455000,-0.120550,0
36.880556,-0.450000,-0.082269,0
36.883333,-0.450000,-0.056394,0
36.886111,-0.435000,-0.045758,0
36.888889,-0.430000,-0.047182,0
36.891667,-0.440000,-0.055035,0
36.894444,-0.450000,-0.063896,0
36.897222,-0.455000,-0.070142,0
36.900000,-0.455000,-0.072503,0
36.902778,-0.440000,-0.071658,0
36.905556,-0.435000,-0.069139,0
36.908333,-0.440000,-0.066192,0
36.911111,-0.450000,-0.063279,0
36.913889,-0.450000,-0.060411,0
36.916667,-0.440000,-0.057791,0
36.919444,-0.425000,-0.056035,0
36.922222,-0.425000,-0.055727,0
36.925000,-0.425000,-0.056806,0
36.927778,-0.455000,-0.058479,0
36.930556,-0.455000,-0.059859,0
36.933333,-0.430000,-0.060673,0
36.936111,-0.425000,-0.061261,0
36.938889,-0.440000,-0.061909,0
36.941667,-0.440000,-0.062305,0
36.944444,-0.450000,-0.061716,0
36.947222,-0.445000,-0.059646,0
36.950000,-0.435000,-0.056358,0
36.952778,-0.425000,-0.052813,0
36.955556,-0.420000,-0.050114,0
36.958333,-0.430000,-0.048914,0
36.961111,-0.435000,-0.049261,0
36.963889,-0.430000,-0.050870,0
36.966667,-0.435000,-0.053434,0
36.969444,-0.430000,-0.056665,0
36.972222,-0.430000,-0.060074,0
36.975000,-0.445000,-0.062821,0
36.977778,-0.450000,-0.063941,0
36.980556,-0.450000,-0.062875,0
36.983333,-0.435000,-0.059870,0
36.986111,-0.430000,-0.055865,0
36.988889,-0.425000,-0.051937,0
36.991667,-0.425000,-0.048786,0
36.994444,-0.435000,-0.046645,0
36.997222,-0.435000,-0.045603,0
37.000000,-0.415000,-0.045894,0
37.002778,-0.420000,-0.047777,0
37.005556,-0.430000,-0.051122,0
37.008333,-0.435000,-0.055222,0
37.011111,-0.445000,-0.059068,0
37.013889,-0.445000,-0.061865,0
37.016667,-0.440000,-0.063358,0
37.019444,-0.440000,-0.063775,0
37.022222,-0.440000,-0.063471,0
37.025000,-0.440000,-0.062612,0
37.027778,-0.440000,-0.061119,0
37.030556,-0.450000,-0.058909,0
37.033333,-0.435000,-0.056212,0
37.036111,-0.430000,-0.053628,0
37.038889,-0.425000,-0.051794,0
37.041667,-0.420000,-0.050892,0
37.044444,-0.440000,-0.050489,0
37.047222,-0.445000,-0.049913,0
37.050000,-0.420000,-0.048808,0
37.052778,-0.420000,-0.047292,0
37.055556,-0.420000,-0.045605,0
37.058333,-0.425000,-0.043795,0
37.061111,-0.435000,-0.041852,0
37.063889,-0.425000,-0.040124,0
37.066667,-0.410000,-0.039437,0
37.069444,-0.410000,-0.040607,0
37.072222,-0.420000,-0.043721,0
37.075000,-0.430000,-0.047845,0
37.077778,-0.440000,-0.051467,0
37.080556,-0.435000,-0.053348,0
37.083333,-0.445000,-0.053181,0
37.086111,-0.415000,-0.051645,0
37.088889,-0.430000,-0.049857,0
37.091667,-0.420000,-0.048654,0
37.094444,-0.435000,-0.048243,0
37.097222,-0.435000,-0.048395,0
37.100000,-0.430000,-0.048886,0
37.102778,-0.425000,-0.049725,0
37.105556,-0.425000,-0.051000,0
37.108333,-0.430000,-0.052610,0
37.111111,-0.445000,-0.054272,0
37.113889,-0.440000,-0.055836,0
37.116667,-0.440000,-0.057550,0
37.119444,-0.425000,-0.059886,0
37.122222,-0.440000,-0.063002,0
37.125000,-0.445000,-0.066356,0
37.127778,-0.460000,-0.068941,0
37.130556,-0.460000,-0.069976,0
37.133333,-0.445000,-0.069476,0
37.136111,-0.445000,-0.068185,0
37.138889,-0.435000,-0.066945,0
37.141667,-0.445000,-0.066075,0
37.144444,-0.455000,-0.065291,0
37.147222,-0.460000,-0.064200,0
37.150000,-0.435000,-0.062813,0
37.152778,-0.430000,-0.061453,0
37.155556,-0.435000,-0.060164,0
37.158333,-0.440000,-0.058280,0
37.161111,-0.445000,-0.054713,0
37.163889,-0.440000,-0.048731,0
37.166667,-0.415000,-0.040562,0
37.169444,-0.410000,-0.031316,0
37.172222,-0.390000,-0.022318,0
37.175000,-0.395000,-0.014415,0
37.177778,-0.395000,-0.007809,0
37.180556,-0.395000,-0.002432,0
37.183333,-0.380000,0.001601,0
37.186111,-0.360000,0.004049,0
37.188889,-0.365000,0.005116,0
37.191667,-0.375000,0.005881,0
37.194444,-0.390000,0.007901,0
37.197222,-0.385000,0.012131,0
37.200000,-0.355000,0.018112,0
37.202778,-0.345000,0.024189,0
37.205556,-0.345000,0.028651,0
37.208333,-0.340000,0.030811,0
37.211111,-0.360000,0.031268,0
37.213889,-0.360000,0.031228,0
37.216667,-0.360000,0.031510,0
37.219444,-0.335000,0.032042,0
37.222222,-0.340000,0.032208,0
37.225000,-0.345000,0.031579,0
37.227778,-0.360000,0.030259,0
37.230556,-0.360000,0.028587,0
37.233333,-0.355000,0.026636,0
37.236111,-0.350000,0.024119,0
37.238889,-0.350000,0.020804,0
37.241667,-0.365000,0.016997,0
37.244444,-0.370000,0.013580,0
37.247222,-0.380000,0.011512,0
37.250000,-0.375000,0.011226,0
37.252778,-0.355000,0.012441,0
37.255556,-0.360000,0.014547,0
37.258333,-0.365000,0.017106,0
37.261111,-0.370000,0.019930,0
37.263889,-0.365000,0.022714,0
37.266667,-0.355000,0.024759,0
37.269444,-0.345000,0.025205,0
37.272222,-0.350000,0.023683,0
37.275000,-0.355000,0.020792,0
37.277778,-0.375000,0.017898,0
37.280556,-0.380000,0.016271,0
37.283333,-0.365000,0.016231,0
37.286111,-0.350000,0.017032,0
37.288889,-0.355000,0.017568,0
37.291667,-0.365000,0.017197,0
37.294444,-0.375000,0.015958,0
37.297222,-0.370000,0.014174,0
37.300000,-0.365000,0.012013,0
37.302778,-0.370000,0.009445,0
37.305556,-0.370000,0.006508,0
37.308333,-0.375000,0.003534,0
37.311111,-0.385000,0.001079,0
37.313889,-0.390000,-0.000432,0
37.316667,-0.380000,-0.001052,0
37.319444,-0.380000,-0.001316,0
37.322222,-0.375000,-0.001840,0
37.325000,-0.380000,-0.002844,0
37.327778,-0.390000,-0.004023,0
37.330556,-0.395000,-0.004883,0
37.333333,-0.390000,-0.005244,0
37.336111,-0.380000,-0.005423,0
37.338889,-0.375000,-0.005879,0
37.341667,-0.385000,-0.006718,0
37.344444,-0.405000,-0.007604,0
37.347222,-0.390000,-0.008209,0
37.350000,-0.395000,-0.008677,0
37.352778,-0.375000,-0.009558,0
37.355556,-0.390000,-0.011258,0
37.358333,-0.390000,-0.013560,0
37.361111,-0.410000,-0.015727,0
37.363889,-0.405000,-0.017094,0
37.366667,-0.400000,-0.017603,0
37.369444,-0.385000,-0.017726,0
37.372222,-0.390000,-0.017861,0
37.375000,-0.405000,-0.017821,0
37.377778,-0.405000,-0.016956,0
37.380556,-0.400000,-0.014771,0
37.383333,-0.395000,-0.011438,0
37.386111,-0.380000,-0.007773,0
37.388889,-0.380000,-0.004746,0
37.391667,-0.385000,-0.002985,0
37.394444,-0.390000,-0.002660,0
37.397222,-0.390000,-0.003741,0
37.400000,-0.385000,-0.006218,0
37.402778,-0.380000,-0.009993,0
37.405556,-0.395000,-0.014532,0
37.408333,-0.400000,-0.018726,0
37.411111,-0.405000,-0.021224,0
37.413889,-0.415000,-0.021080,0
37.416667,-0.395000,-0.018271,0
37.419444,-0.390000,-0.013713,0
37.422222,-0.390000,-0.008781,0
37.425000,-0.375000,-0.004682,0
37.427778,-0.390000,-0.002107,0
37.430556,-0.390000,-0.001273,0
37.433333,-0.380000,-0.002170,0
37.436111,-0.380000,-0.004644,0
37.438889,-0.385000,-0.008222,0
37.441667,-0.390000,-0.011986,0
37.444444,-0.410000,-0.014796,0
37.447222,-0.400000,-0.015788,0
37.450000,-0.390000,-0.014679,0
37.452778,-0.380000,-0.011561,0
37.455556,-0.385000,-0.006449,0
37.458333,-0.390000,0.000829,0
37.461111,-0.380000,0.010205,0
37.463889,-0.360000,0.020846,0
37.466667,-0.350000,0.031178,0
37.469444,-0.325000,0.039591,0
37.472222,-0.330000,0.045401,0
37.475000,-0.330000,0.049368,0
37.477778,-0.330000,0.053335,0
37.480556,-0.345000,0.059163,0
37.483333,-0.310000,0.067619,0
37.486111,-0.295000,0.077998,0
37.488889,-0.285000,0.088676,0
37.491667,-0.280000,0.098028,0
37.494444,-0.280000,0.105012,0
37.497222,-0.275000,0.109198,0
37.500000,-0.265000,0.110544,0
37.502778,-0.275000,0.109235,0
37.505556,-0.270000,0.105679,0
37.508333,-0.275000,0.100506,0
37.511111,-0.300000,0.094461,0
37.513889,-0.295000,0.088193,0
37.516667,-0.285000,0.082201,0
37.519444,-0.295000,0.077097,0
37.522222,-0.300000,0.073843,0
37.525000,-0.325000,0.073372,0
37.527778,-0.325000,0.075589,0
37.530556,-0.305000,0.078576,0
37.533333,-0.285000,0.078972,0
37.536111,-0.285000,0.073634,0
37.538889,-0.310000,0.061505,0
37.541667,-0.340000,0.044341,0
37.544444,-0.370000,0.025812,0
37.547222,-0.380000,0.009639,0
37.550000,-0.390000,-0.002013,0
37.552778,-0.380000,-0.009018,0
37.555556,-0.380000,-0.012623,0
37.558333,-0.385000,-0.014317,0
37.561111,-0.410000,-0.015146,0
37.563889,-0.405000,-0.015813,0
37.566667,-0.395000,-0.017081,0
37.569444,-0.390000,-0.019738,0
37.572222,-0.390000,-0.024018,0
37.575000,-0.410000,-0.029121,0
37.577778,-0.430000,-0.033460,0
37.580556,-0.415000,-0.035569,0
37.583333,-0.420000,-0.034958,0
37.586111,-0.405000,-0.032307,0
37.588889,-0.405000,-0.029001,0
37.591667,-0.405000,-0.026449,0
37.594444,-0.405000,-0.025603,0
37.597222,-0.410000,-0.026790,0
37.600000,-0.405000,-0.029761,0
37.602778,-0.410000,-0.033763,0
37.605556,-0.415000,-0.037651,0
37.608333,-0.425000,-0.040175,0
37.611111,-0.425000,-0.040445,0
37.613889,-0.415000,-0.038357,0
37.616667,-0.415000,-0.034702,0
37.619444,-0.405000,-0.030930,0
37.622222,-0.405000,-0.028776,0
37.625000,-0.410000,-0.029999,0
37.627778,-0.425000,-0.036369,0
37.630556,-0.435000,-0.049722,0
37.633333,-0.445000,-0.071740,0
37.636111,-0.485000,-0.103159,0
37.638889,-0.520000,-0.142560,0
37.641667,-0.545000,-0.185077,0
37.644444,-0.580000,-0.221494,0
37.647222,-0.615000,-0.238378,0
37.650000,-0.605000,-0.219831,0
37.652778,-0.525000,-0.150804,0
37.655556,-0.380000,-0.021244,0
37.658333,-0.230000,0.169507,0
37.661111,-0.050000,0.408421,0
37.663889,0.205000,0.665970,0
37.666667,0.500000,0.897834,0
37.669444,0.730000,1.053807,0
37.672222,0.835000,1.092975,1
37.675000,0.755000,0.999583,0
37.677778,0.480000,0.791846,0
37.680556,0.075000,0.518077,0
37.683333,-0.275000,0.240528,0
37.686111,-0.470000,0.014047,0
37.688889,-0.545000,-0.130415,0
37.691667,-0.545000,-0.190718,0
37.694444,-0.505000,-0.186968,0
37.697222,-0.470000,-0.148892,0
37.700000,-0.455000,-0.103723,0
37.702778,-0.440000,-0.068974,0
37.705556,-0.440000,-0.051027,0
37.708333,-0.445000,-0.047906,0
37.711111,-0.445000,-0.053667,0
37.713889,-0.450000,-0.062250,0
37.716667,-0.445000,-0.069659,0
37.719444,-0.450000,-0.074373,0
37.722222,-0.440000,-0.076578,0
37.725000,-0.450000,-0.077073,0
37.727778,-0.460000,-0.076574,0
37.730556,-0.465000,-0.075668,0
37.733333,-0.445000,-0.075035,0
37.736111,-0.445000,-0.075389,0
37.738889,-0.450000,-0.077057,0
37.741667,-0.455000,-0.079664,0
37.744444,-0.465000,-0.082291,0
37.747222,-0.470000,-0.084038,0
37.750000,-0.460000,-0.084525,0
37.752778,-0.450000,-0.083935,0
37.755556,-0.455000,-0.082600,0
37.758333,-0.455000,-0.080612,0
37.761111,-0.465000,-0.077883,0
37.763889,-0.460000,-0.074579,0
37.766667,-0.440000,-0.071404,0
37.769444,-0.435000,-0.069317,0
37.772222,-0.440000,-0.068881,0
37.775000,-0.450000,-0.069859,0
37.777778,-0.455000,-0.071436,0
37.780556,-0.450000,-0.072794,0
37.783333,-0.445000,-0.073522,0
37.786111,-0.445000,-0.073590,0
37.788889,-0.445000,-0.073128,0
37.791667,-0.455000,-0.072327,0
37.794444,-0.455000,-0.071607,0
37.797222,-0.445000,-0.071720,0
37.800000,-0.440000,-0.073480,0
37.802778,-0.440000,-0.077107,0
37.805556,-0.455000,-0.081750,0
37.808333,-0.475000,-0.085699,0
37.811111,-0.465000,-0.087271,0
37.813889,-0.465000,-0.085727,0
37.816667,-0.455000,-0.081580,0
37.819444,-0.440000,-0.076185,0
37.822222,-0.440000,-0.070969,0
37.825000,-0.445000,-0.066878,0
37.827778,-0.445000,-0.064353,0
37.830556,-0.440000,-0.063658,0
37.833333,-0.440000,-0.065111,0
37.836111,-0.435000,-0.068908,0
37.838889,-0.440000,-0.074676,0
37.841667,-0.455000,-0.081193,0
37.844444,-0.465000,-0.086633,0
37.847222,-0.470000,-0.089340,0
37.850000,-0.475000,-0.088669,0
37.852778,-0.450000,-0.085317,0
37.855556,-0.445000,-0.080860,0
37.858333,-0.440000,-0.076809,0
37.861111,-0.450000,-0.073926,0
37.863889,-0.460000,-0.072279,0
37.866667,-0.450000,-0.071815,0
37.869444,-0.435000,-0.072713,0
37.872222,-0.435000,-0.075130,0
37.875000,-0.455000,-0.078689,0
37.877778,-0.460000,-0.082406,0
37.880556,-0.465000,-0.085204,0
37.883333,-0.460000,-0.086516,0
37.886111,-0.450000,-0.086464,0
37.888889,-0.455000,-0.085565,0
37.891667,-0.455000,-0.084352,0
37.894444,-0.465000,-0.083278,0
37.897222,-0.455000,-0.082878,0
37.900000,-0.455000,-0.083830,0
37.902778,-0.445000,-0.086689,0
37.905556,-0.465000,-0.091475,0
37.908333,-0.470000,-0.097535,0
37.911111,-0.480000,-0.103876,0
37.913889,-0.485000,-0.109725,0
37.916667,-0.490000,-0.114885,0
37.919444,-0.485000,-0.119644,0
37.922222,-0.480000,-0.124246,0
37.925000,-0.495000,-0.128356,0
37.927778,-0.515000,-0.131072,0
37.930556,-0.515000,-0.131631,0
37.933333,-0.505000,-0.130194,0
37.936111,-0.485000,-0.127903,0
37.938889,-0.480000,-0.126037,0
37.941667,-0.495000,-0.125004,0
37.944444,-0.505000,-0.124062,0
37.947222,-0.495000,-0.121948,0
37.950000,-0.495000,-0.117760,0
37.952778,-0.475000,-0.111391,0
37.955556,-0.460000,-0.103296,0
37.958333,-0.465000,-0.094011,0
37.961111,-0.465000,-0.083943,0
37.963889,-0.445000,-0.073568,0
37.966667,-0.430000,-0.063598,0
37.969444,-0.410000,-0.054718,0
37.972222,-0.415000,-0.047075,0
37.975000,-0.410000,-0.040098,0
37.977778,-0.410000,-0.032910,0
37.980556,-0.405000,-0.025056,0
37.983333,-0.380000,-0.016923,0
37.986111,-0.365000,-0.009459,0
37.988889,-0.365000,-0.003398,0
37.991667,-0.370000,0.001311,0
37.994444,-0.370000,0.005389,0
37.997222,-0.360000,0.009606,0
38.000000,-0.355000,0.014219,0
38.002778,-0.345000,0.018865,0
38.005556,-0.345000,0.022870,0
38.008333,-0.330000,0.025706,0
38.011111,-0.345000,0.027299,0
38.013889,-0.345000,0.027997,0
38.016667,-0.335000,0.028274,0
38.019444,-0.340000,0.028478,0
38.022222,-0.335000,0.028793,0
38.025000,-0.330000,0.029334,0
38.027778,-0.345000,0.030176,0
38.030556,-0.340000,0.031214,0
38.033333,-0.335000,0.032037,0
38.036111,-0.320000,0.032119,0
38.038889,-0.330000,0.031290,0
38.041667,-0.335000,0.030038,0
38.044444,-0.350000,0.029209,0
38.047222,-0.345000,0.029306,0
38.050000,-0.330000,0.030020,0
38.052778,-0.320000,0.030500,0
38.055556,-0.330000,0.030111,0
38.058333,-0.340000,0.028937,0
38.061111,-0.345000,0.027546,0
38.063889,-0.350000,0.026308,0
38.066667,-0.335000,0.024962,0
38.069444,-0.325000,0.022898,0
38.072222,-0.340000,0.019923,0
38.075000,-0.345000,0.016747,0
38.077778,-0.360000,0.014645,0
38.080556,-0.370000,0.014506,0
38.083333,-0.340000,0.016064,0
38.086111,-0.330000,0.018039,0
38.088889,-0.340000,0.019096,0
38.091667,-0.340000,0.018754,0
38.094444,-0.355000,0.017507,0
38.097222,-0.350000,0.016197,0
38.100000,-0.360000,0.015236,0
38.102778,-0.340000,0.014296,0
38.105556,-0.335000,0.012707,0
38.108333,-0.350000,0.010171,0
38.111111,-0.360000,0.007123,0
38.113889,-0.370000,0.004368,0
38.116667,-0.360000,0.002411,0
38.119444,-0.355000,0.001143,0
38.122222,-0.350000,0.000129,0
38.125000,-0.365000,-0.000913,0
38.127778,-0.375000,-0.001981,0
38.130556,-0.360000,-0.003054,0
38.133333,-0.370000,-0.004329,0
38.136111,-0.360000,-0.006093,0
38.138889,-0.360000,-0.008321,0
38.141667,-0.370000,-0.010387,0
38.144444,-0.380000,-0.011240,0
38.147222,-0.380000,-0.010039,0
38.150000,-0.370000,-0.006767,0
38.152778,-0.350000,-0.002288,0
38.155556,-0.350000,0.002234,0
38.158333,-0.355000,0.006004,0
38.161111,-0.360000,0.008769,0
38.163889,-0.350000,0.010503,0
38.166667,-0.350000,0.011071,0
38.169444,-0.340000,0.010263,0
38.172222,-0.345000,0.008139,0
38.175000,-0.355000,0.005244,0
38.177778,-0.365000,0.002398,0
38.180556,-0.365000,0.000146,0
38.183333,-0.360000,-0.001623,0
38.186111,-0.350000,-0.003514,0
38.188889,-0.360000,-0.006012,0
38.191667,-0.365000,-0.008962,0
38.194444,-0.375000,-0.011608,0
38.197222,-0.380000,-0.013134,0
38.200000,-0.375000,-0.013258,0
38.202778,-0.360000,-0.012354,0
38.205556,-0.355000,-0.011013,0
38.208333,-0.370000,-0.009499,0
38.211111,-0.380000,-0.007713,0
38.213889,-0.365000,-0.005630,0
38.216667,-0.350000,-0.003612,0
38.219444,-0.355000,-0.002170,0
38.222222,-0.355000,-0.001454,0
38.225000,-0.355000,-0.001058,0
38.227778,-0.370000,-0.000330,0
38.230556,-0.360000,0.001078,0
38.233333,-0.350000,0.002928,0
38.236111,-0.335000,0.004725,0
38.238889,-0.345000,0.006389,0
38.241667,-0.350000,0.008596,0
38.244444,-0.355000,0.012366,0
38.247222,-0.345000,0.018231,0
38.250000,-0.325000,0.025727,0
38.252778,-0.310000,0.033666,0
38.255556,-0.310000,0.040958,0
38.258333,-0.305000,0.047282,0
38.261111,-0.305000,0.053142,0
38.263889,-0.305000,0.059368,0
38.266667,-0.285000,0.066511,0
38.269444,-0.275000,0.074588,0
38.272222,-0.265000,0.083241,0
38.275000,-0.265000,0.092002,0
38.277778,-0.260000,0.100344,0
38.280556,-0.245000,0.107566,0
38.283333,-0.240000,0.112839,0
38.286111,-0.225000,0.115549,0
38.288889,-0.240000,0.115719,0
38.291667,-0.235000,0.114124,0
38.294444,-0.245000,0.111917,0
38.297222,-0.260000,0.109970,0
38.300000,-0.240000,0.108377,0
38.302778,-0.230000,0.106584,0
38.305556,-0.245000,0.104086,0
38.308333,-0.255000,0.101069,0
38.311111,-0.250000,0.098444,0
38.313889,-0.255000,0.097352,0
38.316667,-0.260000,0.098481,0
38.319444,-0.260000,0.101492,0
38.322222,-0.240000,0.104841,0
38.325000,-0.240000,0.106199,0
38.327778,-0.245000,0.103335,0
38.330556,-0.250000,0.094986,0
38.333333,-0.270000,0.081304,0
38.336111,-0.285000,0.063786,0
38.338889,-0.305000,0.044793,0
38.341667,-0.330000,0.026834,0
38.344444,-0.345000,0.011837,0
38.347222,-0.345000,0.000691,0
38.350000,-0.355000,-0.006718,0
38.352778,-0.355000,-0.011067,0
38.355556,-0.360000,-0.013100,0
38.358333,-0.365000,-0.013395,0
38.361111,-0.365000,-0.012470,0
38.363889,-0.370000,-0.011034,0
38.366667,-0.350000,-0.010030,0
38.369444,-0.350000,-0.010277,0
38.372222,-0.355000,-0.011920,0
38.375000,-0.365000,-0.014242,0
38.377778,-0.375000,-0.016120,0
38.380556,-0.375000,-0.016851,0
38.383333,-0.360000,-0.016665,0
38.386111,-0.355000,-0.016495,0
38.388889,-0.355000,-0.017171,0
38.391667,-0.360000,-0.018771,0
38.394444,-0.380000,-0.020725,0
38.397222,-0.385000,-0.022687,0
38.400000,-0.375000,-0.025499,0
38.402778,-0.370000,-0.031420,0
38.405556,-0.385000,-0.043381,0
38.408333,-0.410000,-0.063793,0
38.411111,-0.445000,-0.093554,0
38.413889,-0.490000,-0.131438,0
38.416667,-0.505000,-0.173528,0
38.419444,-0.525000,-0.212471,0
38.422222,-0.580000,-0.237082,0
38.425000,-0.595000,-0.233320,0
38.427778,-0.545000,-0.186964,0
38.430556,-0.410000,-0.087031,0
38.433333,-0.260000,0.071135,0
38.436111,-0.085000,0.283083,0
38.438889,0.120000,0.532421,0
38.441667,0.390000,0.789021,0
38.444444,0.635000,1.010921,0
38.447222,0.845000,1.152152,0
38.450000,0.930000,1.175810,1
38.452778,0.860000,1.068076,0
38.455556,0.575000,0.846601,0
38.458333,0.160000,0.557676,0
38.461111,-0.215000,0.261621,0
38.463889,-0.455000,0.012549,0
38.466667,-0.530000,-0.157696,0
38.469444,-0.540000,-0.244327,0
38.472222,-0.535000,-0.263158,0
38.475000,-0.550000,-0.238887,0
38.477778,-0.535000,-0.195032,0
38.480556,-0.510000,-0.148921,0
38.483333,-0.460000,-0.110985,0
38.486111,-0.410000,-0.085867,0
38.488889,-0.410000,-0.073658,0
38.491667,-0.425000,-0.071202,0
38.494444,-0.430000,-0.073884,0
38.497222,-0.430000,-0.077627,0
38.500000,-0.425000,-0.080203,0
38.502778,-0.410000,-0.081276,0
38.505556,-0.410000,-0.081444,0
38.508333,-0.425000,-0.081169,0
38.511111,-0.430000,-0.080380,0
38.513889,-0.425000,-0.078821,0
38.516667,-0.420000,-0.076550,0
38.519444,-0.405000,-0.074023,0
38.522222,-0.410000,-0.071734,0
38.525000,-0.410000,-0.069840,0
38.527778,-0.410000,-0.068148,0
38.530556,-0.420000,-0.066473,0
38.533333,-0.405000,-0.065016,0
38.536111,-0.395000,-0.064338,0
38.538889,-0.395000,-0.064889,0
38.541667,-0.410000,-0.066530,0
38.544444,-0.415000,-0.068589,0
38.547222,-0.420000,-0.070408,0
38.550000,-0.410000,-0.071852,0
38.552778,-0.400000,-0.073252,0
38.555556,-0.410000,-0.074894,0
38.558333,-0.420000,-0.076595,0
38.561111,-0.420000,-0.077814,0
38.563889,-0.425000,-0.078150,0
38.566667,-0.415000,-0.077757,0
38.569444,-0.415000,-0.077297,0
38.572222,-0.405000,-0.077473,0
38.575000,-0.415000,-0.078481,0
38.577778,-0.420000,-0.079839,0
38.580556,-0.430000,-0.080734,0
38.583333,-0.425000,-0.080624,0
38.586111,-0.405000,-0.079518,0
38.588889,-0.410000,-0.077714,0
38.591667,-0.410000,-0.075339,0
38.594444,-0.420000,-0.072262,0
38.597222,-0.415000,-0.068489,0
38.600000,-0.400000,-0.064542,0
38.602778,-0.385000,-0.061333,0
38.605556,-0.395000,-0.059579,0
38.608333,-0.395000,-0.059332,0
38.611111,-0.405000,-0.060070,0
38.613889,-0.405000,-0.061228,0
38.616667,-0.400000,-0.062649,0
38.619444,-0.390000,-0.064530,0
38.622222,-0.395000,-0.066935,0
38.625000,-0.405000,-0.069395,0
38.627778,-0.420000,-0.071097,0
38.630556,-0.420000,-0.071581,0
38.633333,-0.405000,-0.071274,0
38.636111,-0.390000,-0.071239,0
38.638889,-0.400000,-0.072273,0
38.641667,-0.410000,-0.074168,0
38.644444,-0.420000,-0.075836,0
38.647222,-0.425000,-0.076179,0
38.650000,-0.410000,-0.074957,0
38.652778,-0.400000,-0.072927,0
38.655556,-0.395000,-0.071225,0
38.658333,-0.405000,-0.070556,0
38.661111,-0.410000,-0.070894,0
38.663889,-0.420000,-0.071829,0
38.666667,-0.400000,-0.073067,0
38.669444,-0.405000,-0.074578,0
38.672222,-0.405000,-0.076308,0
38.675000,-0.410000,-0.077909,0
38.677778,-0.425000,-0.078862,0
38.680556,-0.415000,-0.078927,0
38.683333,-0.415000,-0.078461,0
38.686111,-0.400000,-0.078245,0
38.688889,-0.405000,-0.078907,0
38.691667,-0.415000,-0.080466,0
38.694444,-0.430000,-0.082437,0
38.697222,-0.420000,-0.084375,0
38.700000,-0.410000,-0.086267,0
38.702778,-0.420000,-0.088407,0
38.705556,-0.425000,-0.090993,0
38.708333,-0.420000,-0.093894,0
38.711111,-0.440000,-0.096729,0
38.713889,-0.430000,-0.099125,0
38.716667,-0.435000,-0.100924,0
38.719444,-0.430000,-0.102140,0
38.722222,-0.430000,-0.102724,0
38.725000,-0.435000,-0.102371,0
38.727778,-0.440000,-0.100596,0
38.730556,-0.430000,-0.097009,0
38.733333,-0.420000,-0.091515,0
38.736111,-0.410000,-0.084245,0
38.738889,-0.410000,-0.075335,0
38.741667,-0.395000,-0.064870,0
38.744444,-0.385000,-0.053029,0
38.747222,-0.380000,-0.040340,0
38.750000,-0.360000,-0.027798,0
38.752778,-0.340000,-0.016670,0
38.755556,-0.330000,-0.007980,0
38.758333,-0.335000,-0.002016,0
38.761111,-0.335000,0.001721,0
38.763889,-0.330000,0.004127,0
38.766667,-0.320000,0.006045,0
38.769444,-0.320000,0.008083,0
38.772222,-0.320000,0.010650,0
38.775000,-0.320000,0.013957,0
38.777778,-0.310000,0.017916,0
38.780556,-0.315000,0.022070,0
38.783333,-0.300000,0.025706,0
38.786111,-0.295000,0.028175,0
38.788889,-0.295000,0.029293,0
38.791667,-0.305000,0.029494,0
38.794444,-0.305000,0.029550,0
38.797222,-0.305000,0.030056,0
38.800000,-0.295000,0.031107,0
38.802778,-0.285000,0.032423,0
38.805556,-0.300000,0.033724,0
38.808333,-0.295000,0.034921,0
38.811111,-0.295000,0.035969,0
38.813889,-0.300000,0.036596,0
38.816667,-0.290000,0.036257,0
38.819444,-0.280000,0.034452,0
38.822222,-0.295000,0.031226,0
38.825000,-0.305000,0.027361,0
38.827778,-0.310000,0.023963,0
38.830556,-0.320000,0.021732,0
38.833333,-0.300000,0.020489,0
38.836111,-0.300000,0.019399,0
38.838889,-0.310000,0.017672,0
38.841667,-0.305000,0.015175,0
38.844444,-0.320000,0.012503,0
38.847222,-0.325000,0.010517,0
38.850000,-0.325000,0.009692,0
38.852778,-0.315000,0.009758,0
38.855556,-0.305000,0.009953,0
38.858333,-0.315000,0.009649,0
38.861111,-0.320000,0.008783,0
38.863889,-0.330000,0.007727,0
38.866667,-0.325000,0.006819,0
38.869444,-0.305000,0.006092,0
38.872222,-0.325000,0.005430,0
38.875000,-0.320000,0.004839,0
38.877778,-0.325000,0.004428,0
38.880556,-0.335000,0.004134,0
38.883333,-0.315000,0.003530,0
38.886111,-0.320000,0.002017,0
38.888889,-0.320000,-0.000681,0
38.891667,-0.330000,-0.004171,0
38.894444,-0.340000,-0.007553,0
38.897222,-0.345000,-0.010023,0
38.900000,-0.345000,-0.011449,0
38.902778,-0.325000,-0.012405,0
38.905556,-0.325000,-0.013568,0
38.908333,-0.345000,-0.015018,0
38.911111,-0.350000,-0.016149,0
38.913889,-0.350000,-0.016266,0
38.916667,-0.345000,-0.015246,0
38.919444,-0.325000,-0.013607,0
38.922222,-0.330000,-0.011980,0
38.925000,-0.340000,-0.010552,0
38.927778,-0.340000,-0.009029,0
38.930556,-0.335000,-0.007099,0
38.933333,-0.335000,-0.004892,0
38.936111,-0.320000,-0.003018,0
38.938889,-0.325000,-0.002200,0
38.941667,-0.320000,-0.002804,0
38.944444,-0.340000,-0.004655,0
38.947222,-0.335000,-0.007259,0
38.950000,-0.330000,-0.010146,0
38.952778,-0.340000,-0.013006,0
38.955556,-0.335000,-0.015586,0
38.958333,-0.340000,-0.017560,0
38.961111,-0.345000,-0.018572,0
38.963889,-0.355000,-0.018485,0
38.966667,-0.340000,-0.017629,0
38.969444,-0.330000,-0.016718,0
38.972222,-0.340000,-0.016403,0
38.975000,-0.340000,-0.016842,0
38.977778,-0.345000,-0.017680,0
38.980556,-0.350000,-0.018377,0
38.983333,-0.335000,-0.018556,0
38.986111,-0.345000,-0.018088,0
38.988889,-0.335000,-0.016965,0
38.991667,-0.340000,-0.015157,0
38.994444,-0.335000,-0.012641,0
38.997222,-0.345000,-0.009604,0
39.000000,-0.330000,-0.006635,0
39.002778,-0.320000,-0.004621,0
39.005556,-0.325000,-0.004277,0
39.008333,-0.320000,-0.005629,0
39.011111,-0.335000,-0.007918,0
39.013889,-0.350000,-0.010079,0
39.016667,-0.340000,-0.011463,0
39.019444,-0.325000,-0.012127,0
39.022222,-0.320000,-0.012381,0
39.025000,-0.335000,-0.012044,0
39.027778,-0.345000,-0.010249,0
39.030556,-0.330000,-0.005995,0
39.033333,-0.330000,0.001080,0
39.036111,-0.305000,0.010359,0
39.038889,-0.305000,0.020511,0
39.041667,-0.285000,0.030091,0
39.044444,-0.285000,0.038129,0
39.047222,-0.275000,0.044436,0
39.050000,-0.280000,0.049555,0
39.052778,-0.265000,0.054454,0
39.055556,-0.260000,0.060178,0
39.058333,-0.255000,0.067546,0
39.061111,-0.250000,0.076845,0
39.063889,-0.245000,0.087518,0
39.066667,-0.225000,0.098045,0
39.069444,-0.210000,0.106358,0
39.072222,-0.190000,0.110732,0
39.075000,-0.220000,0.110642,0
39.077778,-0.220000,0.106903,0
39.080556,-0.230000,0.101035,0
39.083333,-0.230000,0.094465,0
39.086111,-0.220000,0.088207,0
39.088889,-0.235000,0.083035,0
39.091667,-0.245000,0.079650,0
39.094444,-0.260000,0.078382,0
39.097222,-0.250000,0.078660,0
39.100000,-0.240000,0.078919,0
39.102778,-0.230000,0.077413,0
39.105556,-0.230000,0.073539,0
39.108333,-0.245000,0.068718,0
39.111111,-0.270000,0.065929,0
39.113889,-0.285000,0.067914,0
39.116667,-0.255000,0.075121,0
39.119444,-0.230000,0.084917,0
39.122222,-0.215000,0.092700,0
39.125000,-0.210000,0.094181,0
39.127778,-0.225000,0.087366,0
39.130556,-0.260000,0.073154,0
39.133333,-0.285000,0.054451,0
39.136111,-0.280000,0.034647,0
39.138889,-0.305000,0.016494,0
39.141667,-0.315000,0.001761,0
39.144444,-0.335000,-0.008723,0
39.147222,-0.345000,-0.015042,0
39.150000,-0.335000,-0.018135,0
39.152778,-0.335000,-0.019475,0
39.155556,-0.340000,-0.020507,0
39.158333,-0.340000,-0.022183,0
39.161111,-0.355000,-0.024893,0
39.163889,-0.355000,-0.028728,0
39.166667,-0.355000,-0.033712,0
39.169444,-0.345000,-0.039705,0
39.172222,-0.365000,-0.046082,0
39.175000,-0.385000,-0.051700,0
39.177778,-0.380000,-0.055421,0
39.180556,-0.385000,-0.056794,0
39.183333,-0.375000,-0.056315,0
39.186111,-0.365000,-0.055025,0
39.188889,-0.370000,-0.053787,0
39.191667,-0.375000,-0.052827,0
39.194444,-0.380000,-0.051908,0
39.197222,-0.380000,-0.050998,0
39.200000,-0.375000,-0.050889,0
39.202778,-0.370000,-0.053272,0
39.205556,-0.375000,-0.060224,0
39.208333,-0.390000,-0.073456,0
39.211111,-0.425000,-0.093818,0
39.213889,-0.455000,-0.121201,0
39.216667,-0.485000,-0.154441,0
39.219444,-0.485000,-0.190621,0
39.222222,-0.520000,-0.223756,0
39.225000,-0.555000,-0.243886,0
39.227778,-0.585000,-0.237882,0
39.230556,-0.530000,-0.192121,0
39.233333,-0.385000,-0.095804,0
39.236111,-0.235000,0.056277,0
39.238889,-0.095000,0.261157,0
39.241667,0.115000,0.504492,0
39.244444,0.365000,0.757844,0
39.247222,0.635000,0.979798,0
39.250000,0.840000,1.123648,0
39.252778,0.925000,1.151012,1
39.255556,0.860000,1.046693,0
39.258333,0.595000,0.827937,0
39.261111,0.195000,0.542282,0
39.263889,-0.220000,0.252853,0
39.266667,-0.445000,0.016760,0
39.269444,-0.505000,-0.133171,0
39.272222,-0.480000,-0.194810,0
39.275000,-0.435000,-0.190013,0
39.277778,-0.415000,-0.150651,0
39.280556,-0.405000,-0.105354,0
39.283333,-0.390000,-0.072019,0
39.286111,-0.390000,-0.056719,0
39.288889,-0.395000,-0.056826,0
39.291667,-0.400000,-0.065584,0
39.294444,-0.410000,-0.076139,0
39.297222,-0.415000,-0.083973,0
39.300000,-0.400000,-0.087544,0
39.302778,-0.395000,-0.087486,0
39.305556,-0.405000,-0.085219,0
39.308333,-0.405000,-0.081928,0
39.311111,-0.405000,-0.078341,0
39.313889,-0.405000,-0.075048,0
39.316667,-0.395000,-0.072778,0
39.319444,-0.380000,-0.072235,0
39.322222,-0.390000,-0.073607,0
39.325000,-0.405000,-0.076259,0
39.327778,-0.405000,-0.079021,0
39.330556,-0.410000,-0.080880,0
39.333333,-0.405000,-0.081511,0
39.336111,-0.395000,-0.081265,0
39.338889,-0.395000,-0.080709,0
39.341667,-0.405000,-0.080161,0
39.344444,-0.410000,-0.079649,0
39.347222,-0.405000,-0.079258,0
39.350000,-0.405000,-0.079395,0
39.352778,-0.390000,-0.080606,0
39.355556,-0.400000,-0.083020,0
39.358333,-0.405000,-0.085943,0
39.361111,-0.420000,-0.088059,0
39.363889,-0.425000,-0.088201,0
39.366667,-0.405000,-0.086114,0
39.369444,-0.400000,-0.082580,0
39.372222,-0.395000,-0.078837,0
39.375000,-0.395000,-0.075816,0
39.377778,-0.400000,-0.073767,0
39.380556,-0.400000,-0.072432,0
39.383333,-0.400000,-0.071470,0
39.386111,-0.385000,-0.070733,0
39.388889,-0.390000,-0.070206,0
39.391667,-0.395000,-0.069815,0
39.394444,-0.395000,-0.069414,0
39.397222,-0.400000,-0.068982,0
39.400000,-0.385000,-0.068738,0
39.402778,-0.385000,-0.068977,0
39.405556,-0.395000,-0.069756,0
39.408333,-0.395000,-0.070796,0
39.411111,-0.400000,-0.071718,0
39.413889,-0.400000,-0.072397,0
39.416667,-0.395000,-0.073091,0
39.419444,-0.390000,-0.074204,0
39.422222,-0.395000,-0.075843,0
39.425000,-0.400000,-0.077556,0
39.427778,-0.410000,-0.078535,0
39.430556,-0.410000,-0.078210,0
39.433333,-0.405000,-0.076746,0
39.436111,-0.390000,-0.075009,0
39.438889,-0.385000,-0.073911,0
39.441667,-0.395000,-0.073677,0
39.444444,-0.405000,-0.073668,0
39.447222,-0.410000,-0.072965,0
39.450000,-0.400000,-0.071182,0
39.452778,-0.380000,-0.068764,0
39.455556,-0.385000,-0.066553,0
39.458333,-0.390000,-0.065134,0
39.461111,-0.395000,-0.064577,0
39.463889,-0.395000,-0.064675,0
39.466667,-0.385000,-0.065257,0
39.469444,-0.385000,-0.066212,0
39.472222,-0.390000,-0.067315,0
39.475000,-0.400000,-0.068189,0
39.477778,-0.395000,-0.068568,0
39.480556,-0.400000,-0.068611,0
39.483333,-0.390000,-0.068930,0
39.486111,-0.385000,-0.070209,0
39.488889,-0.395000,-0.072663,0
39.491667,-0.405000,-0.075807,0
39.494444,-0.405000,-0.078759,0
39.497222,-0.420000,-0.080879,0
39.500000,-0.410000,-0.082250,0
39.502778,-0.395000,-0.083572,0
39.505556,-0.405000,-0.085498,0
39.508333,-0.410000,-0.087943,0
39.511111,-0.425000,-0.090000,0
39.513889,-0.420000,-0.090531,0
39.516667,-0.425000,-0.088927,0
39.519444,-0.400000,-0.085463,0
39.522222,-0.405000,-0.081049,0
39.525000,-0.405000,-0.076691,0
39.527778,-0.395000,-0.073098,0
39.530556,-0.405000,-0.070597,0
39.533333,-0.395000,-0.069200,0
39.536111,-0.385000,-0.068625,0
39.538889,-0.395000,-0.068257,0
39.541667,-0.400000,-0.067243,0
39.544444,-0.395000,-0.064880,0
39.547222,-0.395000,-0.061048,0
39.550000,-0.380000,-0.056307,0
39.552778,-0.365000,-0.051490,0
39.555556,-0.375000,-0.047081,0
39.558333,-0.370000,-0.042891,0
39.561111,-0.370000,-0.038311,0
39.563889,-0.375000,-0.032939,0
39.566667,-0.355000,-0.027019,0
39.569444,-0.330000,-0.021277,0
39.572222,-0.335000,-0.016208,0
39.575000,-0.345000,-0.011543,0
39.577778,-0.350000,-0.006526,0
39.580556,-0.335000,-0.000772,0
39.583333,-0.320000,0.005181,0
39.586111,-0.305000,0.010174,0
39.588889,-0.310000,0.013295,0
39.591667,-0.315000,0.014550,0
39.594444,-0.320000,0.014811,0
39.597222,-0.320000,0.015222,0
39.600000,-0.310000,0.016567,0
39.602778,-0.305000,0.019057,0
39.605556,-0.310000,0.022486,0
39.608333,-0.295000,0.026491,0
39.611111,-0.305000,0.030659,0
39.613889,-0.300000,0.034477,0
39.616667,-0.290000,0.037283,0
39.619444,-0.285000,0.038409,0
39.622222,-0.290000,0.037525,0
39.625000,-0.295000,0.034894,0
39.627778,-0.300000,0.031288,0
39.630556,-0.305000,0.027628,0
39.633333,-0.310000,0.024555,0
39.636111,-0.310000,0.022199,0
39.638889,-0.305000,0.020285,0
39.641667,-0.300000,0.018522,0
39.644444,-0.315000,0.016960,0
39.647222,-0.330000,0.015914,0
39.650000,-0.320000,0.015500,0
39.652778,-0.305000,0.015325,0
39.655556,-0.310000,0.014745,0
39.658333,-0.320000,0.013397,0
39.661111,-0.315000,0.011447,0
39.663889,-0.340000,0.009356,0
39.666667,-0.320000,0.007476,0
39.669444,-0.315000,0.005921,0
39.672222,-0.325000,0.004813,0
39.675000,-0.330000,0.004518,0
39.677778,-0.330000,0.005485,0
39.680556,-0.335000,0.007805,0
39.683333,-0.315000,0.010924,0
39.686111,-0.315000,0.013824,0
39.688889,-0.310000,0.015570,0
39.691667,-0.320000,0.015777,0
39.694444,-0.320000,0.014673,0
39.697222,-0.320000,0.012803,0
39.700000,-0.330000,0.010657,0
39.702778,-0.320000,0.008473,0
39.705556,-0.320000,0.006305,0
39.708333,-0.330000,0.004230,0
39.711111,-0.340000,0.002400,0
39.713889,-0.330000,0.000883,0
39.716667,-0.335000,-0.000471,0
39.719444,-0.335000,-0.001930,0
39.722222,-0.330000,-0.003623,0
39.725000,-0.340000,-0.005344,0
39.727778,-0.345000,-0.006639,0
39.730556,-0.350000,-0.007171,0
39.733333,-0.345000,-0.007072,0
39.736111,-0.330000,-0.006905,0
39.738889,-0.335000,-0.007193,0
39.741667,-0.345000,-0.007955,0
39.744444,-0.350000,-0.008714,0
39.747222,-0.350000,-0.009004,0
39.750000,-0.350000,-0.008865,0
39.752778,-0.335000,-0.008886,0
39.755556,-0.340000,-0.009727,0
39.758333,-0.340000,-0.011520,0
39.761111,-0.360000,-0.013687,0
39.763889,-0.355000,-0.015328,0
39.766667,-0.360000,-0.015849,0
39.769444,-0.345000,-0.015259,0
39.772222,-0.340000,-0.013948,0
39.775000,-0.350000,-0.012228,0
39.777778,-0.355000,-0.010168,0
39.780556,-0.350000,-0.007864,0
39.783333,-0.345000,-0.005750,0
39.786111,-0.335000,-0.004506,0
39.788889,-0.330000,-0.004560,0
39.791667,-0.345000,-0.005609,0
39.794444,-0.350000,-0.006690,0
39.797222,-0.355000,-0.006833,0
39.800000,-0.350000,-0.005791,0
39.802778,-0.335000,-0.004259,0
39.805556,-0.335000,-0.003360,0
39.808333,-0.335000,-0.003816,0
39.811111,-0.345000,-0.005441,0
39.813889,-0.355000,-0.007316,0
39.816667,-0.355000,-0.008476,0
39.819444,-0.350000,-0.008529,0
39.822222,-0.335000,-0.007736,0
39.825000,-0.340000,-0.006579,0
39.827778,-0.350000,-0.005341,0
39.830556,-0.360000,-0.004144,0
39.833333,-0.345000,-0.003240,0
39.836111,-0.325000,-0.002960,0
39.838889,-0.335000,-0.003123,0
39.841667,-0.345000,-0.002542,0
39.844444,-0.350000,0.000699,0
39.847222,-0.340000,0.008217,0
39.850000,-0.325000,0.020323,0
39.852778,-0.305000,0.035657,0
39.855556,-0.290000,0.051653,0
39.858333,-0.265000,0.065541,0
39.861111,-0.255000,0.075413,0
39.863889,-0.275000,0.080829,0
39.866667,-0.260000,0.082717,0
39.869444,-0.250000,0.082798,0
39.872222,-0.265000,0.082971,0
39.875000,-0.265000,0.084763,0
39.877778,-0.255000,0.088816,0
39.880556,-0.250000,0.094608,0
39.883333,-0.250000,0.100639,0
39.886111,-0.225000,0.105075,0
39.888889,-0.225000,0.106640,0
39.891667,-0.240000,0.105306,0
39.894444,-0.250000,0.102261,0
39.897222,-0.250000,0.099168,0
39.900000,-0.250000,0.097249,0
39.902778,-0.245000,0.096809,0
39.905556,-0.245000,0.097319,0
39.908333,-0.250000,0.097802,0
39.911111,-0.245000,0.097256,0
39.913889,-0.255000,0.095002,0
39.916667,-0.250000,0.090990,0
39.919444,-0.245000,0.086086,0
39.922222,-0.265000,0.082137,0
39.925000,-0.265000,0.081483,0
39.927778,-0.275000,0.085806,0
39.930556,-0.275000,0.094803,0
39.933333,-0.245000,0.105565,0
39.936111,-0.210000,0.113440,0
39.938889,-0.205000,0.114198,0
39.941667,-0.235000,0.106177,0
39.944444,-0.275000,0.090863,0
39.947222,-0.300000,0.071610,0
39.950000,-0.290000,0.051745,0
39.952778,-0.300000,0.033533,0
39.955556,-0.330000,0.018286,0
39.958333,-0.345000,0.006807,0
39.961111,-0.350000,-0.000574,0
39.963889,-0.365000,-0.004274,0
39.966667,-0.355000,-0.005568,0
39.969444,-0.340000,-0.006189,0
39.972222,-0.350000,-0.007526,0
39.975000,-0.360000,-0.009977,0
39.977778,-0.375000,-0.013023,0
39.980556,-0.370000,-0.015901,0
39.983333,-0.370000,-0.018228,0
39.986111,-0.360000,-0.020064,0
39.988889,-0.365000,-0.021484,0
39.991667,-0.375000,-0.022204,0
39.994444,-0.380000,-0.021726,0
39.997222,-0.385000,-0.019895,0
40.000000,-0.360000,-0.017318,0
40.002778,-0.360000,-0.015158,0
40.005556,-0.360000,-0.014451,0
40.008333,-0.360000,-0.015544,0
40.011111,-0.380000,-0.018218,0
40.013889,-0.390000,-0.022471,0
40.016667,-0.395000,-0.029384,0
40.019444,-0.375000,-0.041259,0
40.022222,-0.405000,-0.060695,0
40.025000,-0.450000,-0.089210,0
40.027778,-0.490000,-0.126234,0
40.030556,-0.520000,-0.168590,0
40.033333,-0.545000,-0.209966,0
40.036111,-0.570000,-0.240343,0
40.038889,-0.600000,-0.246153,0
40.041667,-0.565000,-0.212096,0
40.044444,-0.480000,-0.124724,0
40.047222,-0.335000,0.022944,0
40.050000,-0.170000,0.226740,0
40.052778,0.040000,0.467761,0
40.055556,0.315000,0.711805,0
40.058333,0.570000,0.914083,0
40.061111,0.730000,1.029878,1
40.063889,0.770000,1.028553,0
40.066667,0.655000,0.905650,0
40.069444,0.380000,0.687360,0
40.072222,0.000000,0.423975,0
40.075000,-0.310000,0.173621,0
40.077778,-0.485000,-0.017144,0
40.080556,-0.520000,-0.126995,0
40.083333,-0.475000,-0.161946,0
40.086111,-0.420000,-0.146505,0
40.088889,-0.410000,-0.109956,0
40.091667,-0.425000,-0.075046,0
40.094444,-0.425000,-0.053212,0
40.097222,-0.430000,-0.045988,0
40.100000,-0.430000,-0.049376,0
40.102778,-0.410000,-0.057964,0
40.105556,-0.420000,-0.067227,0
40.108333,-0.440000,-0.074190,0
40.111111,-0.435000,-0.077431,0
40.113889,-0.445000,-0.077003,0
40.116667,-0.440000,-0.074261,0
40.119444,-0.425000,-0.071323,0
40.122222,-0.415000,-0.070101,0
40.125000,-0.425000,-0.071317,0
40.127778,-0.440000,-0.074151,0
40.130556,-0.455000,-0.076899,0
40.133333,-0.450000,-0.078161,0
40.136111,-0.430000,-0.077610,0
40.138889,-0.425000,-0.075800,0
40.141667,-0.430000,-0.073386,0
40.144444,-0.445000,-0.070657,0
40.147222,-0.440000,-0.067755,0
40.150000,-0.430000,-0.065149,0
40.152778,-0.415000,-0.063638,0
40.155556,-0.415000,-0.063762,0
40.158333,-0.430000,-0.065213,0
40.161111,-0.440000,-0.066923,0
40.163889,-0.445000,-0.067834,0
40.166667,-0.435000,-0.067681,0
40.169444,-0.415000,-0.067044,0
40.172222,-0.420000,-0.066662,0
40.175000,-0.440000,-0.066704,0
40.177778,-0.435000,-0.066733,0
40.180556,-0.445000,-0.066289,0
40.183333,-0.425000,-0.065423,0
40.186111,-0.420000,-0.064642,0
40.188889,-0.430000,-0.064410,0
40.191667,-0.430000,-0.064748,0
40.194444,-0.440000,-0.065314,0
40.197222,-0.435000,-0.065810,0
40.200000,-0.435000,-0.066286,0
40.202778,-0.425000,-0.067034,0
40.205556,-0.430000,-0.068191,0
40.208333,-0.440000,-0.069422,0
40.211111,-0.440000,-0.070038,0
40.213889,-0.445000,-0.069484,0
40.216667,-0.440000,-0.067785,0
40.219444,-0.425000,-0.065610,0
40.222222,-0.430000,-0.063860,0
40.225000,-0.430000,-0.063127,0
40.227778,-0.435000,-0.063418,0
40.230556,-0.435000,-0.064247,0
40.233333,-0.435000,-0.064914,0
40.236111,-0.430000,-0.064755,0
40.238889,-0.435000,-0.063299,0
40.241667,-0.435000,-0.060435,0
40.244444,-0.430000,-0.056585,0
40.247222,-0.425000,-0.052736,0
40.250000,-0.420000,-0.050131,0
40.252778,-0.405000,-0.049663,0
40.255556,-0.420000,-0.051283,0
40.258333,-0.430000,-0.053905,0
40.261111,-0.435000,-0.056027,0
40.263889,-0.445000,-0.056710,0
40.266667,-0.425000,-0.056177,0
40.269444,-0.410000,-0.055533,0
40.272222,-0.420000,-0.055803,0
40.275000,-0.435000,-0.057162,0
40.277778,-0.440000,-0.059016,0
40.280556,-0.445000,-0.060765,0
40.283333,-0.435000,-0.062453,0
40.286111,-0.430000,-0.064704,0
40.288889,-0.430000,-0.068016,0
40.291667,-0.440000,-0.072067,0
40.294444,-0.460000,-0.075701,0
40.297222,-0.475000,-0.077737,0
40.300000,-0.450000,-0.077913,0
40.302778,-0.440000,-0.077065,0
40.305556,-0.440000,-0.076325,0
40.308333,-0.440000,-0.076134,0
40.311111,-0.475000,-0.076025,0
40.313889,-0.460000,-0.075343,0
40.316667,-0.450000,-0.074135,0
40.319444,-0.440000,-0.073271,0
40.322222,-0.440000,-0.073730,0
40.325000,-0.450000,-0.075753,0
40.327778,-0.460000,-0.078622,0
40.330556,-0.470000,-0.081172,0
40.333333,-0.465000,-0.082574,0
40.336111,-0.450000,-0.082695,0
40.338889,-0.450000,-0.081829,0
40.341667,-0.465000,-0.080178,0
40.344444,-0.455000,-0.077670,0
40.347222,-0.460000,-0.074186,0
40.350000,-0.450000,-0.069850,0
40.352778,-0.435000,-0.065006,0
40.355556,-0.435000,-0.059892,0
40.358333,-0.430000,-0.054334,0
40.361111,-0.435000,-0.047822,0
40.363889,-0.430000,-0.040002,0
40.366667,-0.405000,-0.031153,0
40.369444,-0.405000,-0.022221,0
40.372222,-0.385000,-0.014349,0
40.375000,-0.385000,-0.008260,0
40.377778,-0.385000,-0.003915,0
40.380556,-0.390000,-0.000664,0
40.383333,-0.380000,0.002287,0
40.386111,-0.370000,0.005467,0
40.388889,-0.375000,0.009051,0
40.391667,-0.370000,0.012955,0
40.394444,-0.360000,0.016967,0
40.397222,-0.365000,0.020826,0
40.400000,-0.360000,0.024298,0
40.402778,-0.345000,0.027231,0
40.405556,-0.360000,0.029608,0
40.408333,-0.350000,0.031513,0
40.411111,-0.350000,0.032983,0
40.413889,-0.355000,0.033846,0
40.416667,-0.350000,0.033698,0
40.419444,-0.350000,0.032103,0
40.422222,-0.340000,0.029005,0
40.425000,-0.355000,0.025078,0
40.427778,-0.375000,0.021587,0
40.430556,-0.380000,0.019630,0
40.433333,-0.365000,0.019335,0
40.436111,-0.350000,0.019773,0
40.438889,-0.360000,0.019675,0
40.441667,-0.370000,0.018268,0
40.444444,-0.370000,0.015543,0
40.447222,-0.380000,0.011952,0
40.450000,-0.385000,0.007967,0
40.452778,-0.370000,0.003944,0
40.455556,-0.375000,0.000364,0
40.458333,-0.390000,-0.001904,0
40.461111,-0.400000,-0.001838,0
40.463889,-0.395000,0.001000,0
40.466667,-0.385000,0.005865,0
40.469444,-0.360000,0.010993,0
40.472222,-0.365000,0.014509,0
40.475000,-0.375000,0.015363,0
40.477778,-0.375000,0.013639,0
40.480556,-0.385000,0.010180,0
40.483333,-0.380000,0.006020,0
40.486111,-0.385000,0.002027,0
40.488889,-0.385000,-0.001125,0
40.491667,-0.390000,-0.002895,0
40.494444,-0.395000,-0.002950,0
40.497222,-0.400000,-0.001433,0
40.500000,-0.390000,0.000822,0
40.502778,-0.380000,0.002480,0
40.505556,-0.375000,0.002370,0
40.508333,-0.385000,0.000219,0
40.511111,-0.395000,-0.003168,0
40.513889,-0.415000,-0.006508,0
40.516667,-0.405000,-0.008971,0
40.519444,-0.390000,-0.010647,0
40.522222,-0.390000,-0.012147,0
40.525000,-0.405000,-0.013810,0
40.527778,-0.410000,-0.015315,0
40.530556,-0.415000,-0.015988,0
40.533333,-0.405000,-0.015380,0
40.536111,-0.400000,-0.013581,0
40.538889,-0.410000,-0.011135,0
40.541667,-0.390000,-0.008755,0
40.544444,-0.400000,-0.007041,0
40.547222,-0.405000,-0.006324,0
40.550000,-0.395000,-0.006653,0
40.552778,-0.395000,-0.007808,0
40.555556,-0.400000,-0.009275,0
40.558333,-0.405000,-0.010349,0
40.561111,-0.410000,-0.010468,0
40.563889,-0.410000,-0.009636,0
40.566667,-0.395000,-0.008524,0
40.569444,-0.395000,-0.008064,0
40.572222,-0.395000,-0.008754,0
40.575000,-0.400000,-0.010210,0
40.577778,-0.415000,-0.011345,0
40.580556,-0.415000,-0.011103,0
40.583333,-0.405000,-0.009191,0
40.586111,-0.390000,-0.006241,0
40.588889,-0.390000,-0.003303,0
40.591667,-0.400000,-0.001208,0
40.594444,-0.395000,-0.000334,0
40.597222,-0.405000,-0.000815,0
40.600000,-0.395000,-0.002808,0
40.602778,-0.395000,-0.006445,0
40.605556,-0.400000,-0.011504,0
40.608333,-0.415000,-0.017156,0
40.611111,-0.420000,-0.022124,0
40.613889,-0.430000,-0.025213,0
40.616667,-0.420000,-0.025815,0
40.619444,-0.415000,-0.024012,0
40.622222,-0.410000,-0.020274,0
40.625000,-0.410000,-0.015089,0
40.627778,-0.415000,-0.008900,0
40.630556,-0.405000,-0.002350,0
40.633333,-0.390000,0.003567,0
40.636111,-0.375000,0.007826,0
40.638889,-0.385000,0.009981,0
40.641667,-0.390000,0.010513,0
40.644444,-0.390000,0.010577,0
40.647222,-0.390000,0.011362,0
40.650000,-0.385000,0.013553,0
40.652778,-0.380000,0.017193,0
40.655556,-0.365000,0.021935,0
40.658333,-0.370000,0.027424,0
40.661111,-0.370000,0.033450,0
40.663889,-0.370000,0.039771,0
40.666667,-0.345000,0.045917,0
40.669444,-0.335000,0.051373,0
40.672222,-0.340000,0.056067,0
40.675000,-0.340000,0.060594,0
40.677778,-0.340000,0.065835,0
40.680556,-0.335000,0.072226,0
40.683333,-0.320000,0.079254,0
40.686111,-0.305000,0.085601,0
40.688889,-0.305000,0.089859,0
40.691667,-0.300000,0.091318,0
40.694444,-0.310000,0.090311,0
40.697222,-0.325000,0.087894,0
40.700000,-0.315000,0.085170,0
40.702778,-0.310000,0.082765,0
40.705556,-0.320000,0.080800,0
40.708333,-0.325000,0.079152,0
40.711111,-0.315000,0.077730,0
40.713889,-0.320000,0.076676,0
40.716667,-0.325000,0.076438,0
40.719444,-0.320000,0.077583,0
40.722222,-0.325000,0.080331,0
40.725000,-0.330000,0.083993,0
40.727778,-0.320000,0.086676,0
40.730556,-0.305000,0.085688,0
40.733333,-0.305000,0.078737,0
40.736111,-0.320000,0.065315,0
40.738889,-0.360000,0.047269,0
40.741667,-0.395000,0.027990,0
40.744444,-0.390000,0.010724,0
40.747222,-0.415000,-0.002834,0
40.750000,-0.410000,-0.012836,0
40.752778,-0.405000,-0.020502,0
40.755556,-0.420000,-0.026886,0
40.758333,-0.435000,-0.032071,0
40.761111,-0.445000,-0.035329,0
40.763889,-0.455000,-0.036047,0
40.766667,-0.435000,-0.034585,0
40.769444,-0.425000,-0.032328,0
40.772222,-0.420000,-0.030875,0
40.775000,-0.435000,-0.031069,0
40.777778,-0.430000,-0.032630,0
40.780556,-0.455000,-0.034613,0
40.783333,-0.445000,-0.036230,0
40.786111,-0.430000,-0.037338,0
40.788889,-0.430000,-0.038199,0
40.791667,-0.435000,-0.038875,0
40.794444,-0.455000,-0.038989,0
40.797222,-0.450000,-0.038158,0
40.800000,-0.440000,-0.036574,0
40.802778,-0.430000,-0.035062,0
40.805556,-0.415000,-0.034506,0
40.808333,-0.445000,-0.035294,0
40.811111,-0.465000,-0.037528,0
40.813889,-0.450000,-0.041857,0
40.816667,-0.445000,-0.049979,0
40.819444,-0.450000,-0.064101,0
40.822222,-0.495000,-0.085796,0
40.825000,-0.535000,-0.115163,0
40.827778,-0.555000,-0.150502,0
40.830556,-0.575000,-0.187932,0
40.833333,-0.605000,-0.220623,0
40.836111,-0.640000,-0.238288,0
40.838889,-0.630000,-0.227874,0
40.841667,-0.575000,-0.175736,0
40.844444,-0.460000,-0.070879,0
40.847222,-0.325000,0.091194,0
40.850000,-0.150000,0.304356,0
40.852778,0.085000,0.548500,0
40.855556,0.350000,0.789171,0
40.858333,0.585000,0.982457,0
40.861111,0.735000,1.085494,1
40.863889,0.770000,1.069958,0
40.866667,0.630000,0.933515,0
40.869444,0.340000,0.703724,0
40.872222,-0.045000,0.431100,0
40.875000,-0.360000,0.172908,0
40.877778,-0.520000,-0.025510,0
40.880556,-0.570000,-0.143348,0
40.883333,-0.555000,-0.185839,0
40.886111,-0.510000,-0.175838,0
40.888889,-0.495000,-0.141252,0
40.891667,-0.490000,-0.104581,0
40.894444,-0.500000,-0.078169,0
40.897222,-0.490000,-0.064991,0
40.900000,-0.475000,-0.062356,0
40.902778,-0.480000,-0.065695,0
40.905556,-0.470000,-0.070929,0
40.908333,-0.480000,-0.075368,0
40.911111,-0.485000,-0.077744,0
40.913889,-0.480000,-0.077898,0
40.916667,-0.485000,-0.076402,0
40.919444,-0.470000,-0.074114,0
40.922222,-0.475000,-0.071731,0
40.925000,-0.470000,-0.069530,0
40.927778,-0.480000,-0.067465,0
40.930556,-0.485000,-0.065563,0
40.933333,-0.460000,-0.064215,0
40.936111,-0.455000,-0.063949,0
40.938889,-0.470000,-0.064825,0
40.941667,-0.470000,-0.066081,0
40.944444,-0.475000,-0.066466,0
40.947222,-0.485000,-0.065024,0
40.950000,-0.465000,-0.061755,0
40.952778,-0.455000,-0.057674,0
40.955556,-0.450000,-0.054215,0
40.958333,-0.460000,-0.052489,0
40.961111,-0.460000,-0.052957,0
40.963889,-0.465000,-0.055592,0
40.966667,-0.470000,-0.060190,0
40.969444,-0.460000,-0.066411,0
40.972222,-0.470000,-0.073540,0
40.975000,-0.485000,-0.080310,0
40.977778,-0.505000,-0.085218,0
40.980556,-0.500000,-0.087278,0
40.983333,-0.485000,-0.086561,0
40.986111,-0.480000,-0.084029,0
40.988889,-0.485000,-0.080821,0
40.991667,-0.480000,-0.077640,0
40.994444,-0.480000,-0.074631,0
40.997222,-0.485000,-0.071674,0
41.000000,-0.475000,-0.068791,0
41.002778,-0.465000,-0.066302,0
41.005556,-0.465000,-0.064646,0
41.008333,-0.470000,-0.064060,0
41.011111,-0.470000,-0.064465,0
41.013889,-0.475000,-0.065614,0
41.016667,-0.470000,-0.067293,0
41.019444,-0.470000,-0.069359,0
41.022222,-0.475000,-0.071623,0
41.025000,-0.475000,-0.073766,0
41.027778,-0.490000,-0.075460,0
41.030556,-0.480000,-0.076619,0
41.033333,-0.485000,-0.077542,0
41.036111,-0.475000,-0.078709,0
41.038889,-0.475000,-0.080344,0
41.041667,-0.490000,-0.082110,0
41.044444,-0.495000,-0.083291,0
41.047222,-0.495000,-0.083361,0
41.050000,-0.485000,-0.082449,0
41.052778,-0.480000,-0.081244,0
41.055556,-0.470000,-0.080420,0
41.058333,-0.490000,-0.080109,0
41.061111,-0.490000,-0.079910,0
41.063889,-0.490000,-0.079407,0
41.066667,-0.485000,-0.078659,0
41.069444,-0.470000,-0.078165,0
41.072222,-0.475000,-0.078358,0
41.075000,-0.485000,-0.079126,0
41.077778,-0.485000,-0.079856,0
41.080556,-0.500000,-0.079999,0
41.083333,-0.480000,-0.079628,0
41.086111,-0.475000,-0.079461,0
41.088889,-0.475000,-0.080294,0
41.091667,-0.480000,-0.082363,0
41.094444,-0.500000,-0.085253,0
41.097222,-0.505000,-0.088452,0
41.100000,-0.495000,-0.091963,0
41.102778,-0.485000,-0.096305,0
41.105556,-0.490000,-0.101827,0
41.108333,-0.520000,-0.108089,0
41.111111,-0.525000,-0.113999,0
41.113889,-0.530000,-0.118618,0
41.116667,-0.525000,-0.121828,0
41.119444,-0.515000,-0.124276,0
41.122222,-0.520000,-0.126703,0
41.125000,-0.540000,-0.129314,0
41.127778,-0.535000,-0.131692,0
41.130556,-0.540000,-0.133188,0
41.133333,-0.535000,-0.133292,0
41.136111,-0.525000,-0.131712,0
41.138889,-0.530000,-0.128234,0
41.141667,-0.530000,-0.122675,0
41.144444,-0.520000,-0.115097,0
41.147222,-0.510000,-0.106045,0
41.150000,-0.500000,-0.096531,0
41.152778,-0.475000,-0.087616,0
41.155556,-0.480000,-0.079852,0
41.158333,-0.475000,-0.072989,0
41.161111,-0.475000,-0.066224,0
41.163889,-0.465000,-0.058818,0
41.166667,-0.450000,-0.050578,0
41.169444,-0.440000,-0.041873,0
41.172222,-0.430000,-0.033259,0
41.175000,-0.420000,-0.025042,0
41.177778,-0.420000,-0.017136,0
41.180556,-0.425000,-0.009325,0
41.183333,-0.400000,-0.001677,0
41.186111,-0.385000,0.005350,0
41.188889,-0.385000,0.011264,0
41.191667,-0.385000,0.015948,0
41.194444,-0.390000,0.019674,0
41.197222,-0.375000,0.022775,0
41.200000,-0.375000,0.025390,0
41.202778,-0.370000,0.027524,0
41.205556,-0.360000,0.029327,0
41.208333,-0.370000,0.031253,0
41.211111,-0.375000,0.033866,0
41.213889,-0.370000,0.037337,0
41.216667,-0.355000,0.041099,0
41.219444,-0.345000,0.044070,0
41.222222,-0.350000,0.045331,0
41.225000,-0.350000,0.044694,0
41.227778,-0.365000,0.042716,0
41.230556,-0.365000,0.040207,0
41.233333,-0.360000,0.037691,0
41.236111,-0.355000,0.035282,0
41.238889,-0.360000,0.032965,0
41.241667,-0.370000,0.030879,0
41.244444,-0.375000,0.029221,0
41.247222,-0.375000,0.027891,0
41.250000,-0.375000,0.026277,0
41.252778,-0.360000,0.023542,0
41.255556,-0.370000,0.019310,0
41.258333,-0.380000,0.014187,0
41.261111,-0.400000,0.009602,0
41.263889,-0.400000,0.006973,0
41.266667,-0.390000,0.006859,0
41.269444,-0.380000,0.008773,0
41.272222,-0.380000,0.011707,0
41.275000,-0.375000,0.014838,0
41.277778,-0.385000,0.017837,0
41.280556,-0.385000,0.020623,0
41.283333,-0.375000,0.022929,0
41.286111,-0.365000,0.024186,0
41.288889,-0.360000,0.023921,0
41.291667,-0.370000,0.022246,0
41.294444,-0.390000,0.019865,0
41.297222,-0.385000,0.017503,0
41.300000,-0.380000,0.015297,0
41.302778,-0.375000,0.012802,0
41.305556,-0.370000,0.009614,0
41.308333,-0.390000,0.006012,0
41.311111,-0.400000,0.002953,0
41.313889,-0.405000,0.001379,0
41.316667,-0.395000,0.001441,0
41.319444,-0.380000,0.002357,0
41.322222,-0.385000,0.002998,0
41.325000,-0.390000,0.002642,0
41.327778,-0.395000,0.001275,0
41.330556,-0.405000,-0.000670,0
41.333333,-0.390000,-0.002746,0
41.336111,-0.390000,-0.004669,0
41.338889,-0.405000,-0.006227,0
41.341667,-0.400000,-0.007229,0
41.344444,-0.400000,-0.007619,0
41.347222,-0.405000,-0.007625,0
41.350000,-0.400000,-0.007753,0
41.352778,-0.395000,-0.008558,0
41.355556,-0.395000,-0.010277,0
41.358333,-0.405000,-0.012577,0
41.361111,-0.415000,-0.014700,0
41.363889,-0.410000,-0.015955,0
41.366667,-0.410000,-0.016153,0
41.369444,-0.400000,-0.015620,0
41.372222,-0.400000,-0.014816,0
41.375000,-0.400000,-0.013928,0
41.377778,-0.415000,-0.012833,0
41.380556,-0.410000,-0.011475,0
41.383333,-0.400000,-0.010219,0
41.386111,-0.385000,-0.009691,0
41.388889,-0.395000,-0.010175,0
41.391667,-0.400000,-0.011171,0
41.394444,-0.415000,-0.011632,0
41.397222,-0.405000,-0.010735,0
41.400000,-0.400000,-0.008511,0
41.402778,-0.385000,-0.005802,0
41.405556,-0.385000,-0.003615,0
41.408333,-0.390000,-0.002444,0
41.411111,-0.395000,-0.002093,0
41.413889,-0.400000,-0.002074,0
41.416667,-0.390000,-0.002147,0
41.419444,-0.385000,-0.002510,0
41.422222,-0.385000,-0.003525,0
41.425000,-0.395000,-0.005335,0
41.427778,-0.400000,-0.007746,0
41.430556,-0.400000,-0.010410,0
41.433333,-0.395000,-0.013005,0
41.436111,-0.400000,-0.015221,0
41.438889,-0.400000,-0.016658,0
41.441667,-0.410000,-0.016879,0
41.444444,-0.405000,-0.015690,0
41.447222,-0.405000,-0.013396,0
41.450000,-0.390000,-0.010747,0
41.452778,-0.390000,-0.008466,0
41.455556,-0.385000,-0.006655,0
41.458333,-0.385000,-0.004497,0
41.461111,-0.400000,-0.000577,0
41.463889,-0.380000,0.006314,0
41.466667,-0.380000,0.016364,0
41.469444,-0.345000,0.028512,0
41.472222,-0.340000,0.040917,0
41.475000,-0.330000,0.051783,0
41.477778,-0.325000,0.059985,0
41.480556,-0.320000,0.065270,0
41.483333,-0.315000,0.068143,0
41.486111,-0.310000,0.069663,0
41.488889,-0.310000,0.071215,0
41.491667,-0.310000,0.074161,0
41.494444,-0.315000,0.079314,0
41.497222,-0.305000,0.086440,0
41.500000,-0.275000,0.094175,0
41.502778,-0.280000,0.100604,0
41.505556,-0.275000,0.104155,0
41.508333,-0.270000,0.104254,0
41.511111,-0.285000,0.101393,0
41.513889,-0.295000,0.096684,0
41.516667,-0.295000,0.091215,0
41.519444,-0.285000,0.085691,0
41.522222,-0.290000,0.080596,0
41.525000,-0.310000,0.076488,0
41.527778,-0.320000,0.073920,0
41.530556,-0.310000,0.073052,0
41.533333,-0.300000,0.073515,0
41.536111,-0.285000,0.074875,0
41.538889,-0.300000,0.077228,0
41.541667,-0.315000,0.081133,0
41.544444,-0.310000,0.086693,0
41.547222,-0.290000,0.092599,0
41.550000,-0.275000,0.096175,0
41.552778,-0.260000,0.094648,0
41.555556,-0.280000,0.086765,0
41.558333,-0.320000,0.073499,0
41.561111,-0.330000,0.057329,0
41.563889,-0.350000,0.040729,0
41.566667,-0.350000,0.025075,0
41.569444,-0.355000,0.010626,0
41.572222,-0.375000,-0.002681,0
41.575000,-0.385000,-0.014422,0
41.577778,-0.400000,-0.023554,0
41.580556,-0.430000,-0.029057,0
41.583333,-0.415000,-0.030869,0
41.586111,-0.395000,-0.030237,0
41.588889,-0.385000,-0.029034,0
41.591667,-0.405000,-0.028598,0
41.594444,-0.415000,-0.029131,0
41.597222,-0.410000,-0.030071,0
41.600000,-0.410000,-0.030846,0
41.602778,-0.400000,-0.031277,0
41.605556,-0.400000,-0.031451,0
41.608333,-0.410000,-0.031415,0
41.611111,-0.405000,-0.031087,0
41.613889,-0.415000,-0.030447,0
41.616667,-0.400000,-0.029716,0
41.619444,-0.395000,-0.029263,0
41.622222,-0.400000,-0.029255,0
41.625000,-0.405000,-0.029449,0
41.627778,-0.410000,-0.029374,0
41.630556,-0.405000,-0.028764,0
41.633333,-0.395000,-0.027823,0
41.636111,-0.395000,-0.027128,0
41.638889,-0.400000,-0.027349,0
41.641667,-0.405000,-0.029151,0
41.644444,-0.410000,-0.033353,0
41.647222,-0.420000,-0.041093,0
41.650000,-0.420000,-0.053661,0
41.652778,-0.415000,-0.071904,0
41.655556,-0.480000,-0.095652,0
41.658333,-0.520000,-0.123789,0
41.661111,-0.540000,-0.154856,0
41.663889,-0.545000,-0.187087,0
41.666667,-0.550000,-0.217111,0
41.669444,-0.595000,-0.238084,0
41.672222,-0.615000,-0.239048,0
41.675000,-0.590000,-0.206533,0
41.677778,-0.490000,-0.127825,0
41.680556,-0.345000,0.005421,0
41.683333,-0.190000,0.193780,0
41.686111,0.010000,0.426787,0
41.688889,0.250000,0.680406,0
41.691667,0.515000,0.917358,0
41.694444,0.725000,1.092615,0
41.697222,0.850000,1.164482,1
41.700000,0.875000,1.108676,0
41.702778,0.690000,0.930029,0
41.705556,0.320000,0.665401,0
41.708333,-0.110000,0.373901,0
41.711111,-0.405000,0.116954,0
41.713889,-0.530000,-0.062635,0
41.716667,-0.515000,-0.152317,0
41.719444,-0.455000,-0.167499,0
41.722222,-0.430000,-0.138796,0
41.725000,-0.420000,-0.097055,0
41.727778,-0.420000,-0.063256,0
41.730556,-0.440000,-0.045833,0
41.733333,-0.430000,-0.043631,0
41.736111,-0.430000,-0.050905,0
41.738889,-0.425000,-0.061431,0
41.741667,-0.430000,-0.070604,0
41.744444,-0.445000,-0.075974,0
41.747222,-0.450000,-0.077082,0
41.750000,-0.440000,-0.075033,0
41.752778,-0.420000,-0.071735,0
41.755556,-0.425000,-0.068878,0
41.758333,-0.435000,-0.067164,0
41.761111,-0.430000,-0.066301,0
41.763889,-0.445000,-0.065671,0
41.766667,-0.430000,-0.065055,0
41.769444,-0.415000,-0.064814,0
41.772222,-0.425000,-0.065417,0
41.775000,-0.420000,-0.066815,0
41.777778,-0.440000,-0.068302,0
41.780556,-0.445000,-0.069024,0
41.783333,-0.430000,-0.068651,0
41.786111,-0.420000,-0.067574,0
41.788889,-0.420000,-0.066440,0
41.791667,-0.425000,-0.065542,0
41.794444,-0.430000,-0.064706,0
41.797222,-0.445000,-0.063752,0
41.800000,-0.420000,-0.063008,0
41.802778,-0.405000,-0.063234,0
41.805556,-0.420000,-0.064911,0
41.808333,-0.430000,-0.067657,0
41.811111,-0.440000,-0.070424,0
41.813889,-0.445000,-0.072316,0
41.816667,-0.430000,-0.073228,0
41.819444,-0.415000,-0.073735,0
41.822222,-0.430000,-0.074367,0
41.825000,-0.440000,-0.075072,0
41.827778,-0.440000,-0.075369,0
41.830556,-0.440000,-0.074967,0
41.833333,-0.430000,-0.074179,0
41.836111,-0.430000,-0.073769,0
41.838889,-0.420000,-0.074360,0
41.841667,-0.430000,-0.075864,0
41.844444,-0.440000,-0.077425,0
41.847222,-0.450000,-0.078000,0
41.850000,-0.440000,-0.077153,0
41.852778,-0.420000,-0.075346,0
41.855556,-0.425000,-0.073467,0
41.858333,-0.420000,-0.072020,0
41.861111,-0.430000,-0.070745,0
41.863889,-0.440000,-0.068967,0
41.866667,-0.425000,-0.066341,0
41.869444,-0.420000,-0.063297,0
41.872222,-0.400000,-0.060780,0
41.875000,-0.410000,-0.059528,0
41.877778,-0.420000,-0.059602,0
41.880556,-0.430000,-0.060595,0
41.883333,-0.420000,-0.062205,0
41.886111,-0.405000,-0.064459,0
41.888889,-0.410000,-0.067335,0
41.891667,-0.430000,-0.070329,0
41.894444,-0.440000,-0.072600,0
41.897222,-0.435000,-0.073651,0
41.900000,-0.420000,-0.073793,0
41.902778,-0.415000,-0.073877,0
41.905556,-0.430000,-0.074597,0
41.908333,-0.430000,-0.076044,0
41.911111,-0.435000,-0.077832,0
41.913889,-0.435000,-0.079515,0
41.916667,-0.435000,-0.080896,0
41.919444,-0.425000,-0.082010,0
41.922222,-0.435000,-0.082882,0
41.925000,-0.435000,-0.083362,0
41.927778,-0.440000,-0.083255,0
41.930556,-0.440000,-0.082643,0
41.933333,-0.435000,-0.082087,0
41.936111,-0.425000,-0.082424,0
41.938889,-0.425000,-0.084227,0
41.941667,-0.445000,-0.087332,0
41.944444,-0.440000,-0.090880,0
41.947222,-0.455000,-0.093816,0
41.950000,-0.445000,-0.095449,0
41.952778,-0.440000,-0.095666,0
41.955556,-0.440000,-0.094730,0
41.958333,-0.450000,-0.092988,0
41.961111,-0.435000,-0.090764,0
41.963889,-0.445000,-0.088423,0
41.966667,-0.435000,-0.086428,0
41.969444,-0.430000,-0.085221,0
41.972222,-0.430000,-0.084963,0
41.975000,-0.430000,-0.085302,0
41.977778,-0.440000,-0.085437,0
41.980556,-0.440000,-0.084507,0
41.983333,-0.430000,-0.082026,0
41.986111,-0.420000,-0.078001,0
41.988889,-0.415000,-0.072668,0
41.991667,-0.415000,-0.066167,0
41.994444,-0.410000,-0.058512,0
41.997222,-0.405000,-0.049855,0
42.000000,-0.385000,-0.040700,0
42.002778,-0.370000,-0.031764,0
42.005556,-0.365000,-0.023542,0
42.008333,-0.365000,-0.016026,0
42.011111,-0.365000,-0.008888,0
42.013889,-0.350000,-0.001978,0
42.016667,-0.345000,0.004369,0
42.019444,-0.325000,0.009535,0
42.022222,-0.325000,0.013220,0
42.025000,-0.325000,0.015895,0
42.027778,-0.340000,0.018653,0
42.030556,-0.335000,0.022451,0
42.033333,-0.315000,0.027393,0
42.036111,-0.300000,0.032685,0
42.038889,-0.300000,0.037270,0
42.041667,-0.315000,0.040469,0
42.044444,-0.300000,0.042106,0
42.047222,-0.305000,0.042250,0
42.050000,-0.305000,0.041004,0
42.052778,-0.295000,0.038554,0
42.055556,-0.310000,0.035355,0
42.058333,-0.310000,0.032191,0
42.061111,-0.315000,0.029944,0
42.063889,-0.325000,0.029152,0
42.066667,-0.315000,0.029659,0
42.069444,-0.300000,0.030695,0
42.072222,-0.310000,0.031386,0
42.075000,-0.305000,0.031317,0
42.077778,-0.320000,0.030662,0
42.080556,-0.320000,0.029836,0
42.083333,-0.310000,0.029057,0
42.086111,-0.310000,0.028238,0
42.088889,-0.310000,0.027279,0
42.091667,-0.310000,0.026396,0
42.094444,-0.320000,0.026122,0
42.097222,-0.325000,0.026908,0
42.100000,-0.320000,0.028626,0
42.102778,-0.300000,0.030501,0
42.105556,-0.290000,0.031689,0
42.108333,-0.310000,0.032008,0
42.111111,-0.320000,0.032040,0
42.113889,-0.325000,0.032411,0
42.116667,-0.300000,0.033000,0
42.119444,-0.300000,0.032903,0
42.122222,-0.300000,0.031187,0
42.125000,-0.305000,0.027710,0
42.127778,-0.325000,0.023276,0
42.130556,-0.335000,0.019052,0
42.133333,-0.325000,0.015765,0
42.136111,-0.310000,0.013414,0
42.138889,-0.325000,0.011679,0
42.141667,-0.330000,0.010442,0
42.144444,-0.330000,0.009873,0
42.147222,-0.340000,0.010043,0
42.150000,-0.330000,0.010566,0
42.152778,-0.315000,0.010679,0
42.155556,-0.320000,0.009790,0
42.158333,-0.330000,0.008022,0
42.161111,-0.340000,0.006177,0
42.163889,-0.340000,0.005110,0
42.166667,-0.335000,0.005076,0
42.169444,-0.325000,0.005597,0
42.172222,-0.320000,0.005921,0
42.175000,-0.335000,0.005608,0
42.177778,-0.335000,0.004708,0
42.180556,-0.340000,0.003460,0
42.183333,-0.340000,0.001877,0
42.186111,-0.325000,-0.000304,0
42.188889,-0.335000,-0.003259,0
42.191667,-0.340000,-0.006662,0
42.194444,-0.350000,-0.009697,0
42.197222,-0.360000,-0.011593,0
42.200000,-0.355000,-0.012245,0
42.202778,-0.335000,-0.012340,0
42.205556,-0.335000,-0.012794,0
42.208333,-0.355000,-0.014005,0
42.211111,-0.355000,-0.015629,0
42.213889,-0.360000,-0.017008,0
42.216667,-0.350000,-0.017716,0
42.219444,-0.350000,-0.017717,0
42.222222,-0.345000,-0.017139,0
42.225000,-0.350000,-0.016005,0
42.227778,-0.360000,-0.014256,0
42.230556,-0.350000,-0.012050,0
42.233333,-0.340000,-0.009923,0
42.236111,-0.335000,-0.008538,0
42.238889,-0.340000,-0.008155,0
42.241667,-0.340000,-0.008328,0
42.244444,-0.345000,-0.008096,0
42.247222,-0.350000,-0.006591,0
42.250000,-0.345000,-0.003674,0
42.252778,-0.325000,-0.000115,0
42.255556,-0.325000,0.002868,0
42.258333,-0.315000,0.004410,0
42.261111,-0.340000,0.004468,0
42.263889,-0.340000,0.003613,0
42.266667,-0.325000,0.002437,0
42.269444,-0.330000,0.001185,0
42.272222,-0.330000,-0.000159,0
42.275000,-0.335000,-0.001621,0
42.277778,-0.335000,-0.003154,0
42.280556,-0.345000,-0.004719,0
42.283333,-0.340000,-0.006358,0
42.286111,-0.330000,-0.008050,0
42.288889,-0.330000,-0.009334,0
42.291667,-0.345000,-0.009093,0
42.294444,-0.350000,-0.005936,0
42.297222,-0.340000,0.000956,0
42.300000,-0.315000,0.011190,0
42.302778,-0.305000,0.023285,0
42.305556,-0.285000,0.035421,0
42.308333,-0.285000,0.046205,0
42.311111,-0.280000,0.054913,0
42.313889,-0.285000,0.061178,0
42.316667,-0.270000,0.064587,0
42.319444,-0.245000,0.064785,0
42.322222,-0.255000,0.062143,0
42.325000,-0.280000,0.058272,0
42.327778,-0.285000,0.055575,0
42.330556,-0.290000,0.056021,0
42.333333,-0.270000,0.060071,0
42.336111,-0.255000,0.066603,0
42.338889,-0.245000,0.073806,0
42.341667,-0.240000,0.080296,0
42.344444,-0.260000,0.085590,0
42.347222,-0.250000,0.089735,0
42.350000,-0.235000,0.092630,0
42.352778,-0.230000,0.093833,0
42.355556,-0.225000,0.092982,0
42.358333,-0.245000,0.090287,0
42.361111,-0.245000,0.086554,0
42.363889,-0.255000,0.082710,0
42.366667,-0.250000,0.079302,0
42.369444,-0.255000,0.076392,0
42.372222,-0.240000,0.073937,0
42.375000,-0.250000,0.072348,0
42.377778,-0.255000,0.072658,0
42.380556,-0.275000,0.075918,0
42.383333,-0.255000,0.082107,0
42.386111,-0.240000,0.089433,0
42.388889,-0.225000,0.094748,0
42.391667,-0.220000,0.094913,0
42.394444,-0.230000,0.088271,0
42.397222,-0.260000,0.075297,0
42.400000,-0.285000,0.058129,0
42.402778,-0.290000,0.039448,0
42.405556,-0.295000,0.021592,0
42.408333,-0.320000,0.006251,0
42.411111,-0.345000,-0.005593,0
42.413889,-0.350000,-0.013848,0
42.416667,-0.345000,-0.019410,0
42.419444,-0.340000,-0.023736,0
42.422222,-0.345000,-0.027985,0
42.425000,-0.365000,-0.032360,0
42.427778,-0.370000,-0.036201,0
42.430556,-0.375000,-0.038710,0
42.433333,-0.365000,-0.039652,0
42.436111,-0.365000,-0.039546,0
42.438889,-0.365000,-0.039305,0
42.441667,-0.360000,-0.039700,0
42.444444,-0.370000,-0.040995,0
42.447222,-0.375000,-0.042946,0
42.450000,-0.375000,-0.045082,0
42.452778,-0.375000,-0.046982,0
42.455556,-0.365000,-0.048306,0
42.458333,-0.375000,-0.048646,0
42.461111,-0.375000,-0.047528,0
42.463889,-0.385000,-0.044777,0
42.466667,-0.370000,-0.041012,0
42.469444,-0.360000,-0.037803,0
42.472222,-0.355000,-0.037244,0
42.475000,-0.370000,-0.041231,0
42.477778,-0.375000,-0.050978,0
42.480556,-0.400000,-0.066980,0
42.483333,-0.420000,-0.089242,0
42.486111,-0.445000,-0.117438,0
42.488889,-0.480000,-0.150718,0
42.491667,-0.505000,-0.187119,0
42.494444,-0.540000,-0.222799,0
42.497222,-0.575000,-0.251508,0
42.500000,-0.595000,-0.264724,0
42.502778,-0.585000,-0.252533,0
42.505556,-0.520000,-0.204896,0
42.508333,-0.405000,-0.113015,0
42.511111,-0.285000,0.028861,0
42.513889,-0.145000,0.220313,0
42.516667,0.050000,0.450376,0
42.519444,0.315000,0.694121,0
42.522222,0.585000,0.913638,0
42.525000,0.770000,1.065409,0
42.527778,0.850000,1.112596,1
42.530556,0.815000,1.037971,0
42.533333,0.600000,0.852265,0
42.536111,0.280000,0.593697,0
42.538889,-0.100000,0.317382,0
42.541667,-0.370000,0.077846,0
42.544444,-0.495000,-0.088075,0
42.547222,-0.500000,-0.170334,0
42.550000,-0.455000,-0.183390,0
42.552778,-0.405000,-0.155206,0
42.555556,-0.390000,-0.114043,0
42.558333,-0.400000,-0.079229,0
42.561111,-0.410000,-0.058627,0
42.563889,-0.410000,-0.051534,0
42.566667,-0.390000,-0.053497,0
42.569444,-0.375000,-0.059943,0
42.572222,-0.385000,-0.067507,0
42.575000,-0.395000,-0.073914,0
42.577778,-0.415000,-0.077704,0
42.580556,-0.410000,-0.078361,0
42.583333,-0.400000,-0.076491,0
42.586111,-0.395000,-0.073539,0
42.588889,-0.385000,-0.071031,0
42.591667,-0.390000,-0.069812,0
42.594444,-0.405000,-0.069843,0
42.597222,-0.410000,-0.070648,0
42.600000,-0.390000,-0.071927,0
42.602778,-0.395000,-0.073699,0
42.605556,-0.390000,-0.075897,0
42.608333,-0.400000,-0.077982,0
42.611111,-0.425000,-0.079115,0
42.613889,-0.410000,-0.078818,0
42.616667,-0.395000,-0.077461,0
42.619444,-0.390000,-0.075997,0
42.622222,-0.400000,-0.075205,0
42.625000,-0.400000,-0.075172,0
42.627778,-0.405000,-0.075401,0
42.630556,-0.410000,-0.075323,0
42.633333,-0.395000,-0.074734,0
42.636111,-0.395000,-0.073827,0
42.638889,-0.390000,-0.072867,0
42.641667,-0.405000,-0.071918,0
42.644444,-0.400000,-0.070909,0
42.647222,-0.395000,-0.069893,0
42.650000,-0.395000,-0.069143,0
42.652778,-0.385000,-0.068920,0
42.655556,-0.390000,-0.069124,0
42.658333,-0.395000,-0.069177,0
42.661111,-0.405000,-0.068386,0
42.663889,-0.400000,-0.066554,0
42.666667,-0.385000,-0.064326,0
42.669444,-0.375000,-0.062855,0
42.672222,-0.385000,-0.063031,0
42.675000,-0.390000,-0.064935,0
42.677778,-0.405000,-0.067946,0
42.680556,-0.400000,-0.071298,0
42.683333,-0.390000,-0.074495,0
42.686111,-0.400000,-0.077273,0
42.688889,-0.405000,-0.079349,0
42.691667,-0.410000,-0.080362,0
42.694444,-0.400000,-0.080078,0
42.697222,-0.415000,-0.078648,0
42.700000,-0.405000,-0.076696,0
42.702778,-0.390000,-0.075075,0
42.705556,-0.385000,-0.074289,0
42.708333,-0.400000,-0.073989,0
42.711111,-0.410000,-0.073125,0
42.713889,-0.410000,-0.070780,0
42.716667,-0.390000,-0.066992,0
42.719444,-0.380000,-0.062804,0
42.722222,-0.370000,-0.059504,0
42.725000,-0.385000,-0.057783,0
42.727778,-0.395000,-0.057531,0
42.730556,-0.390000,-0.058298,0
42.733333,-0.375000,-0.059801,0
42.736111,-0.385000,-0.061950,0
42.738889,-0.390000,-0.064553,0
42.741667,-0.390000,-0.067138,0
42.744444,-0.395000,-0.069117,0
42.747222,-0.410000,-0.070162,0
42.750000,-0.395000,-0.070504,0
42.752778,-0.380000,-0.070839,0
42.755556,-0.400000,-0.071830,0
42.758333,-0.400000,-0.073643,0
42.761111,-0.400000,-0.075936,0
42.763889,-0.410000,-0.078199,0
42.766667,-0.410000,-0.080136,0
42.769444,-0.400000,-0.081792,0
42.772222,-0.410000,-0.083375,0
42.775000,-0.400000,-0.084917,0
42.777778,-0.415000,-0.086110,0
42.780556,-0.425000,-0.086536,0
42.783333,-0.415000,-0.086097,0
42.786111,-0.400000,-0.085182,0
42.788889,-0.405000,-0.084327,0
42.791667,-0.405000,-0.083696,0
42.794444,-0.415000,-0.082953,0
42.797222,-0.420000,-0.081666,0
42.800000,-0.405000,-0.079813,0
42.802778,-0.395000,-0.077842,0
42.805556,-0.390000,-0.076170,0
42.808333,-0.400000,-0.074665,0
42.811111,-0.415000,-0.072687,0
42.813889,-0.400000,-0.069718,0
42.816667,-0.390000,-0.065904,0
42.819444,-0.380000,-0.061944,0
42.822222,-0.375000,-0.058448,0
42.825000,-0.385000,-0.055373,0
42.827778,-0.380000,-0.052037,0
42.830556,-0.385000,-0.047644,0
42.833333,-0.365000,-0.041865,0
42.836111,-0.360000,-0.035000,0
42.838889,-0.345000,-0.027665,0
42.841667,-0.345000,-0.020345,0
42.844444,-0.345000,-0.013225,0
42.847222,-0.340000,-0.006417,0
42.850000,-0.330000,-0.000262,0
42.852778,-0.310000,0.004697,0
42.855556,-0.310000,0.008175,0
42.858333,-0.315000,0.010561,0
42.861111,-0.325000,0.012795,0
42.863889,-0.320000,0.015699,0
42.866667,-0.305000,0.019370,0
42.869444,-0.295000,0.023178,0
42.872222,-0.295000,0.026352,0
42.875000,-0.295000,0.028580,0
42.877778,-0.300000,0.030121,0
42.880556,-0.310000,0.031373,0
42.883333,-0.295000,0.032342,0
42.886111,-0.285000,0.032554,0
42.888889,-0.285000,0.031558,0
42.891667,-0.295000,0.029545,0
42.894444,-0.310000,0.027423,0
42.897222,-0.305000,0.026254,0
42.900000,-0.305000,0.026544,0
42.902778,-0.295000,0.027972,0
42.905556,-0.290000,0.029706,0
42.908333,-0.290000,0.030970,0
42.911111,-0.305000,0.031366,0
42.913889,-0.305000,0.030750,0
42.916667,-0.295000,0.028963,0
42.919444,-0.290000,0.025862,0
42.922222,-0.305000,0.021675,0
42.925000,-0.310000,0.017207,0
42.927778,-0.320000,0.013555,0
42.930556,-0.325000,0.011485,0
42.933333,-0.320000,0.010962,0
42.936111,-0.300000,0.011239,0
42.938889,-0.315000,0.011447,0
42.941667,-0.315000,0.011169,0
42.944444,-0.325000,0.010491,0
42.947222,-0.325000,0.009599,0
42.950000,-0.320000,0.008403,0
42.952778,-0.310000,0.006615,0
42.955556,-0.315000,0.004208,0
42.958333,-0.330000,0.001747,0
42.961111,-0.340000,0.000130,0
42.963889,-0.335000,-0.000102,0
42.966667,-0.325000,0.000771,0
42.969444,-0.315000,0.001881,0
42.972222,-0.320000,0.002501,0
42.975000,-0.325000,0.002623,0
42.977778,-0.330000,0.002869,0
42.980556,-0.340000,0.003824,0
42.983333,-0.325000,0.005363,0
42.986111,-0.310000,0.006563,0
42.988889,-0.315000,0.006325,0
42.991667,-0.325000,0.004161,0
42.994444,-0.330000,0.000492,0
42.997222,-0.335000,-0.003678,0
43.000000,-0.345000,-0.007367,0
43.002778,-0.335000,-0.010045,0
43.005556,-0.335000,-0.011680,0
43.008333,-0.340000,-0.012470,0
43.011111,-0.345000,-0.012616,0
43.013889,-0.345000,-0.012335,0
43.016667,-0.345000,-0.011988,0
43.019444,-0.335000,-0.012039,0
43.022222,-0.335000,-0.012750,0
43.025000,-0.340000,-0.013873,0
43.027778,-0.355000,-0.014693,0
43.030556,-0.345000,-0.014496,0
43.033333,-0.350000,-0.013107,0
43.036111,-0.335000,-0.011025,0
43.038889,-0.330000,-0.009059,0
43.041667,-0.335000,-0.007769,0
43.044444,-0.340000,-0.007198,0
43.047222,-0.350000,-0.007094,0
43.050000,-0.335000,-0.007329,0
43.052778,-0.330000,-0.008029,0
43.055556,-0.335000,-0.009266,0
43.058333,-0.340000,-0.010722,0
43.061111,-0.345000,-0.011752,0
43.063889,-0.355000,-0.011875,0
43.066667,-0.345000,-0.011270,0
43.069444,-0.330000,-0.010787,0
43.072222,-0.335000,-0.011358,0
43.075000,-0.340000,-0.013276,0
43.077778,-0.350000,-0.015947,0
43.080556,-0.360000,-0.018327,0
43.083333,-0.355000,-0.019630,0
43.086111,-0.345000,-0.019721,0
43.088889,-0.340000,-0.018917,0
43.091667,-0.350000,-0.017480,0
43.094444,-0.345000,-0.015369,0
43.097222,-0.355000,-0.012456,0
43.100000,-0.345000,-0.008958,0
43.102778,-0.330000,-0.005586,0
43.105556,-0.325000,-0.003194,0
43.108333,-0.335000,-0.002205,0
43.111111,-0.335000,-0.002336,0
43.113889,-0.345000,-0.002810,0
43.116667,-0.330000,-0.002757,0
43.119444,-0.325000,-0.001390,0
43.122222,-0.325000,0.002052,0
43.125000,-0.330000,0.008215,0
43.127778,-0.330000,0.017160,0
43.130556,-0.310000,0.027820,0
43.133333,-0.290000,0.038055,0
43.136111,-0.270000,0.045622,0
43.138889,-0.265000,0.049574,0
43.141667,-0.280000,0.051061,0
43.144444,-0.300000,0.052782,0
43.147222,-0.295000,0.057309,0
43.150000,-0.270000,0.065481,0
43.152778,-0.240000,0.076070,0
43.155556,-0.235000,0.086815,0
43.158333,-0.235000,0.095848,0
43.161111,-0.235000,0.102401,0
43.163889,-0.235000,0.106571,0
43.166667,-0.230000,0.108667,0
43.169444,-0.215000,0.108835,0
43.172222,-0.220000,0.107194,0
43.175000,-0.230000,0.104165,0
43.177778,-0.230000,0.100504,0
43.180556,-0.255000,0.096875,0
43.183333,-0.245000,0.093316,0
43.186111,-0.235000,0.089167,0
43.188889,-0.240000,0.083714,0
43.191667,-0.245000,0.077148,0
43.194444,-0.270000,0.070993,0
43.197222,-0.275000,0.067594,0
43.200000,-0.270000,0.068982,0
43.202778,-0.260000,0.075867,0
43.205556,-0.245000,0.087284,0
43.208333,-0.230000,0.100866,0
43.211111,-0.225000,0.113426,0
43.213889,-0.225000,0.121588,0
43.216667,-0.200000,0.122496,0
43.219444,-0.200000,0.114740,0
43.222222,-0.230000,0.099165,0
43.225000,-0.265000,0.078822,0
43.227778,-0.295000,0.057729,0
43.230556,-0.305000,0.039126,0
43.233333,-0.310000,0.024359,0
43.236111,-0.310000,0.013039,0
43.238889,-0.320000,0.004110,0
43.241667,-0.340000,-0.003079,0
43.244444,-0.345000,-0.008449,0
43.247222,-0.360000,-0.011663,0
43.250000,-0.355000,-0.012855,0
43.252778,-0.340000,-0.012935,0
43.255556,-0.340000,-0.013218,0
43.258333,-0.350000,-0.014724,0
43.261111,-0.360000,-0.017776,0
43.263889,-0.360000,-0.022117,0
43.266667,-0.365000,-0.027236,0
43.269444,-0.360000,-0.032542,0
43.272222,-0.375000,-0.037342,0
43.275000,-0.380000,-0.040894,0
43.277778,-0.385000,-0.042657,0
43.280556,-0.380000,-0.042587,0
43.283333,-0.375000,-0.041172,0
43.286111,-0.370000,-0.039154,0
43.288889,-0.375000,-0.037147,0
43.291667,-0.370000,-0.035475,0
43.294444,-0.375000,-0.034332,0
43.297222,-0.385000,-0.034155,0
43.300000,-0.365000,-0.035863,0
43.302778,-0.370000,-0.040697,0
43.305556,-0.385000,-0.049743,0
43.308333,-0.400000,-0.063627,0
43.311111,-0.440000,-0.082690,0
43.313889,-0.460000,-0.107358,0
43.316667,-0.475000,-0.137924,0
43.319444,-0.475000,-0.173194,0
43.322222,-0.520000,-0.208468,0
43.325000,-0.580000,-0.234453,0
43.327778,-0.605000,-0.238383,0
43.330556,-0.545000,-0.206942,0
43.333333,-0.445000,-0.129365,0
43.336111,-0.315000,0.000224,0
43.338889,-0.180000,0.180595,0
43.341667,0.000000,0.400490,0
43.344444,0.235000,0.636025,0
43.347222,0.495000,0.851268,0
43.350000,0.695000,1.004426,0
43.352778,0.790000,1.059191,1
43.355556,0.760000,0.997422,0
43.358333,0.560000,0.827711,0
43.361111,0.245000,0.585234,0
43.363889,-0.110000,0.321605,0
43.366667,-0.360000,0.088297,0
43.369444,-0.475000,-0.079150,0
43.372222,-0.510000,-0.169289,0
43.375000,-0.490000,-0.192830,0
43.377778,-0.465000,-0.173442,0
43.380556,-0.440000,-0.136728,0
43.383333,-0.435000,-0.102028,0
43.386111,-0.415000,-0.079062,0
43.388889,-0.425000,-0.068856,0
43.391667,-0.415000,-0.067110,0
43.394444,-0.425000,-0.068105,0
43.397222,-0.435000,-0.067770,0
43.400000,-0.395000,-0.065087,0
43.402778,-0.385000,-0.061547,0
43.405556,-0.385000,-0.059321,0
43.408333,-0.400000,-0.059523,0
43.411111,-0.410000,-0.061707,0
43.413889,-0.420000,-0.064597,0
43.416667,-0.410000,-0.067173,0
43.419444,-0.405000,-0.069228,0
43.422222,-0.410000,-0.071097,0
43.425000,-0.400000,-0.072995,0
43.427778,-0.420000,-0.074608,0
43.430556,-0.435000,-0.075307,0
43.433333,-0.420000,-0.074785,0
43.436111,-0.405000,-0.073435,0
43.438889,-0.405000,-0.072030,0
43.441667,-0.415000,-0.071093,0
43.444444,-0.415000,-0.070632,0
43.447222,-0.420000,-0.070413,0
43.450000,-0.420000,-0.070406,0
43.452778,-0.400000,-0.070896,0
43.455556,-0.410000,-0.072142,0
43.458333,-0.415000,-0.073952,0
43.461111,-0.425000,-0.075655,0
43.463889,-0.430000,-0.076566,0
43.466667,-0.415000,-0.076467,0
43.469444,-0.415000,-0.075660,0
43.472222,-0.410000,-0.074548,0
43.475000,-0.415000,-0.073202,0
43.477778,-0.420000,-0.071331,0
43.480556,-0.420000,-0.068698,0
43.483333,-0.415000,-0.065599,0
43.486111,-0.395000,-0.062935,0
43.488889,-0.400000,-0.061740,0
43.491667,-0.405000,-0.062567,0
43.494444,-0.415000,-0.065244,0
43.497222,-0.415000,-0.069124,0
43.500000,-0.420000,-0.073481,0
43.502778,-0.415000,-0.077710,0
43.505556,-0.425000,-0.081267,0
43.508333,-0.425000,-0.083593,0
43.511111,-0.435000,-0.084234,0
43.513889,-0.435000,-0.083155,0
43.516667,-0.425000,-0.080940,0
43.519444,-0.415000,-0.078595,0
43.522222,-0.415000,-0.076968,0
43.525000,-0.420000,-0.076231,0
43.527778,-0.425000,-0.075860,0
43.530556,-0.430000,-0.075119,0
43.533333,-0.420000,-0.073650,0
43.536111,-0.410000,-0.071673,0
43.538889,-0.410000,-0.069674,0
43.541667,-0.410000,-0.067942,0
43.544444,-0.415000,-0.066406,0
43.547222,-0.425000,-0.064907,0
43.550000,-0.405000,-0.063552,0
43.552778,-0.400000,-0.062711,0
43.555556,-0.400000,-0.062559,0
43.558333,-0.410000,-0.062676,0
43.561111,-0.415000,-0.062177,0
43.563889,-0.415000,-0.060344,0
43.566667,-0.405000,-0.057222,0
43.569444,-0.395000,-0.053670,0
43.572222,-0.385000,-0.050799,0
43.575000,-0.395000,-0.049273,0
43.577778,-0.395000,-0.049017,0
43.580556,-0.415000,-0.049575,0
43.583333,-0.395000,-0.050699,0
43.586111,-0.390000,-0.052575,0
43.588889,-0.395000,-0.055445,0
43.591667,-0.405000,-0.059121,0
43.594444,-0.415000,-0.062939,0
43.597222,-0.425000,-0.066260,0
43.600000,-0.415000,-0.069034,0
43.602778,-0.415000,-0.071891,0
43.605556,-0.415000,-0.075652,0
43.608333,-0.425000,-0.080663,0
43.611111,-0.435000,-0.086461,0
43.613889,-0.445000,-0.091981,0
43.616667,-0.445000,-0.096089,0
43.619444,-0.445000,-0.098061,0
43.622222,-0.445000,-0.097777,0
43.625000,-0.440000,-0.095661,0
43.627778,-0.450000,-0.092537,0
43.630556,-0.435000,-0.089449,0
43.633333,-0.430000,-0.087366,0
43.636111,-0.425000,-0.086725,0
43.638889,-0.435000,-0.087132,0
43.641667,-0.445000,-0.087541,0
43.644444,-0.445000,-0.086921,0
43.647222,-0.430000,-0.084883,0
43.650000,-0.425000,-0.081750,0
43.652778,-0.420000,-0.078075,0
43.655556,-0.425000,-0.074080,0
43.658333,-0.415000,-0.069456,0
43.661111,-0.415000,-0.063597,0
43.663889,-0.410000,-0.056049,0
43.666667,-0.405000,-0.046926,0
43.669444,-0.375000,-0.036989,0
43.672222,-0.370000,-0.027258,0
43.675000,-0.365000,-0.018445,0
43.677778,-0.365000,-0.010700,0
43.680556,-0.360000,-0.003841,0
43.683333,-0.345000,0.002248,0
43.686111,-0.340000,0.007479,0
43.688889,-0.330000,0.011759,0
43.691667,-0.335000,0.015263,0
43.694444,-0.335000,0.018440,0
43.697222,-0.330000,0.021731,0
43.700000,-0.330000,0.025216,0
43.702778,-0.315000,0.028533,0
43.705556,-0.315000,0.031134,0
43.708333,-0.315000,0.032676,0
43.711111,-0.315000,0.033233,0
43.713889,-0.325000,0.033168,0
43.716667,-0.320000,0.032791,0
43.719444,-0.320000,0.032144,0
43.722222,-0.300000,0.031170,0
43.725000,-0.320000,0.030069,0
43.727778,-0.330000,0.029366,0
43.730556,-0.335000,0.029442,0
43.733333,-0.320000,0.029973,0
43.736111,-0.305000,0.029990,0
43.738889,-0.315000,0.028612,0
43.741667,-0.325000,0.025766,0
43.744444,-0.335000,0.022228,0
43.747222,-0.340000,0.018997,0
43.750000,-0.340000,0.016601,0
43.752778,-0.320000,0.014936,0
43.755556,-0.335000,0.013675,0
43.758333,-0.335000,0.012782,0
43.761111,-0.345000,0.012574,0
43.763889,-0.350000,0.013293,0
43.766667,-0.330000,0.014674,0
43.769444,-0.330000,0.015980,0
43.772222,-0.330000,0.016495,0
43.775000,-0.335000,0.016012,0
43.777778,-0.335000,0.014930,0
43.780556,-0.345000,0.013920,0
43.783333,-0.345000,0.013437,0
43.786111,-0.325000,0.013449,0
43.788889,-0.345000,0.013550,0
43.791667,-0.330000,0.013298,0
43.794444,-0.340000,0.012480,0
43.797222,-0.345000,0.011142,0
43.800000,-0.340000,0.009438,0
43.802778,-0.350000,0.007486,0
43.805556,-0.340000,0.005355,0
43.808333,-0.340000,0.003231,0
43.811111,-0.350000,0.001511,0
43.813889,-0.370000,0.000579,0
43.816667,-0.355000,0.000339,0
43.819444,-0.340000,0.000053,0
43.822222,-0.345000,-0.001159,0
43.825000,-0.350000,-0.003572,0
43.827778,-0.365000,-0.006576,0
43.830556,-0.370000,-0.009141,0
43.833333,-0.370000,-0.010584,0
43.836111,-0.355000,-0.010987,0
43.838889,-0.360000,-0.010945,0
43.841667,-0.355000,-0.010936,0
43.844444,-0.360000,-0.010882,0
43.847222,-0.375000,-0.010262,0
43.850000,-0.370000,-0.008703,0
43.852778,-0.355000,-0.006480,0
43.855556,-0.345000,-0.004461,0
43.858333,-0.355000,-0.003549,0
43.861111,-0.365000,-0.004227,0
43.863889,-0.360000,-0.006498,0
43.866667,-0.360000,-0.010023,0
43.869444,-0.360000,-0.014104,0
43.872222,-0.365000,-0.017573,0
43.875000,-0.375000,-0.018933,0
43.877778,-0.380000,-0.016944,0
43.880556,-0.370000,-0.011387,0
43.883333,-0.360000,-0.003485,0
43.886111,-0.340000,0.004445,0
43.888889,-0.330000,0.009997,0
43.891667,-0.340000,0.011747,0
43.894444,-0.340000,0.009744,0
43.897222,-0.365000,0.005149,0
43.900000,-0.355000,-0.000566,0
43.902778,-0.350000,-0.006237,0
43.905556,-0.360000,-0.011065,0
43.908333,-0.370000,-0.014421,0
43.911111,-0.375000,-0.015851,0
43.913889,-0.370000,-0.015301,0
43.916667,-0.365000,-0.013250,0
43.919444,-0.360000,-0.010502,0
43.922222,-0.355000,-0.007772,0
43.925000,-0.360000,-0.005371,0
43.927778,-0.355000,-0.003244,0
43.930556,-0.370000,-0.001317,0
43.933333,-0.355000,0.000130,0
43.936111,-0.340000,0.000522,0
43.938889,-0.345000,-0.000440,0
43.941667,-0.355000,-0.002159,0
43.944444,-0.360000,-0.003118,0
43.947222,-0.365000,-0.001554,0
43.950000,-0.355000,0.003663,0
43.952778,-0.330000,0.012551,0
43.955556,-0.330000,0.024140,0
43.958333,-0.320000,0.036904,0
43.961111,-0.305000,0.049134,0
43.963889,-0.300000,0.059234,0
43.966667,-0.275000,0.066130,0
43.969444,-0.270000,0.069798,0
43.972222,-0.285000,0.071508,0
43.975000,-0.295000,0.073326,0
43.977778,-0.285000,0.077000,0
43.980556,-0.270000,0.082982,0
43.983333,-0.260000,0.090286,0
43.986111,-0.250000,0.097191,0
43.988889,-0.245000,0.102200,0
43.991667,-0.245000,0.104697,0
43.994444,-0.255000,0.104958,0
43.997222,-0.265000,0.103597,0
44.000000,-0.250000,0.100936,0
44.002778,-0.245000,0.096859,0
44.005556,-0.265000,0.091234,0
44.008333,-0.265000,0.084426,0
44.011111,-0.275000,0.077422,0
44.013889,-0.290000,0.071544,0
44.016667,-0.285000,0.067937,0
44.019444,-0.285000,0.067133,0
44.022222,-0.285000,0.068831,0
44.025000,-0.290000,0.071879,0
44.027778,-0.280000,0.074396,0
44.030556,-0.275000,0.074145,0
44.033333,-0.285000,0.069221,0
44.036111,-0.285000,0.058842,0
44.038889,-0.300000,0.043905,0
44.041667,-0.330000,0.026939,0
44.044444,-0.350000,0.011269,0
44.047222,-0.375000,-0.000351,0
44.050000,-0.360000,-0.006877,0
44.052778,-0.350000,-0.009155,0
44.055556,-0.355000,-0.009069,0
44.058333,-0.360000,-0.008439,0
44.061111,-0.375000,-0.008460,0
44.063889,-0.365000,-0.009797,0
44.066667,-0.360000,-0.012792,0
44.069444,-0.365000,-0.017401,0
44.072222,-0.380000,-0.022999,0
44.075000,-0.380000,-0.028449,0
44.077778,-0.390000,-0.032547,0
44.080556,-0.400000,-0.034608,0
44.083333,-0.390000,-0.034859,0
44.086111,-0.380000,-0.034310,0
44.088889,-0.380000,-0.034086,0
44.091667,-0.380000,-0.034667,0
44.094444,-0.400000,-0.035637,0
44.097222,-0.400000,-0.036139,0
44.100000,-0.390000,-0.035598,0
44.102778,-0.380000,-0.034052,0
44.105556,-0.380000,-0.031915,0
44.108333,-0.380000,-0.029588,0
44.111111,-0.390000,-0.027448,0
44.113889,-0.390000,-0.026272,0
44.116667,-0.385000,-0.027657,0
44.119444,-0.375000,-0.033903,0
44.122222,-0.395000,-0.047253,0
44.125000,-0.430000,-0.069047,0
44.127778,-0.470000,-0.099227,0
44.130556,-0.490000,-0.136054,0
44.133333,-0.505000,-0.175411,0
44.136111,-0.535000,-0.209706,0
44.138889,-0.580000,-0.227403,0
44.141667,-0.590000,-0.214389,0
44.144444,-0.515000,-0.157130,0
44.147222,-0.385000,-0.046380,0
44.150000,-0.225000,0.119669,0
44.152778,-0.060000,0.332778,0
44.155556,0.155000,0.572525,0
44.158333,0.415000,0.805993,0
44.161111,0.635000,0.991667,0
44.163889,0.775000,1.088660,1
44.166667,0.820000,1.069439,0
44.169444,0.710000,0.931434,0
44.172222,0.375000,0.701658,0
44.175000,-0.010000,0.430249,0
44.177778,-0.300000,0.174176,0
44.180556,-0.460000,-0.021588,0
44.183333,-0.510000,-0.136509,0
44.186111,-0.495000,-0.175795,0
44.188889,-0.455000,-0.162120,0
44.191667,-0.425000,-0.123394,0
44.194444,-0.410000,-0.082503,0
44.197222,-0.430000,-0.052452,0
44.200000,-0.410000,-0.036922,0
44.202778,-0.395000,-0.033755,0
44.205556,-0.390000,-0.038507,0
44.208333,-0.400000,-0.046667,0
44.211111,-0.410000,-0.054700,0
44.213889,-0.425000,-0.060506,0
44.216667,-0.415000,-0.063540,0
44.219444,-0.410000,-0.064452,0
44.222222,-0.410000,-0.064315,0
44.225000,-0.415000,-0.063862,0
44.227778,-0.420000,-0.063231,0
44.230556,-0.425000,-0.062286,0
44.233333,-0.415000,-0.061131,0
44.236111,-0.410000,-0.060321,0
44.238889,-0.410000,-0.060579,0
44.241667,-0.410000,-0.062295,0
44.244444,-0.415000,-0.065195,0
44.247222,-0.430000,-0.068457,0
44.250000,-0.430000,-0.071202,0
44.252778,-0.425000,-0.072986,0
44.255556,-0.420000,-0.073914,0
44.258333,-0.425000,-0.074365,0
44.261111,-0.430000,-0.074685,0
44.263889,-0.435000,-0.075120,0
44.266667,-0.425000,-0.075879,0
44.269444,-0.425000,-0.077077,0
44.272222,-0.425000,-0.078511,0
44.275000,-0.435000,-0.079565,0
44.277778,-0.440000,-0.079483,0
44.280556,-0.435000,-0.077889,0
44.283333,-0.425000,-0.075118,0
44.286111,-0.420000,-0.072060,0
44.288889,-0.420000,-0.069657,0
44.291667,-0.415000,-0.068422,0
44.294444,-0.425000,-0.068297,0
44.297222,-0.430000,-0.068901,0
44.300000,-0.420000,-0.069896,0
44.302778,-0.415000,-0.071155,0
44.305556,-0.430000,-0.072627,0
44.308333,-0.420000,-0.074180,0
44.311111,-0.435000,-0.075636,0
44.313889,-0.435000,-0.076954,0
44.316667,-0.425000,-0.078305,0
44.319444,-0.425000,-0.079874,0
44.322222,-0.430000,-0.081488,0
44.325000,-0.430000,-0.082472,0
44.327778,-0.450000,-0.082027,0
44.330556,-0.440000,-0.079924,0
44.333333,-0.430000,-0.076939,0
44.336111,-0.405000,-0.074509,0
44.338889,-0.420000,-0.073780,0
44.341667,-0.435000,-0.074863,0
44.344444,-0.430000,-0.076904,0
44.347222,-0.435000,-0.078757,0
44.350000,-0.435000,-0.079603,0
44.352778,-0.420000,-0.079143,0
44.355556,-0.425000,-0.077430,0
44.358333,-0.435000,-0.074671,0
44.361111,-0.425000,-0.071282,0
44.363889,-0.420000,-0.068034,0
44.366667,-0.415000,-0.065945,0
44.369444,-0.410000,-0.065851,0
44.372222,-0.410000,-0.067908,0
44.375000,-0.430000,-0.071457,0
44.377778,-0.430000,-0.075425,0
44.380556,-0.440000,-0.079043,0
44.383333,-0.435000,-0.082357,0
44.386111,-0.425000,-0.086084,0
44.388889,-0.430000,-0.090935,0
44.391667,-0.455000,-0.096956,0
44.394444,-0.455000,-0.103478,0
44.397222,-0.470000,-0.109632,0
44.400000,-0.465000,-0.114908,0
44.402778,-0.465000,-0.119281,0
44.405556,-0.465000,-0.122871,0
44.408333,-0.470000,-0.125515,0
44.411111,-0.490000,-0.126739,0
44.413889,-0.485000,-0.126207,0
44.416667,-0.470000,-0.124198,0
44.419444,-0.465000,-0.121589,0
44.422222,-0.465000,-0.119323,0
44.425000,-0.465000,-0.117898,0
44.427778,-0.475000,-0.117278,0
44.430556,-0.475000,-0.117230,0
44.433333,-0.460000,-0.117652,0
44.436111,-0.465000,-0.118544,0
44.438889,-0.465000,-0.119705,0
44.441667,-0.475000,-0.120519,0
44.444444,-0.465000,-0.120081,0
44.447222,-0.475000,-0.117563,0
44.450000,-0.465000,-0.112574,0
44.452778,-0.450000,-0.105296,0
44.455556,-0.440000,-0.096296,0
44.458333,-0.435000,-0.086178,0
44.461111,-0.430000,-0.075389,0
44.463889,-0.415000,-0.064262,0
44.466667,-0.395000,-0.053108,0
44.469444,-0.390000,-0.042165,0
44.472222,-0.385000,-0.031529,0
44.475000,-0.365000,-0.021219,0
44.477778,-0.365000,-0.011363,0
44.480556,-0.360000,-0.002345,0
44.483333,-0.335000,0.005246,0
44.486111,-0.325000,0.010973,0
44.488889,-0.330000,0.014996,0
44.491667,-0.345000,0.018093,0
44.494444,-0.330000,0.021103,0
44.497222,-0.325000,0.024277,0
44.500000,-0.320000,0.027134,0
44.502778,-0.310000,0.028895,0
44.505556,-0.315000,0.029138,0
44.508333,-0.320000,0.028184,0
44.511111,-0.320000,0.026964,0
44.513889,-0.335000,0.026463,0
44.516667,-0.320000,0.027106,0
44.519444,-0.315000,0.028538,0
44.522222,-0.310000,0.029930,0
44.525000,-0.320000,0.030527,0
44.527778,-0.315000,0.030002,0
44.530556,-0.320000,0.028473,0
44.533333,-0.325000,0.026315,0
44.536111,-0.320000,0.023987,0
44.538889,-0.320000,0.021963,0
44.541667,-0.325000,0.020732,0
44.544444,-0.330000,0.020668,0
44.547222,-0.335000,0.021700,0
44.550000,-0.330000,0.023068,0
44.552778,-0.305000,0.023543,0
44.555556,-0.315000,0.022173,0
44.558333,-0.330000,0.019001,0
44.561111,-0.335000,0.015089,0
44.563889,-0.340000,0.011796,0
44.566667,-0.350000,0.009897,0
44.569444,-0.330000,0.009175,0
44.572222,-0.325000,0.008783,0
44.575000,-0.325000,0.008074,0
44.577778,-0.350000,0.007140,0
44.580556,-0.350000,0.006559,0
44.583333,-0.345000,0.006664,0
44.586111,-0.330000,0.007166,0
44.588889,-0.320000,0.007505,0
44.591667,-0.345000,0.007483,0
44.594444,-0.340000,0.007428,0
44.597222,-0.350000,0.007711,0
44.600000,-0.340000,0.008159,0
44.602778,-0.325000,0.007997,0
44.605556,-0.330000,0.006432,0
44.608333,-0.340000,0.003330,0
44.611111,-0.350000,-0.000625,0
44.613889,-0.360000,-0.004441,0
44.616667,-0.355000,-0.007493,0
44.619444,-0.345000,-0.009780,0
44.622222,-0.350000,-0.011599,0
44.625000,-0.355000,-0.013018,0
44.627778,-0.360000,-0.013717,0
44.630556,-0.370000,-0.013322,0
44.633333,-0.360000,-0.011896,0
44.636111,-0.340000,-0.010040,0
44.638889,-0.345000,-0.008451,0
44.641667,-0.355000,-0.007398,0
44.644444,-0.355000,-0.006658,0
44.647222,-0.355000,-0.005939,0
44.650000,-0.350000,-0.005306,0
44.652778,-0.340000,-0.005183,0
44.655556,-0.345000,-0.005997,0
44.658333,-0.355000,-0.007817,0
44.661111,-0.355000,-0.010314,0
44.663889,-0.355000,-0.013010,0
44.666667,-0.365000,-0.015527,0
44.669444,-0.355000,-0.017655,0
44.672222,-0.355000,-0.019224,0
44.675000,-0.360000,-0.019942,0
44.677778,-0.375000,-0.019491,0
44.680556,-0.365000,-0.017905,0
44.683333,-0.355000,-0.015837,0
44.686111,-0.350000,-0.014319,0
44.688889,-0.350000,-0.014136,0
44.691667,-0.355000,-0.015304,0
44.694444,-0.365000,-0.017093,0
44.697222,-0.370000,-0.018543,0
44.700000,-0.360000,-0.019075,0
44.702778,-0.355000,-0.018687,0
44.705556,-0.355000,-0.017689,0
44.708333,-0.355000,-0.016287,0
44.711111,-0.360000,-0.014462,0
44.713889,-0.360000,-0.012212,0
44.716667,-0.360000,-0.009877,0
44.719444,-0.335000,-0.008131,0
44.722222,-0.335000,-0.007515,0
44.725000,-0.355000,-0.007950,0
44.727778,-0.360000,-0.008831,0
44.730556,-0.365000,-0.009686,0
44.733333,-0.345000,-0.010652,0
44.736111,-0.335000,-0.012149,0
44.738889,-0.345000,-0.013971,0
44.741667,-0.360000,-0.014742,0
44.744444,-0.360000,-0.012384,0
44.747222,-0.360000,-0.005358,0
44.750000,-0.345000,0.006237,0
44.752778,-0.305000,0.020504,0
44.755556,-0.295000,0.034714,0
44.758333,-0.285000,0.046721,0
44.761111,-0.285000,0.055879,0
44.763889,-0.285000,0.062935,0
44.766667,-0.275000,0.069196,0
44.769444,-0.265000,0.075625,0
44.772222,-0.260000,0.082388,0
44.775000,-0.240000,0.088952,0
44.777778,-0.245000,0.094471,0
44.780556,-0.255000,0.098141,0
44.783333,-0.230000,0.099392,0
44.786111,-0.230000,0.098096,0
44.788889,-0.245000,0.094803,0
44.791667,-0.255000,0.090641,0
44.794444,-0.260000,0.086742,0
44.797222,-0.255000,0.083592,0
44.800000,-0.260000,0.080835,0
44.802778,-0.255000,0.077675,0
44.805556,-0.255000,0.073632,0
44.808333,-0.265000,0.069182,0
44.811111,-0.270000,0.065839,0
44.813889,-0.280000,0.065482,0
44.816667,-0.285000,0.069170,0
44.819444,-0.275000,0.076089,0
44.822222,-0.245000,0.083413,0
44.825000,-0.235000,0.087396,0
44.827778,-0.235000,0.085143,0
44.830556,-0.270000,0.075884,0
44.833333,-0.290000,0.061004,0
44.836111,-0.290000,0.043074,0
44.838889,-0.310000,0.024808,0
44.841667,-0.330000,0.008419,0
44.844444,-0.350000,-0.004722,0
44.847222,-0.355000,-0.014305,0
44.850000,-0.355000,-0.021021,0
44.852778,-0.355000,-0.026050,0
44.855556,-0.360000,-0.030328,0
44.858333,-0.370000,-0.034074,0
44.861111,-0.385000,-0.036934,0
44.863889,-0.385000,-0.038598,0
44.866667,-0.370000,-0.039309,0
44.869444,-0.370000,-0.039764,0
44.872222,-0.370000,-0.040527,0
44.875000,-0.375000,-0.041514,0
44.877778,-0.385000,-0.042057,0
44.880556,-0.395000,-0.041490,0
44.883333,-0.370000,-0.039744,0
44.886111,-0.360000,-0.037354,0
44.888889,-0.365000,-0.034907,0
44.891667,-0.370000,-0.032587,0
44.894444,-0.375000,-0.030395,0
44.897222,-0.375000,-0.028897,0
44.900000,-0.370000,-0.029823,0
44.902778,-0.365000,-0.035896,0
44.905556,-0.370000,-0.049854,0
44.908333,-0.405000,-0.073213,0
44.911111,-0.455000,-0.105558,0
44.913889,-0.500000,-0.144547,0
44.916667,-0.510000,-0.186021,0
44.919444,-0.520000,-0.223449,0
44.922222,-0.570000,-0.247100,0
44.925000,-0.595000,-0.244341,0
44.927778,-0.555000,-0.201906,0
44.930556,-0.445000,-0.109314,0
44.933333,-0.275000,0.038126,0
44.936111,-0.105000,0.237327,0
44.938889,0.100000,0.476005,0
44.941667,0.360000,0.731823,0
44.944444,0.630000,0.973418,0
44.947222,0.830000,1.164832,0
44.950000,0.985000,1.273315,0
44.952778,1.020000,1.278440,1
44.955556,0.905000,1.179101,0
44.958333,0.655000,0.994891,0
44.961111,0.370000,0.760332,0
44.963889,0.105000,0.514064,0
44.966667,-0.080000,0.288019,0
44.969444,-0.220000,0.101346,0
44.972222,-0.340000,-0.039324,0
44.975000,-0.435000,-0.135449,0
44.977778,-0.510000,-0.191730,0
44.980556,-0.570000,-0.213619,0
44.983333,-0.580000,-0.207533,0
44.986111,-0.520000,-0.182006,0
44.988889,-0.460000,-0.147506,0
44.991667,-0.415000,-0.114244,0
44.994444,-0.415000,-0.089371,0
44.997222,-0.425000,-0.075584,0
45.000000,-0.415000,-0.071806,0
45.002778,-0.405000,-0.074988,0
45.005556,-0.415000,-0.081670,0
45.008333,-0.420000,-0.088857,0
45.011111,-0.435000,-0.094466,0
45.013889,-0.435000,-0.097582,0
45.016667,-0.430000,-0.098435,0
45.019444,-0.420000,-0.097935,0
45.022222,-0.425000,-0.096928,0
45.025000,-0.425000,-0.095646,0
45.027778,-0.435000,-0.093748,0
45.030556,-0.435000,-0.090874,0
45.033333,-0.415000,-0.087179,0
45.036111,-0.405000,-0.083337,0
45.038889,-0.410000,-0.080079,0
45.041667,-0.415000,-0.077770,0
45.044444,-0.410000,-0.076428,0
45.047222,-0.410000,-0.076033,0
45.050000,-0.415000,-0.076734,0
45.052778,-0.400000,-0.078743,0
45.055556,-0.405000,-0.081977,0
45.058333,-0.420000,-0.085795,0
45.061111,-0.430000,-0.089191,0
45.063889,-0.435000,-0.091416,0
45.066667,-0.420000,-0.092441,0
45.069444,-0.405000,-0.092771,0
45.072222,-0.425000,-0.092788,0
45.075000,-0.430000,-0.092357,0
45.077778,-0.430000,-0.091119,0
45.080556,-0.425000,-0.089086,0
45.083333,-0.415000,-0.086894,0
45.086111,-0.410000,-0.085452,0
45.088889,-0.405000,-0.085258,0
45.091667,-0.420000,-0.085961,0
45.094444,-0.425000,-0.086579,0
45.097222,-0.430000,-0.086247,0
45.100000,-0.415000,-0.084895,0
45.102778,-0.405000,-0.083262,0
45.105556,-0.405000,-0.082246,0
45.108333,-0.410000,-0.082167,0
45.111111,-0.420000,-0.082577,0
45.113889,-0.425000,-0.082707,0
45.116667,-0.410000,-0.082063,0
45.119444,-0.400000,-0.080638,0
45.122222,-0.415000,-0.078657,0
45.125000,-0.400000,-0.076286,0
45.127778,-0.410000,-0.073630,0
45.130556,-0.410000,-0.070975,0
45.133333,-0.400000,-0.068983,0
45.136111,-0.390000,-0.068511,0
45.138889,-0.390000,-0.070059,0
45.141667,-0.405000,-0.073265,0
45.144444,-0.410000,-0.076987,0
45.147222,-0.425000,-0.079979,0
45.150000,-0.415000,-0.081676,0
45.152778,-0.405000,-0.082415,0
45.155556,-0.400000,-0.082935,0
45.158333,-0.410000,-0.083602,0
45.161111,-0.425000,-0.084119,0
45.163889,-0.420000,-0.083938,0
45.166667,-0.415000,-0.082902,0
45.169444,-0.405000,-0.081490,0
45.172222,-0.410000,-0.080507,0
45.175000,-0.400000,-0.080556,0
45.177778,-0.420000,-0.081743,0
45.180556,-0.415000,-0.083783,0
45.183333,-0.425000,-0.086338,0
45.186111,-0.405000,-0.089200,0
45.188889,-0.420000,-0.092144,0
45.191667,-0.425000,-0.094730,0
45.194444,-0.430000,-0.096402,0
45.197222,-0.440000,-0.096888,0
45.200000,-0.415000,-0.096479,0
45.202778,-0.420000,-0.095859,0
45.205556,-0.425000,-0.095604,0
45.208333,-0.420000,-0.095845,0
45.211111,-0.440000,-0.096366,0
45.213889,-0.425000,-0.096982,0
45.216667,-0.425000,-0.097782,0
45.219444,-0.425000,-0.098990,0
45.222222,-0.425000,-0.100604,0
45.225000,-0.430000,-0.102156,0
45.227778,-0.435000,-0.102836,0
45.230556,-0.445000,-0.101941,0
45.233333,-0.425000,-0.099301,0
45.236111,-0.415000,-0.095276,0
45.238889,-0.415000,-0.090298,0
45.241667,-0.415000,-0.084422,0
45.244444,-0.410000,-0.077323,0
45.247222,-0.400000,-0.068687,0
45.250000,-0.395000,-0.058643,0
45.252778,-0.370000,-0.047878,0
45.255556,-0.360000,-0.037356,0
45.258333,-0.360000,-0.027873,0
45.261111,-0.345000,-0.019782,0
45.263889,-0.345000,-0.013063,0
45.266667,-0.345000,-0.007577,0
45.269444,-0.330000,-0.003261,0
45.272222,-0.315000,-0.000051,0
45.275000,-0.325000,0.002396,0
45.277778,-0.330000,0.004743,0
45.280556,-0.335000,0.007537,0
45.283333,-0.320000,0.010647,0
45.286111,-0.305000,0.013220,0
45.288889,-0.305000,0.014313,0
45.291667,-0.310000,0.013679,0
45.294444,-0.325000,0.011989,0
45.297222,-0.330000,0.010328,0
45.300000,-0.315000,0.009439,0
45.302778,-0.320000,0.009381,0
45.305556,-0.310000,0.009763,0
45.308333,-0.320000,0.010209,0
45.311111,-0.315000,0.010637,0
45.313889,-0.325000,0.011187,0
45.316667,-0.320000,0.011951,0
45.319444,-0.310000,0.012808,0
45.322222,-0.310000,0.013537,0
45.325000,-0.315000,0.014057,0
45.327778,-0.315000,0.014487,0
45.330556,-0.325000,0.014910,0
45.333333,-0.310000,0.015139,0
45.336111,-0.305000,0.014775,0
45.338889,-0.310000,0.013590,0
45.341667,-0.320000,0.011801,0
45.344444,-0.325000,0.009922,0
45.347222,-0.325000,0.008301,0
45.350000,-0.320000,0.006813,0
45.352778,-0.315000,0.005001,0
45.355556,-0.325000,0.002527,0
45.358333,-0.325000,-0.000489,0
45.361111,-0.340000,-0.003527,0
45.363889,-0.340000,-0.006074,0
45.366667,-0.335000,-0.007988,0
45.369444,-0.335000,-0.009512,0
45.372222,-0.330000,-0.010908,0
45.375000,-0.340000,-0.012099,0
45.377778,-0.350000,-0.012676,0
45.380556,-0.345000,-0.012305,0
45.383333,-0.340000,-0.011141,0
45.386111,-0.335000,-0.009844,0
45.388889,-0.330000,-0.009161,0
45.391667,-0.335000,-0.009448,0
45.394444,-0.345000,-0.010507,0
45.397222,-0.345000,-0.011859,0
45.400000,-0.345000,-0.013170,0
45.402778,-0.335000,-0.014416,0
45.405556,-0.340000,-0.015696,0
45.408333,-0.345000,-0.016963,0
45.411111,-0.355000,-0.018037,0
45.413889,-0.350000,-0.018891,0
45.416667,-0.350000,-0.019861,0
45.419444,-0.340000,-0.021471,0
45.422222,-0.345000,-0.023969,0
45.425000,-0.360000,-0.027006,0
45.427778,-0.365000,-0.029832,0
45.430556,-0.370000,-0.031857,0
45.433333,-0.355000,-0.033063,0
45.436111,-0.355000,-0.033867,0
45.438889,-0.360000,-0.034616,0
45.441667,-0.365000,-0.035240,0
45.444444,-0.370000,-0.035389,0
45.447222,-0.375000,-0.034877,0
45.450000,-0.355000,-0.033965,0
45.452778,-0.350000,-0.033133,0
45.455556,-0.360000,-0.032558,0
45.458333,-0.365000,-0.031865,0
45.461111,-0.365000,-0.030454,0
45.463889,-0.365000,-0.028117,0
45.466667,-0.350000,-0.025365,0
45.469444,-0.345000,-0.023201,0
45.472222,-0.350000,-0.022498,0
45.475000,-0.345000,-0.023485,0
45.477778,-0.365000,-0.025676,0
45.480556,-0.360000,-0.028253,0
45.483333,-0.360000,-0.030535,0
45.486111,-0.355000,-0.032186,0
45.488889,-0.365000,-0.033104,0
45.491667,-0.360000,-0.033236,0
45.494444,-0.360000,-0.032524,0
45.497222,-0.365000,-0.030995,0
45.500000,-0.365000,-0.028906,0
45.502778,-0.350000,-0.026764,0
45.505556,-0.345000,-0.025075,0
45.508333,-0.355000,-0.023973,0
45.511111,-0.355000,-0.023098,0
45.513889,-0.360000,-0.021883,0
45.516667,-0.350000,-0.019922,0
45.519444,-0.335000,-0.017038,0
45.522222,-0.340000,-0.013005,0
45.525000,-0.335000,-0.007324,0
45.527778,-0.335000,0.000550,0
45.530556,-0.335000,0.010588,0
45.533333,-0.310000,0.021685,0
45.536111,-0.290000,0.031873,0
45.538889,-0.270000,0.039333,0
45.541667,-0.280000,0.043557,0
45.544444,-0.295000,0.045697,0
45.547222,-0.295000,0.047769,0
45.550000,-0.285000,0.051326,0
45.552778,-0.270000,0.056637,0
45.555556,-0.260000,0.062839,0
45.558333,-0.255000,0.068740,0
45.561111,-0.255000,0.073568,0
45.563889,-0.260000,0.077195,0
45.566667,-0.250000,0.079853,0
45.569444,-0.255000,0.081695,0
45.572222,-0.245000,0.082593,0
45.575000,-0.240000,0.082262,0
45.577778,-0.250000,0.080570,0
45.580556,-0.260000,0.077678,0
45.583333,-0.260000,0.073939,0
45.586111,-0.255000,0.069762,0
45.588889,-0.260000,0.065706,0
45.591667,-0.265000,0.062668,0
45.594444,-0.270000,0.061814,0
45.597222,-0.275000,0.064086,0
45.600000,-0.265000,0.069507,0
45.602778,-0.260000,0.076704,0
45.605556,-0.250000,0.083021,0
45.608333,-0.240000,0.085286,0
45.611111,-0.230000,0.081024,0
45.613889,-0.265000,0.069528,0
45.616667,-0.285000,0.052171,0
45.619444,-0.295000,0.031801,0
45.622222,-0.335000,0.011662,0
45.625000,-0.330000,-0.005579,0
45.627778,-0.350000,-0.018402,0
45.630556,-0.370000,-0.026572,0
45.633333,-0.360000,-0.030960,0
45.636111,-0.355000,-0.033036,0
45.638889,-0.360000,-0.034138,0
45.641667,-0.365000,-0.034889,0
45.644444,-0.375000,-0.035209,0
45.647222,-0.380000,-0.034876,0
45.650000,-0.360000,-0.034091,0
45.652778,-0.360000,-0.033541,0
45.655556,-0.365000,-0.033949,0
45.658333,-0.365000,-0.035599,0
45.661111,-0.375000,-0.038218,0
45.663889,-0.380000,-0.041207,0
45.666667,-0.370000,-0.043948,0
45.669444,-0.380000,-0.045941,0
45.672222,-0.375000,-0.046791,0
45.675000,-0.375000,-0.046258,0
45.677778,-0.390000,-0.044553,0
45.680556,-0.385000,-0.042808,0
45.683333,-0.375000,-0.043333,0
45.686111,-0.380000,-0.049224,0
45.688889,-0.385000,-0.063329,0
45.691667,-0.415000,-0.087099,0
45.694444,-0.470000,-0.119908,0
45.697222,-0.505000,-0.158985,0
45.700000,-0.520000,-0.199415,0
45.702778,-0.535000,-0.233690,0
45.705556,-0.575000,-0.251266,0
45.708333,-0.595000,-0.239344,0
45.711111,-0.530000,-0.185396,0
45.713889,-0.415000,-0.080509,0
45.716667,-0.250000,0.077861,0
45.719444,-0.065000,0.284234,0
45.722222,0.165000,0.524364,0
45.725000,0.440000,0.775491,0
45.727778,0.670000,1.008165,0
45.730556,0.840000,1.189865,0
45.733333,0.935000,1.290091,1
45.736111,0.990000,1.286583,0
45.738889,0.910000,1.172077,0
45.741667,0.690000,0.959611,0
45.744444,0.380000,0.683052,0
45.747222,0.000000,0.390397,0
45.750000,-0.305000,0.130824,0
45.752778,-0.475000,-0.059590,0
45.755556,-0.515000,-0.167098,0
45.758333,-0.505000,-0.200564,0
45.761111,-0.470000,-0.183789,0
45.763889,-0.445000,-0.144566,0
45.766667,-0.415000,-0.105459,0
45.769444,-0.415000,-0.079112,0
45.772222,-0.420000,-0.068290,0
45.775000,-0.420000,-0.069084,0
45.777778,-0.425000,-0.075109,0
45.780556,-0.435000,-0.080922,0
45.783333,-0.415000,-0.083737,0
45.786111,-0.410000,-0.083369,0
45.788889,-0.410000,-0.081051,0
45.791667,-0.415000,-0.078137,0
45.794444,-0.415000,-0.075461,0
45.797222,-0.420000,-0.073419,0
45.800000,-0.410000,-0.072323,0
45.802778,-0.410000,-0.072536,0
45.805556,-0.400000,-0.074210,0
45.808333,-0.410000,-0.076905,0
45.811111,-0.425000,-0.079575,0
45.813889,-0.435000,-0.081126,0
45.816667,-0.420000,-0.081169,0
45.819444,-0.415000,-0.080253,0
45.822222,-0.405000,-0.079342,0
45.825000,-0.410000,-0.078983,0
45.827778,-0.430000,-0.078935,0
45.830556,-0.425000,-0.078560,0
45.833333,-0.425000,-0.077536,0
45.836111,-0.400000,-0.076172,0
45.838889,-0.415000,-0.075060,0
45.841667,-0.410000,-0.074508,0
45.844444,-0.415000,-0.074305,0
45.847222,-0.425000,-0.073968,0
45.850000,-0.415000,-0.073182,0
45.852778,-0.405000,-0.071986,0
45.855556,-0.405000,-0.070565,0
45.858333,-0.410000,-0.068888,0
45.861111,-0.410000,-0.066664,0
45.863889,-0.410000,-0.063666,0
45.866667,-0.410000,-0.060138,0
45.869444,-0.390000,-0.056859,0
45.872222,-0.385000,-0.054716,0
45.875000,-0.390000,-0.054064,0
45.877778,-0.405000,-0.054504,0
45.880556,-0.410000,-0.055289,0
45.883333,-0.395000,-0.055981,0
45.886111,-0.390000,-0.056651,0
45.888889,-0.395000,-0.057530,0
45.891667,-0.405000,-0.058555,0
45.894444,-0.400000,-0.059307,0
45.897222,-0.405000,-0.059301,0
45.900000,-0.410000,-0.058370,0
45.902778,-0.395000,-0.056827,0
45.905556,-0.390000,-0.055275,0
45.908333,-0.395000,-0.054183,0
45.911111,-0.400000,-0.053634,0
45.913889,-0.405000,-0.053463,0
45.916667,-0.400000,-0.053610,0
45.919444,-0.390000,-0.054225,0
45.922222,-0.390000,-0.055401,0
45.925000,-0.405000,-0.056841,0
45.927778,-0.405000,-0.057924,0
45.930556,-0.415000,-0.058160,0
45.933333,-0.400000,-0.057618,0
45.936111,-0.390000,-0.056845,0
45.938889,-0.395000,-0.056324,0
45.941667,-0.400000,-0.056026,0
45.944444,-0.415000,-0.055535,0
45.947222,-0.410000,-0.054645,0
45.950000,-0.390000,-0.053749,0
45.952778,-0.385000,-0.053547,0
45.955556,-0.400000,-0.054337,0
45.958333,-0.400000,-0.055657,0
45.961111,-0.420000,-0.056667,0
45.963889,-0.405000,-0.056915,0
45.966667,-0.400000,-0.056770,0
45.969444,-0.400000,-0.057144,0
45.972222,-0.395000,-0.058738,0
45.975000,-0.400000,-0.061404,0
45.977778,-0.420000,-0.064151,0
45.980556,-0.435000,-0.065874,0
45.983333,-0.415000,-0.066243,0
45.986111,-0.395000,-0.065899,0
45.988889,-0.400000,-0.065725,0
45.991667,-0.420000,-0.065973,0
45.994444,-0.425000,-0.066177,0
45.997222,-0.420000,-0.065823,0
46.000000,-0.415000,-0.064973,0
46.002778,-0.400000,-0.064209,0
46.005556,-0.405000,-0.064015,0
46.008333,-0.415000,-0.064221,0
46.011111,-0.420000,-0.064049,0
46.013889,-0.420000,-0.062703,0
46.016667,-0.405000,-0.059928,0
46.019444,-0.405000,-0.056106,0
46.022222,-0.395000,-0.051865,0
46.025000,-0.395000,-0.047609,0
46.027778,-0.395000,-0.043306,0
46.030556,-0.395000,-0.038650,0
46.033333,-0.385000,-0.033404,0
46.036111,-0.375000,-0.027600,0
46.038889,-0.370000,-0.021434,0
46.041667,-0.355000,-0.015004,0
46.044444,-0.370000,-0.008231,0
46.047222,-0.360000,-0.001103,0
46.050000,-0.345000,0.005980,0
46.052778,-0.335000,0.012217,0
46.055556,-0.320000,0.016895,0
46.058333,-0.335000,0.019932,0
46.061111,-0.335000,0.021919,0
46.063889,-0.340000,0.023603,0
46.066667,-0.325000,0.025286,0
46.069444,-0.320000,0.026717,0
46.072222,-0.315000,0.027518,0
46.075000,-0.325000,0.027676,0
46.077778,-0.335000,0.027596,0
46.080556,-0.335000,0.027663,0
46.083333,-0.315000,0.027846,0
46.086111,-0.325000,0.027763,0
46.088889,-0.320000,0.027129,0
46.091667,-0.330000,0.026093,0
46.094444,-0.330000,0.025184,0
46.097222,-0.335000,0.024957,0
46.100000,-0.330000,0.025626,0
46.102778,-0.320000,0.026965,0
46.105556,-0.330000,0.028505,0
46.108333,-0.320000,0.029820,0
46.111111,-0.325000,0.030697,0
46.113889,-0.325000,0.031126,0
46.116667,-0.330000,0.031160,0
46.119444,-0.320000,0.030811,0
46.122222,-0.320000,0.030080,0
46.125000,-0.325000,0.029074,0
46.127778,-0.335000,0.027953,0
46.130556,-0.340000,0.026643,0
46.133333,-0.330000,0.024631,0
46.136111,-0.320000,0.021248,0
46.138889,-0.330000,0.016339,0
46.141667,-0.355000,0.010691,0
46.144444,-0.360000,0.005683,0
46.147222,-0.360000,0.002421,0
46.150000,-0.355000,0.001090,0
46.152778,-0.350000,0.000997,0
46.155556,-0.355000,0.001136,0
46.158333,-0.350000,0.000790,0
46.161111,-0.365000,-0.000215,0
46.163889,-0.360000,-0.001673,0
46.166667,-0.370000,-0.003352,0
46.169444,-0.355000,-0.005202,0
46.172222,-0.365000,-0.007254,0
46.175000,-0.365000,-0.009356,0
46.177778,-0.365000,-0.011069,0
46.180556,-0.385000,-0.011897,0
46.183333,-0.375000,-0.011741,0
46.186111,-0.370000,-0.011166,0
46.188889,-0.360000,-0.011141,0
46.191667,-0.365000,-0.012374,0
46.194444,-0.375000,-0.014806,0
46.197222,-0.390000,-0.017728,0
46.200000,-0.385000,-0.020381,0
46.202778,-0.380000,-0.022463,0
46.205556,-0.375000,-0.024116,0
46.208333,-0.385000,-0.025537,0
46.211111,-0.395000,-0.026710,0
46.213889,-0.390000,-0.027521,0
46.216667,-0.395000,-0.027982,0
46.219444,-0.375000,-0.028213,0
46.222222,-0.390000,-0.028157,0
46.225000,-0.385000,-0.027378,0
46.227778,-0.400000,-0.025296,0
46.230556,-0.390000,-0.021743,0
46.233333,-0.380000,-0.017361,0
46.236111,-0.365000,-0.013381,0
46.238889,-0.365000,-0.010891,0
46.241667,-0.375000,-0.010185,0
46.244444,-0.375000,-0.010712,0
46.247222,-0.385000,-0.011625,0
46.250000,-0.385000,-0.012459,0
46.252778,-0.365000,-0.013363,0
46.255556,-0.365000,-0.014676,0
46.258333,-0.375000,-0.016298,0
46.261111,-0.400000,-0.017578,0
46.263889,-0.390000,-0.017922,0
46.266667,-0.380000,-0.017465,0
46.269444,-0.370000,-0.017047,0
46.272222,-0.375000,-0.017522,0
46.275000,-0.385000,-0.019096,0
46.277778,-0.395000,-0.021263,0
46.280556,-0.390000,-0.023271,0
46.283333,-0.390000,-0.024605,0
46.286111,-0.385000,-0.025089,0
46.288889,-0.390000,-0.024671,0
46.291667,-0.385000,-0.023185,0
46.294444,-0.385000,-0.020351,0
46.297222,-0.390000,-0.016055,0
46.300000,-0.390000,-0.010762,0
46.302778,-0.365000,-0.005654,0
46.305556,-0.355000,-0.002186,0
46.308333,-0.365000,-0.001211,0
46.311111,-0.370000,-0.002362,0
46.313889,-0.375000,-0.004159,0
46.316667,-0.375000,-0.004668,0
46.319444,-0.365000,-0.002243,0
46.322222,-0.370000,0.003946,0
46.325000,-0.355000,0.013654,0
46.327778,-0.345000,0.025557,0
46.330556,-0.330000,0.037554,0
46.333333,-0.320000,0.047430,0
46.336111,-0.300000,0.053714,0
46.338889,-0.300000,0.056418,0
46.341667,-0.320000,0.057140,0
46.344444,-0.325000,0.058269,0
46.347222,-0.310000,0.061661,0
46.350000,-0.305000,0.067688,0
46.352778,-0.290000,0.075213,0
46.355556,-0.275000,0.082373,0
46.358333,-0.275000,0.087583,0
46.361111,-0.290000,0.090138,0
46.363889,-0.285000,0.090152,0
46.366667,-0.275000,0.088183,0
46.369444,-0.280000,0.085025,0
46.372222,-0.285000,0.081692,0
46.375000,-0.300000,0.079261,0
46.377778,-0.300000,0.078421,0
46.380556,-0.295000,0.079093,0
46.383333,-0.275000,0.080574,0
46.386111,-0.275000,0.082196,0
46.388889,-0.290000,0.083879,0
46.391667,-0.300000,0.085912,0
46.394444,-0.295000,0.088049,0
46.397222,-0.290000,0.088791,0
46.400000,-0.265000,0.085707,0
46.402778,-0.280000,0.076738,0
46.405556,-0.310000,0.061551,0
46.408333,-0.335000,0.041921,0
46.411111,-0.355000,0.020942,0
46.413889,-0.380000,0.001704,0
46.416667,-0.395000,-0.013763,0
46.419444,-0.380000,-0.024797,0
46.422222,-0.400000,-0.031693,0
46.425000,-0.410000,-0.035076,0
46.427778,-0.415000,-0.035664,0
46.430556,-0.415000,-0.034425,0
46.433333,-0.405000,-0.032645,0
46.436111,-0.385000,-0.031507,0
46.438889,-0.400000,-0.031382,0
46.441667,-0.405000,-0.031518,0
46.444444,-0.425000,-0.030610,0
46.447222,-0.410000,-0.027912,0
46.450000,-0.395000,-0.023935,0
46.452778,-0.375000,-0.020099,0
46.455556,-0.385000,-0.017659,0
46.458333,-0.395000,-0.016879,0
46.461111,-0.400000,-0.017133,0
46.463889,-0.400000,-0.017671,0
46.466667,-0.390000,-0.018305,0
46.469444,-0.390000,-0.019473,0
46.472222,-0.390000,-0.021772,0
46.475000,-0.400000,-0.025431,0
46.477778,-0.410000,-0.030128,0
46.480556,-0.410000,-0.035197,0
46.483333,-0.410000,-0.039963,0
46.486111,-0.425000,-0.044027,0
46.488889,-0.425000,-0.047476,0
46.491667,-0.420000,-0.051052,0
46.494444,-0.440000,-0.056183,0
46.497222,-0.445000,-0.064880,0
46.500000,-0.455000,-0.079423,0
46.502778,-0.480000,-0.101716,0
46.505556,-0.505000,-0.132244,0
46.508333,-0.530000,-0.168857,0
46.511111,-0.565000,-0.205813,0
46.513889,-0.620000,-0.233675,0
46.516667,-0.630000,-0.240466,0
46.519444,-0.585000,-0.213684,0
46.522222,-0.490000,-0.142373,0
46.525000,-0.370000,-0.019125,0
46.527778,-0.250000,0.157129,0
46.530556,-0.080000,0.377043,0
46.533333,0.180000,0.617197,0
46.536111,0.455000,0.840402,0
46.538889,0.650000,1.002508,0
46.541667,0.765000,1.064754,1
46.544444,0.735000,1.007309,0
46.547222,0.540000,0.838294,0
46.550000,0.195000,0.593567,0
46.552778,-0.135000,0.326129,0
46.555556,-0.385000,0.089047,0
46.558333,-0.525000,-0.080717,0
46.561111,-0.565000,-0.170897,0
46.563889,-0.530000,-0.192462,0
46.566667,-0.490000,-0.170382,0
46.569444,-0.465000,-0.131823,0
46.572222,-0.455000,-0.096930,0
46.575000,-0.460000,-0.075057,0
46.577778,-0.470000,-0.066197,0
46.580556,-0.465000,-0.065347,0
46.583333,-0.460000,-0.067003,0
46.586111,-0.445000,-0.067884,0
46.588889,-0.435000,-0.067387,0
46.591667,-0.440000,-0.066517,0
46.594444,-0.440000,-0.066486,0
46.597222,-0.450000,-0.067838,0
46.600000,-0.455000,-0.070305,0
46.602778,-0.445000,-0.073089,0
46.605556,-0.455000,-0.075213,0
46.608333,-0.460000,-0.075837,0
46.611111,-0.455000,-0.074596,0
46.613889,-0.460000,-0.071857,0
46.616667,-0.445000,-0.068684,0
46.619444,-0.435000,-0.066361,0
46.622222,-0.440000,-0.065707,0
46.625000,-0.450000,-0.066654,0
46.627778,-0.455000,-0.068428,0
46.630556,-0.450000,-0.070165,0
46.633333,-0.460000,-0.071455,0
46.636111,-0.445000,-0.072466,0
46.638889,-0.450000,-0.073622,0
46.641667,-0.450000,-0.075105,0
46.644444,-0.455000,-0.076584,0
46.647222,-0.470000,-0.077413,0
46.650000,-0.460000,-0.077155,0
46.652778,-0.455000,-0.075970,0
46.655556,-0.445000,-0.074543,0
46.658333,-0.460000,-0.073672,0
46.661111,-0.455000,-0.073918,0
46.663889,-0.455000,-0.075467,0
46.666667,-0.455000,-0.078092,0
46.669444,-0.460000,-0.081128,0
46.672222,-0.465000,-0.083567,0
46.675000,-0.465000,-0.084387,0
46.677778,-0.475000,-0.083033,0
46.680556,-0.465000,-0.079815,0
46.683333,-0.450000,-0.075873,0
46.686111,-0.445000,-0.072597,0
46.688889,-0.445000,-0.070829,0
46.691667,-0.455000,-0.070440,0
46.694444,-0.460000,-0.070595,0
46.697222,-0.455000,-0.070449,0
46.700000,-0.455000,-0.069709,0
46.702778,-0.440000,-0.068657,0
46.705556,-0.440000,-0.067699,0
46.708333,-0.450000,-0.066936,0
46.711111,-0.455000,-0.066198,0
46.713889,-0.460000,-0.065534,0
46.716667,-0.445000,-0.065600,0
46.719444,-0.435000,-0.067398,0
46.722222,-0.445000,-0.071439,0
46.725000,-0.455000,-0.077011,0
46.727778,-0.465000,-0.082249,0
46.730556,-0.485000,-0.085051,0
46.733333,-0.475000,-0.084284,0
46.736111,-0.455000,-0.080407,0
46.738889,-0.445000,-0.075083,0
46.741667,-0.445000,-0.070107,0
46.744444,-0.450000,-0.066530,0
46.747222,-0.455000,-0.064531,0
46.750000,-0.450000,-0.063836,0
46.752778,-0.435000,-0.064126,0
46.755556,-0.445000,-0.065074,0
46.758333,-0.450000,-0.066251,0
46.761111,-0.450000,-0.067221,0
46.763889,-0.460000,-0.067863,0
46.766667,-0.450000,-0.068578,0
46.769444,-0.440000,-0.070078,0
46.772222,-0.445000,-0.072804,0
46.775000,-0.460000,-0.076498,0
46.777778,-0.475000,-0.080390,0
46.780556,-0.475000,-0.083908,0
46.783333,-0.465000,-0.087212,0
46.786111,-0.460000,-0.090974,0
46.788889,-0.470000,-0.095609,0
46.791667,-0.480000,-0.100681,0
46.794444,-0.500000,-0.105080,0
46.797222,-0.500000,-0.107819,0
46.800000,-0.485000,-0.108773,0
46.802778,-0.485000,-0.108716,0
46.805556,-0.485000,-0.108735,0
46.808333,-0.490000,-0.109571,0
46.811111,-0.495000,-0.111377,0
46.813889,-0.505000,-0.113904,0
46.816667,-0.490000,-0.116817,0
46.819444,-0.500000,-0.119818,0
46.822222,-0.505000,-0.122583,0
46.825000,-0.505000,-0.124734,0
46.827778,-0.510000,-0.125973,0
46.830556,-0.515000,-0.126272,0
46.833333,-0.505000,-0.125907,0
46.836111,-0.500000,-0.125199,0
46.838889,-0.495000,-0.124020,0
46.841667,-0.505000,-0.121467,0
46.844444,-0.500000,-0.116108,0
46.847222,-0.500000,-0.106751,0
46.850000,-0.480000,-0.093273,0
46.852778,-0.455000,-0.076891,0
46.855556,-0.425000,-0.059669,0
46.858333,-0.425000,-0.043597,0
46.861111,-0.415000,-0.029957,0
46.863889,-0.405000,-0.019291,0
46.866667,-0.395000,-0.011717,0
46.869444,-0.380000,-0.007089,0
46.872222,-0.385000,-0.004896,0
46.875000,-0.380000,-0.004117,0
46.877778,-0.385000,-0.003368,0
46.880556,-0.395000,-0.001418,0
46.883333,-0.385000,0.002193,0
46.886111,-0.370000,0.006920,0
46.888889,-0.355000,0.011668,0
46.891667,-0.355000,0.015668,0
46.894444,-0.370000,0.019007,0
46.897222,-0.370000,0.022360,0
46.900000,-0.355000,0.026241,0
46.902778,-0.345000,0.030515,0
46.905556,-0.340000,0.034544,0
46.908333,-0.345000,0.037636,0
46.911111,-0.340000,0.039367,0
46.913889,-0.345000,0.039617,0
46.916667,-0.340000,0.038495,0
46.919444,-0.335000,0.036351,0
46.922222,-0.350000,0.033822,0
46.925000,-0.350000,0.031740,0
46.927778,-0.350000,0.030838,0
46.930556,-0.355000,0.031447,0
46.933333,-0.340000,0.033418,0
46.936111,-0.335000,0.036346,0
46.938889,-0.345000,0.039863,0
46.941667,-0.335000,0.043737,0
46.944444,-0.335000,0.047667,0
46.947222,-0.335000,0.051047,0
46.950000,-0.325000,0.052958,0
46.952778,-0.315000,0.052550,0
46.955556,-0.320000,0.049612,0
46.958333,-0.340000,0.044868,0
46.961111,-0.350000,0.039604,0
46.963889,-0.350000,0.034849,0
46.966667,-0.350000,0.030810,0
46.969444,-0.335000,0.027035,0
46.972222,-0.350000,0.023117,0
46.975000,-0.365000,0.019249,0
46.977778,-0.365000,0.016138,0
46.980556,-0.370000,0.014410,0
46.983333,-0.370000,0.014084,0
46.986111,-0.355000,0.014521,0
46.988889,-0.355000,0.014895,0
46.991667,-0.360000,0.014782,0
46.994444,-0.370000,0.014365,0
46.997222,-0.370000,0.014094,0
47.000000,-0.370000,0.014146,0
47.002778,-0.355000,0.014244,0
47.005556,-0.355000,0.013999,0
47.008333,-0.355000,0.013442,0
47.011111,-0.380000,0.013133,0
47.013889,-0.370000,0.013674,0
47.016667,-0.365000,0.015070,0
47.019444,-0.350000,0.016620,0
47.022222,-0.350000,0.017442,0
47.025000,-0.365000,0.017094,0
47.027778,-0.360000,0.015726,0
47.030556,-0.375000,0.013714,0
47.033333,-0.365000,0.011230,0
47.036111,-0.360000,0.008178,0
47.038889,-0.360000,0.004560,0
47.041667,-0.380000,0.000818,0
47.044444,-0.390000,-0.002316,0
47.047222,-0.385000,-0.004407,0
47.050000,-0.380000,-0.005725,0
47.052778,-0.375000,-0.007035,0
47.055556,-0.375000,-0.008898,0
47.058333,-0.385000,-0.011116,0
47.061111,-0.395000,-0.012791,0
47.063889,-0.405000,-0.012999,0
47.066667,-0.385000,-0.011492,0
47.069444,-0.365000,-0.008793,0
47.072222,-0.380000,-0.005636,0
47.075000,-0.385000,-0.002445,0
47.077778,-0.375000,0.000652,0
47.080556,-0.375000,0.003466,0
47.083333,-0.370000,0.005555,0
47.086111,-0.360000,0.006424,0
47.088889,-0.360000,0.005953,0
47.091667,-0.370000,0.004671,0
47.094444,-0.380000,0.003526,0
47.097222,-0.380000,0.003243,0
47.100000,-0.370000,0.003780,0
47.102778,-0.355000,0.004415,0
47.105556,-0.365000,0.004385,0
47.108333,-0.370000,0.003460,0
47.111111,-0.380000,0.001938,0
47.113889,-0.380000,0.000160,0
47.116667,-0.375000,-0.001894,0
47.119444,-0.365000,-0.004485,0
47.122222,-0.370000,-0.007568,0
47.125000,-0.385000,-0.010409,0
47.127778,-0.400000,-0.011903,0
47.130556,-0.390000,-0.011424,0
47.133333,-0.385000,-0.009443,0
47.136111,-0.365000,-0.007305,0
47.138889,-0.365000,-0.006276,0
47.141667,-0.385000,-0.006639,0
47.144444,-0.380000,-0.007541,0
47.147222,-0.385000,-0.007585,0
47.150000,-0.385000,-0.005633,0
47.152778,-0.365000,-0.001248,0
47.155556,-0.360000,0.005395,0
47.158333,-0.355000,0.013879,0
47.161111,-0.350000,0.023759,0
47.163889,-0.350000,0.034427,0
47.166667,-0.320000,0.044920,0
47.169444,-0.310000,0.054082,0
47.172222,-0.300000,0.061128,0
47.175000,-0.305000,0.066136,0
47.177778,-0.305000,0.069991,0
47.180556,-0.305000,0.073808,0
47.183333,-0.290000,0.078300,0
47.186111,-0.275000,0.083563,0
47.188889,-0.285000,0.089258,0
47.191667,-0.275000,0.094861,0
47.194444,-0.270000,0.099716,0
47.197222,-0.270000,0.103012,0
47.200000,-0.265000,0.103916,0
47.202778,-0.255000,0.101916,0
47.205556,-0.265000,0.097246,0
47.208333,-0.285000,0.091009,0
47.211111,-0.285000,0.084760,0
47.213889,-0.300000,0.079751,0
47.216667,-0.295000,0.076411,0
47.219444,-0.280000,0.074485,0
47.222222,-0.275000,0.073763,0
47.225000,-0.290000,0.074737,0
47.227778,-0.305000,0.078346,0
47.230556,-0.310000,0.084763,0
47.233333,-0.280000,0.092227,0
47.236111,-0.245000,0.097229,0
47.238889,-0.250000,0.096223,0
47.241667,-0.275000,0.087630,0
47.244444,-0.300000,0.072612,0
47.247222,-0.325000,0.054235,0
47.250000,-0.335000,0.035844,0
47.252778,-0.345000,0.019773,0
47.255556,-0.360000,0.006946,0
47.258333,-0.360000,-0.002783,0
47.261111,-0.370000,-0.009992,0
47.263889,-0.385000,-0.015231,0
47.266667,-0.390000,-0.018941,0
47.269444,-0.385000,-0.021613,0
47.272222,-0.385000,-0.023811,0
47.275000,-0.385000,-0.025964,0
47.277778,-0.390000,-0.028117,0
47.280556,-0.400000,-0.029990,0
47.283333,-0.405000,-0.031334,0
47.286111,-0.395000,-0.032294,0
47.288889,-0.385000,-0.033345,0
47.291667,-0.395000,-0.034837,0
47.294444,-0.400000,-0.036604,0
47.297222,-0.410000,-0.038066,0
47.300000,-0.410000,-0.038701,0
47.302778,-0.390000,-0.038387,0
47.305556,-0.395000,-0.037274,0
47.308333,-0.395000,-0.035406,0
47.311111,-0.400000,-0.032610,0
47.313889,-0.400000,-0.028808,0
47.316667,-0.390000,-0.024423,0
47.319444,-0.370000,-0.020374,0
47.322222,-0.370000,-0.017585,0
47.325000,-0.380000,-0.016460,0
47.327778,-0.380000,-0.016880,0
47.330556,-0.395000,-0.018795,0
47.333333,-0.385000,-0.022863,0
47.336111,-0.380000,-0.030557,0
47.338889,-0.400000,-0.043610,0
47.341667,-0.425000,-0.063253,0
47.344444,-0.460000,-0.089787,0
47.347222,-0.495000,-0.122443,0
47.350000,-0.515000,-0.158986,0
47.352778,-0.520000,-0.194673,0
47.355556,-0.560000,-0.221005,0
47.358333,-0.595000,-0.225564,0
47.361111,-0.565000,-0.193886,0
47.363889,-0.465000,-0.112938,0
47.366667,-0.310000,0.025055,0
47.369444,-0.165000,0.219011,0
47.372222,0.030000,0.455614,0
47.375000,0.295000,0.707135,0
47.377778,0.550000,0.932985,0
47.380556,0.755000,1.087142,0
47.383333,0.860000,1.130876,1
47.386111,0.815000,1.046760,0
47.388889,0.575000,0.847929,0
47.391667,0.205000,0.577073,0
47.394444,-0.180000,0.293684,0
47.397222,-0.440000,0.054185,0
47.400000,-0.525000,-0.106005,0
47.402778,-0.520000,-0.180294,0
47.405556,-0.475000,-0.186360,0
47.408333,-0.440000,-0.153613,0
47.411111,-0.430000,-0.110059,0
47.413889,-0.440000,-0.074212,0
47.416667,-0.430000,-0.053553,0
47.419444,-0.415000,-0.047422,0
47.422222,-0.405000,-0.051110,0
47.425000,-0.420000,-0.059047,0
47.427778,-0.425000,-0.066683,0
47.430556,-0.435000,-0.071394,0
47.433333,-0.425000,-0.072632,0
47.436111,-0.415000,-0.071346,0
47.438889,-0.415000,-0.068962,0
47.441667,-0.420000,-0.066466,0
47.444444,-0.420000,-0.064124,0
47.447222,-0.425000,-0.061820,0
47.450000,-0.415000,-0.059576,0
47.452778,-0.400000,-0.057743,0
47.455556,-0.410000,-0.056733,0
47.458333,-0.400000,-0.056632,0
47.461111,-0.420000,-0.057123,0
47.463889,-0.415000,-0.057826,0
47.466667,-0.415000,-0.058698,0
47.469444,-0.400000,-0.060064,0
47.472222,-0.410000,-0.062201,0
47.475000,-0.410000,-0.064862,0
47.477778,-0.425000,-0.067270,0
47.480556,-0.435000,-0.068659,0
47.483333,-0.420000,-0.068917,0
47.486111,-0.410000,-0.068691,0
47.488889,-0.405000,-0.068795,0
47.491667,-0.420000,-0.069497,0
47.494444,-0.435000,-0.070390,0
47.497222,-0.425000,-0.070933,0
47.500000,-0.415000,-0.071015,0
47.502778,-0.420000,-0.070981,0
47.505556,-0.415000,-0.071191,0
47.508333,-0.410000,-0.071571,0
47.511111,-0.430000,-0.071547,0
47.513889,-0.430000,-0.070490,0
47.516667,-0.420000,-0.068306,0
47.519444,-0.405000,-0.065620,0
47.522222,-0.400000,-0.063301,0
47.525000,-0.410000,-0.061797,0
47.527778,-0.415000,-0.060916,0
47.530556,-0.415000,-0.060193,0
47.533333,-0.405000,-0.059403,0
47.536111,-0.400000,-0.058710,0
47.538889,-0.400000,-0.058398,0
47.541667,-0.410000,-0.058577,0
47.544444,-0.405000,-0.059151,0
47.547222,-0.415000,-0.060023,0
47.550000,-0.400000,-0.061235,0
47.552778,-0.400000,-0.062848,0
47.555556,-0.415000,-0.064735,0
47.558333,-0.420000,-0.066570,0
47.561111,-0.405000,-0.068064,0
47.563889,-0.420000,-0.069159,0
47.566667,-0.415000,-0.070018,0
47.569444,-0.410000,-0.070849,0
47.572222,-0.410000,-0.071687,0
47.575000,-0.420000,-0.072297,0
47.577778,-0.425000,-0.072361,0
47.580556,-0.415000,-0.071835,0
47.583333,-0.415000,-0.071128,0
47.586111,-0.410000,-0.070854,0
47.588889,-0.405000,-0.071340,0
47.591667,-0.410000,-0.072278,0
47.594444,-0.430000,-0.072872,0
47.597222,-0.425000,-0.072482,0
47.600000,-0.410000,-0.071244,0
47.602778,-0.405000,-0.070054,0
47.605556,-0.405000,-0.069920,0
47.608333,-0.410000,-0.071274,0
47.611111,-0.420000,-0.073786,0
47.613889,-0.425000,-0.076760,0
47.616667,-0.425000,-0.079713,0
47.619444,-0.415000,-0.082656,0
47.622222,-0.425000,-0.085930,0
47.625000,-0.430000,-0.089829,0
47.627778,-0.435000,-0.094397,0
47.630556,-0.445000,-0.099481,0
47.633333,-0.440000,-0.104851,0
47.636111,-0.450000,-0.110233,0
47.638889,-0.450000,-0.115227,0
47.641667,-0.460000,-0.119294,0
47.644444,-0.465000,-0.121913,0
47.647222,-0.465000,-0.122855,0
47.650000,-0.460000,-0.122352,0
47.652778,-0.455000,-0.120964,0
47.655556,-0.455000,-0.119239,0
47.658333,-0.450000,-0.117394,0
47.661111,-0.460000,-0.115296,0
47.663889,-0.460000,-0.112736,0
47.666667,-0.445000,-0.109709,0
47.669444,-0.430000,-0.106328,0
47.672222,-0.430000,-0.102390,0
47.675000,-0.445000,-0.097178,0
47.677778,-0.435000,-0.089883,0
47.680556,-0.425000,-0.080373,0
47.683333,-0.400000,-0.069540,0
47.686111,-0.385000,-0.058832,0
47.688889,-0.375000,-0.049317,0
47.691667,-0.375000,-0.041021,0
47.694444,-0.380000,-0.033070,0
47.697222,-0.370000,-0.024505,0
47.700000,-0.350000,-0.015102,0
47.702778,-0.330000,-0.005513,0
47.705556,-0.325000,0.003288,0
47.708333,-0.325000,0.010672,0
47.711111,-0.320000,0.016592,0
47.713889,-0.315000,0.021343,0
47.716667,-0.315000,0.025195,0
47.719444,-0.295000,0.028256,0
47.722222,-0.300000,0.030640,0
47.725000,-0.295000,0.032693,0
47.727778,-0.310000,0.034927,0
47.730556,-0.300000,0.037625,0
47.733333,-0.290000,0.040520,0
47.736111,-0.280000,0.042921,0
47.738889,-0.285000,0.044249,0
47.741667,-0.285000,0.044484,0
47.744444,-0.290000,0.044143,0
47.747222,-0.300000,0.043837,0
47.750000,-0.285000,0.043787,0
47.752778,-0.280000,0.043726,0
47.755556,-0.285000,0.043263,0
47.758333,-0.280000,0.042335,0
47.761111,-0.295000,0.041288,0
47.763889,-0.305000,0.040493,0
47.766667,-0.290000,0.039847,0
47.769444,-0.275000,0.038745,0
47.772222,-0.290000,0.036626,0
47.775000,-0.295000,0.033561,0
47.777778,-0.300000,0.030279,0
47.780556,-0.315000,0.027629,0
47.783333,-0.305000,0.025964,0
47.786111,-0.290000,0.024986,0
47.788889,-0.300000,0.024159,0
47.791667,-0.305000,0.023240,0
47.794444,-0.310000,0.022392,0
47.797222,-0.310000,0.021858,0
47.800000,-0.310000,0.021575,0
47.802778,-0.300000,0.021154,0
47.805556,-0.295000,0.020251,0
47.808333,-0.305000,0.019010,0
47.811111,-0.320000,0.018071,0
47.813889,-0.315000,0.018041,0
47.816667,-0.310000,0.018902,0
47.819444,-0.300000,0.019957,0
47.822222,-0.290000,0.020415,0
47.825000,-0.300000,0.020096,0
47.827778,-0.320000,0.019555,0
47.830556,-0.320000,0.019462,0
47.833333,-0.300000,0.019854,0
47.836111,-0.295000,0.020046,0
47.838889,-0.295000,0.019273,0
47.841667,-0.310000,0.017354,0
47.844444,-0.320000,0.014742,0
47.847222,-0.315000,0.012059,0
47.850000,-0.305000,0.009689,0
47.852778,-0.310000,0.007801,0
47.855556,-0.320000,0.006560,0
47.858333,-0.325000,0.006117,0
47.861111,-0.310000,0.006366,0
47.863889,-0.325000,0.006800,0
47.866667,-0.310000,0.006675,0
47.869444,-0.310000,0.005437,0
47.872222,-0.310000,0.003196,0
47.875000,-0.325000,0.000857,0
47.877778,-0.330000,-0.000308,0
47.880556,-0.330000,0.000526,0
47.883333,-0.320000,0.003152,0
47.886111,-0.300000,0.006465,0
47.888889,-0.310000,0.009214,0
47.891667,-0.300000,0.010784,0
47.894444,-0.315000,0.011400,0
47.897222,-0.325000,0.011651,0
47.900000,-0.310000,0.011787,0
47.902778,-0.295000,0.011486,0
47.905556,-0.300000,0.010319,0
47.908333,-0.310000,0.008367,0
47.911111,-0.320000,0.006280,0
47.913889,-0.330000,0.004677,0
47.916667,-0.315000,0.003506,0
47.919444,-0.300000,0.002063,0
47.922222,-0.310000,-0.000304,0
47.925000,-0.325000,-0.003501,0
47.927778,-0.330000,-0.006716,0
47.930556,-0.340000,-0.009094,0
47.933333,-0.325000,-0.010402,0
47.936111,-0.320000,-0.011067,0
47.938889,-0.320000,-0.011634,0
47.941667,-0.330000,-0.012178,0
47.944444,-0.335000,-0.012242,0
47.947222,-0.330000,-0.011309,0
47.950000,-0.335000,-0.009353,0
47.952778,-0.315000,-0.007023,0
47.955556,-0.315000,-0.005304,0
47.958333,-0.320000,-0.004934,0
47.961111,-0.320000,-0.006023,0
47.963889,-0.330000,-0.008092,0
47.966667,-0.325000,-0.010393,0
47.969444,-0.325000,-0.012190,0
47.972222,-0.325000,-0.012855,0
47.975000,-0.320000,-0.011878,0
47.977778,-0.335000,-0.009013,0
47.980556,-0.330000,-0.004602,0
47.983333,-0.310000,0.000282,0
47.986111,-0.295000,0.004282,0
47.988889,-0.295000,0.006671,0
47.991667,-0.310000,0.008004,0
47.994444,-0.310000,0.009871,0
47.997222,-0.310000,0.013895,0
48.000000,-0.290000,0.020723,0
48.002778,-0.285000,0.029660,0
48.005556,-0.270000,0.039046,0
48.008333,-0.260000,0.047055,0
48.011111,-0.250000,0.052514,0
48.013889,-0.260000,0.055351,0
48.016667,-0.265000,0.056480,0
48.019444,-0.250000,0.057297,0
48.022222,-0.245000,0.059187,0
48.025000,-0.250000,0.063248,0
48.027778,-0.245000,0.070006,0
48.030556,-0.245000,0.079028,0
48.033333,-0.225000,0.088733,0
48.036111,-0.195000,0.096837,0
48.038889,-0.200000,0.101415,0
48.041667,-0.205000,0.101875,0
48.044444,-0.220000,0.099098,0
48.047222,-0.225000,0.094689,0
48.050000,-0.220000,0.090006,0
48.052778,-0.215000,0.085684,0
48.055556,-0.235000,0.081812,0
48.058333,-0.220000,0.078405,0
48.061111,-0.230000,0.075821,0
48.063889,-0.235000,0.074902,0
48.066667,-0.230000,0.076725,0
48.069444,-0.230000,0.082027,0
48.072222,-0.225000,0.090527,0
48.075000,-0.220000,0.100462,0
48.077778,-0.195000,0.108739,0
48.080556,-0.180000,0.111897,0
48.083333,-0.185000,0.107597,0
48.086111,-0.210000,0.095739,0
48.088889,-0.240000,0.078450,0
48.091667,-0.255000,0.058987,0
48.094444,-0.265000,0.040343,0
48.097222,-0.285000,0.024345,0
48.100000,-0.300000,0.011458,0
48.102778,-0.300000,0.001144,0
48.105556,-0.300000,-0.007437,0
48.108333,-0.315000,-0.014709,0
48.111111,-0.335000,-0.020446,0
48.113889,-0.340000,-0.024217,0
48.116667,-0.340000,-0.026090,0
48.119444,-0.315000,-0.026845,0
48.122222,-0.325000,-0.027451,0
48.125000,-0.330000,-0.028340,0
48.127778,-0.340000,-0.029218,0
48.130556,-0.350000,-0.029583,0
48.133333,-0.330000,-0.029387,0
48.136111,-0.320000,-0.029158,0
48.138889,-0.335000,-0.029533,0
48.141667,-0.330000,-0.030714,0
48.144444,-0.340000,-0.032385,0
48.147222,-0.345000,-0.034034,0
48.150000,-0.335000,-0.035368,0
48.152778,-0.340000,-0.036436,0
48.155556,-0.330000,-0.037456,0
48.158333,-0.340000,-0.038574,0
48.161111,-0.350000,-0.039909,0
48.163889,-0.350000,-0.041963,0
48.166667,-0.355000,-0.046032,0
48.169444,-0.350000,-0.054149,0
48.172222,-0.355000,-0.068413,0
48.175000,-0.395000,-0.090109,0
48.177778,-0.430000,-0.119199,0
48.180556,-0.475000,-0.154335,0
48.183333,-0.485000,-0.192768,0
48.186111,-0.495000,-0.229562,0
48.188889,-0.550000,-0.256495,0
48.191667,-0.570000,-0.261906,0
48.194444,-0.545000,-0.232318,0
48.197222,-0.440000,-0.155294,0
48.200000,-0.300000,-0.022491,0
48.202778,-0.135000,0.167221,0
48.205556,0.040000,0.404155,0
48.208333,0.285000,0.664350,0
48.211111,0.565000,0.909036,0
48.213889,0.805000,1.090259,0
48.216667,0.945000,1.163417,1
48.219444,0.950000,1.103203,0
48.222222,0.740000,0.916155,0
48.225000,0.340000,0.642647,0
48.227778,-0.075000,0.345115,0
48.230556,-0.370000,0.086523,0
48.233333,-0.480000,-0.090862,0
48.236111,-0.465000,-0.176252,0
48.238889,-0.405000,-0.186863,0
48.241667,-0.370000,-0.154376,0
48.244444,-0.365000,-0.109786,0
48.247222,-0.380000,-0.073669,0
48.250000,-0.375000,-0.054058,0
48.252778,-0.360000,-0.049664,0
48.255556,-0.355000,-0.054718,0
48.258333,-0.370000,-0.062903,0
48.261111,-0.375000,-0.069694,0
48.263889,-0.375000,-0.073297,0
48.266667,-0.365000,-0.074380,0
48.269444,-0.360000,-0.074878,0
48.272222,-0.360000,-0.076477,0
48.275000,-0.375000,-0.079570,0
48.277778,-0.390000,-0.083233,0
48.280556,-0.390000,-0.086067,0
48.283333,-0.385000,-0.087183,0
48.286111,-0.375000,-0.086620,0
48.288889,-0.380000,-0.085075,0
48.291667,-0.370000,-0.083355,0
48.294444,-0.385000,-0.082031,0
48.297222,-0.380000,-0.081450,0
48.300000,-0.380000,-0.081902,0
48.302778,-0.370000,-0.083601,0
48.305556,-0.370000,-0.086367,0
48.308333,-0.385000,-0.089382,0
48.311111,-0.395000,-0.091452,0
48.313889,-0.400000,-0.091759,0
48.316667,-0.385000,-0.090498,0
48.319444,-0.365000,-0.088768,0
48.322222,-0.375000,-0.087732,0
48.325000,-0.385000,-0.087810,0
48.327778,-0.385000,-0.088569,0
48.330556,-0.390000,-0.089270,0
48.333333,-0.385000,-0.089488,0
48.336111,-0.375000,-0.089334,0
48.338889,-0.380000,-0.089214,0
48.341667,-0.380000,-0.089450,0
48.344444,-0.390000,-0.090105,0
48.347222,-0.385000,-0.091069,0
48.350000,-0.380000,-0.092139,0
48.352778,-0.375000,-0.092931,0
48.355556,-0.390000,-0.092790,0
48.358333,-0.390000,-0.091000,0
48.361111,-0.380000,-0.087275,0
48.363889,-0.380000,-0.082141,0
48.366667,-0.365000,-0.076843,0
48.369444,-0.350000,-0.072794,0
48.372222,-0.365000,-0.070893,0
48.375000,-0.365000,-0.071199,0
48.377778,-0.365000,-0.073136,0
48.380556,-0.375000,-0.075973,0
48.383333,-0.365000,-0.079166,0
48.386111,-0.370000,-0.082381,0
48.388889,-0.375000,-0.085282,0
48.391667,-0.375000,-0.087369,0
48.394444,-0.380000,-0.088063,0
48.397222,-0.385000,-0.087018,0
48.400000,-0.380000,-0.084459,0
48.402778,-0.365000,-0.081216,0
48.405556,-0.360000,-0.078312,0
48.408333,-0.360000,-0.076349,0
48.411111,-0.370000,-0.075222,0
48.413889,-0.375000,-0.074417,0
48.416667,-0.365000,-0.073595,0
48.419444,-0.355000,-0.072888,0
48.422222,-0.355000,-0.072663,0
48.425000,-0.365000,-0.073090,0
48.427778,-0.365000,-0.073966,0
48.430556,-0.365000,-0.074908,0
48.433333,-0.370000,-0.075617,0
48.436111,-0.355000,-0.075973,0
48.438889,-0.365000,-0.075895,0
48.441667,-0.360000,-0.075188,0
48.444444,-0.365000,-0.073614,0
48.447222,-0.370000,-0.071204,0
48.450000,-0.360000,-0.068555,0
48.452778,-0.345000,-0.066729,0
48.455556,-0.340000,-0.066650,0
48.458333,-0.360000,-0.068470,0
48.461111,-0.365000,-0.071520,0
48.463889,-0.375000,-0.074920,0
48.466667,-0.365000,-0.078253,0
48.469444,-0.360000,-0.081680,0
48.472222,-0.365000,-0.085414,0
48.475000,-0.370000,-0.089140,0
48.477778,-0.390000,-0.091969,0
48.480556,-0.390000,-0.093033,0
48.483333,-0.385000,-0.092215,0
48.486111,-0.365000,-0.090294,0
48.488889,-0.365000,-0.088353,0
48.491667,-0.370000,-0.086968,0
48.494444,-0.380000,-0.085925,0
48.497222,-0.380000,-0.084664,0
48.500000,-0.375000,-0.082951,0
48.502778,-0.360000,-0.081120,0
48.505556,-0.355000,-0.079636,0
48.508333,-0.355000,-0.078407,0
48.511111,-0.370000,-0.076530,0
48.513889,-0.375000,-0.072822,0
48.516667,-0.355000,-0.066708,0
48.519444,-0.335000,-0.058660,0
48.522222,-0.330000,-0.049813,0
48.525000,-0.320000,-0.041213,0
48.527778,-0.325000,-0.033368,0
48.530556,-0.320000,-0.026381,0
48.533333,-0.305000,-0.020327,0
48.536111,-0.295000,-0.015401,0
48.538889,-0.290000,-0.011663,0
48.541667,-0.290000,-0.008738,0
48.544444,-0.300000,-0.005860,0
48.547222,-0.295000,-0.002357,0
48.550000,-0.280000,0.001858,0
48.552778,-0.275000,0.006228,0
48.555556,-0.270000,0.009974,0
48.558333,-0.265000,0.012623,0
48.561111,-0.275000,0.014203,0
48.563889,-0.280000,0.014997,0
48.566667,-0.270000,0.015123,0
48.569444,-0.260000,0.014403,0
48.572222,-0.270000,0.012694,0
48.575000,-0.265000,0.010330,0
48.577778,-0.280000,0.008184,0
48.580556,-0.290000,0.007217,0
48.583333,-0.280000,0.007829,0
48.586111,-0.265000,0.009594,0
48.588889,-0.265000,0.011647,0
48.591667,-0.265000,0.013370,0
48.594444,-0.270000,0.014730,0
48.597222,-0.285000,0.016009,0
48.600000,-0.265000,0.017261,0
48.602778,-0.255000,0.018115,0
48.605556,-0.255000,0.018158,0
48.608333,-0.270000,0.017425,0
48.611111,-0.270000,0.016409,0
48.613889,-0.280000,0.015552,0
48.616667,-0.265000,0.014771,0
48.619444,-0.260000,0.013500,0
48.622222,-0.265000,0.011232,0
48.625000,-0.275000,0.008014,0
48.627778,-0.285000,0.004443,0
48.630556,-0.290000,0.001170,0
48.633333,-0.280000,-0.001558,0
48.636111,-0.280000,-0.003920,0
48.638889,-0.285000,-0.006136,0
48.641667,-0.290000,-0.008128,0
48.644444,-0.295000,-0.009549,0
48.647222,-0.300000,-0.010155,0
48.650000,-0.295000,-0.010164,0
48.652778,-0.285000,-0.010246,0
48.655556,-0.285000,-0.011096,0
48.658333,-0.295000,-0.012912,0
48.661111,-0.300000,-0.015253,0
48.663889,-0.305000,-0.017391,0
48.666667,-0.305000,-0.018815,0
48.669444,-0.300000,-0.019474,0
48.672222,-0.290000,-0.019563,0
48.675000,-0.290000,-0.019089,0
48.677778,-0.315000,-0.017722,0
48.680556,-0.310000,-0.015220,0
48.683333,-0.290000,-0.011999,0
48.686111,-0.280000,-0.009138,0
48.688889,-0.280000,-0.007696,0
48.691667,-0.290000,-0.008040,0
48.694444,-0.305000,-0.009794,0
48.697222,-0.295000,-0.012365,0
48.700000,-0.295000,-0.015415,0
48.702778,-0.290000,-0.018844,0
48.705556,-0.305000,-0.022449,0
48.708333,-0.305000,-0.025737,0
48.711111,-0.320000,-0.028137,0
48.713889,-0.310000,-0.029423,0
48.716667,-0.315000,-0.029933,0
48.719444,-0.300000,-0.030360,0
48.722222,-0.310000,-0.031253,0
48.725000,-0.310000,-0.032618,0
48.727778,-0.325000,-0.033986,0
48.730556,-0.320000,-0.034880,0
48.733333,-0.320000,-0.035255,0
48.736111,-0.305000,-0.035502,0
48.738889,-0.315000,-0.035997,0
48.741667,-0.310000,-0.036643,0
48.744444,-0.325000,-0.036847,0
48.747222,-0.335000,-0.036013,0
48.750000,-0.305000,-0.034095,0
48.752778,-0.310000,-0.031663,0
48.755556,-0.300000,-0.029382,0
48.758333,-0.310000,-0.027469,0
48.761111,-0.310000,-0.025619,0
48.763889,-0.310000,-0.023441,0
48.766667,-0.310000,-0.020987,0
48.769444,-0.295000,-0.018896,0
48.772222,-0.285000,-0.017971,0
48.775000,-0.295000,-0.018492,0
48.777778,-0.305000,-0.019871,0
48.780556,-0.310000,-0.021017,0
48.783333,-0.310000,-0.021117,0
48.786111,-0.300000,-0.020158,0
48.788889,-0.285000,-0.018789,0
48.791667,-0.295000,-0.017712,0
48.794444,-0.305000,-0.017221,0
48.797222,-0.305000,-0.017287,0
48.800000,-0.300000,-0.017936,0
48.802778,-0.295000,-0.019392,0
48.805556,-0.295000,-0.021792,0
48.808333,-0.305000,-0.024805,0
48.811111,-0.310000,-0.027581,0
48.813889,-0.320000,-0.029150,0
48.816667,-0.315000,-0.028958,0
48.819444,-0.300000,-0.027068,0
48.822222,-0.295000,-0.023831,0
48.825000,-0.300000,-0.019352,0
48.827778,-0.295000,-0.013319,0
48.830556,-0.300000,-0.005377,0
48.833333,-0.280000,0.004276,0
48.836111,-0.260000,0.014695,0
48.838889,-0.250000,0.024610,0
48.841667,-0.240000,0.033170,0
48.844444,-0.245000,0.040387,0
48.847222,-0.240000,0.046976,0
48.850000,-0.230000,0.053770,0
48.852778,-0.220000,0.061205,0
48.855556,-0.210000,0.069185,0
48.858333,-0.195000,0.077267,0
48.861111,-0.205000,0.084882,0
48.863889,-0.195000,0.091361,0
48.866667,-0.185000,0.095875,0
48.869444,-0.180000,0.097585,0
48.872222,-0.175000,0.096100,0
48.875000,-0.185000,0.091892,0
48.877778,-0.205000,0.086220,0
48.880556,-0.215000,0.080485,0
48.883333,-0.205000,0.075503,0
48.886111,-0.205000,0.071350,0
48.888889,-0.200000,0.067941,0
48.891667,-0.205000,0.065767,0
48.894444,-0.225000,0.065990,0
48.897222,-0.230000,0.069577,0
48.900000,-0.225000,0.076028,0
48.902778,-0.195000,0.082826,0
48.905556,-0.170000,0.086353,0
48.908333,-0.175000,0.083827,0
48.911111,-0.215000,0.074795,0
48.913889,-0.245000,0.060997,0
48.916667,-0.250000,0.044898,0
48.919444,-0.240000,0.028349,0
48.922222,-0.260000,0.012384,0
48.925000,-0.280000,-0.002171,0
48.927778,-0.305000,-0.014320,0
48.930556,-0.315000,-0.023203,0
48.933333,-0.315000,-0.028682,0
48.936111,-0.310000,-0.031522,0
48.938889,-0.305000,-0.032918,0
48.941667,-0.310000,-0.033754,0
48.944444,-0.320000,-0.034214,0
48.947222,-0.335000,-0.034093,0
48.950000,-0.320000,-0.033467,0
48.952778,-0.305000,-0.032998,0
48.955556,-0.310000,-0.033512,0
48.958333,-0.310000,-0.035293,0
48.961111,-0.330000,-0.037846,0
48.963889,-0.340000,-0.040381,0
48.966667,-0.330000,-0.042545,0
48.969444,-0.310000,-0.044621,0
48.972222,-0.325000,-0.046990,0
48.975000,-0.335000,-0.049470,0
48.977778,-0.340000,-0.051273,0
48.980556,-0.345000,-0.051605,0
48.983333,-0.335000,-0.050337,0
48.986111,-0.325000,-0.048219,0
48.988889,-0.325000,-0.046605,0
48.991667,-0.340000,-0.047064,0
48.994444,-0.340000,-0.051240,0
48.997222,-0.345000,-0.060851,0
49.000000,-0.365000,-0.077489,0
49.002778,-0.385000,-0.102037,0
49.005556,-0.420000,-0.133853,0
49.008333,-0.445000,-0.169896,0
49.011111,-0.470000,-0.204080,0
49.013889,-0.510000,-0.227289,0
49.016667,-0.535000,-0.228540,0
49.019444,-0.495000,-0.197143,0
49.022222,-0.395000,-0.124933,0
49.025000,-0.275000,-0.007728,0
49.027778,-0.150000,0.153769,0
49.030556,0.030000,0.352915,0
49.033333,0.280000,0.576252,0
49.036111,0.540000,0.804123,0
49.038889,0.750000,1.013374,0
49.041667,0.890000,1.180983,0
49.044444,0.970000,1.286960,0
49.047222,1.020000,1.316206,1
49.050000,0.995000,1.260449,0
49.052778,0.870000,1.120994,0
49.055556,0.665000,0.911298,0
49.058333,0.385000,0.657184,0
49.061111,0.090000,0.393087,0
49.063889,-0.180000,0.154638,0
49.066667,-0.370000,-0.030051,0
49.069444,-0.465000,-0.147019,0
49.072222,-0.475000,-0.198314,0
49.075000,-0.455000,-0.198616,0
49.077778,-0.440000,-0.168632,0
49.080556,-0.395000,-0.128332,0
49.083333,-0.370000,-0.092315,0
49.086111,-0.360000,-0.068047,0
49.088889,-0.350000,-0.056596,0
49.091667,-0.355000,-0.054874,0
49.094444,-0.355000,-0.058267,0
49.097222,-0.360000,-0.062746,0
49.100000,-0.355000,-0.065985,0
49.102778,-0.355000,-0.067436,0
49.105556,-0.350000,-0.067668,0
49.108333,-0.350000,-0.067511,0
49.111111,-0.365000,-0.067503,0
49.113889,-0.365000,-0.067867,0
49.116667,-0.360000,-0.068783,0
49.119444,-0.355000,-0.070473,0
49.122222,-0.355000,-0.072957,0
49.125000,-0.370000,-0.075795,0
49.127778,-0.375000,-0.078222,0
49.130556,-0.380000,-0.079657,0
49.133333,-0.370000,-0.080136,0
49.136111,-0.370000,-0.080252,0
49.138889,-0.360000,-0.080597,0
49.141667,-0.365000,-0.081150,0
49.144444,-0.385000,-0.081182,0
49.147222,-0.390000,-0.079868,0
49.150000,-0.365000,-0.077101,0
49.152778,-0.360000,-0.073713,0
49.155556,-0.360000,-0.070908,0
49.158333,-0.355000,-0.069458,0
49.161111,-0.365000,-0.069316,0
49.163889,-0.375000,-0.069833,0
49.166667,-0.365000,-0.070328,0
49.169444,-0.360000,-0.070480,0
49.172222,-0.360000,-0.070274,0
49.175000,-0.360000,-0.069713,0
49.177778,-0.370000,-0.068704,0
49.180556,-0.370000,-0.067262,0
49.183333,-0.360000,-0.065749,0
49.186111,-0.350000,-0.064774,0
49.188889,-0.355000,-0.064729,0
49.191667,-0.360000,-0.065397,0
49.194444,-0.365000,-0.066072,0
49.197222,-0.380000,-0.066156,0
49.200000,-0.360000,-0.065738,0
49.202778,-0.350000,-0.065588,0
49.205556,-0.360000,-0.066479,0
49.208333,-0.350000,-0.068413,0
49.211111,-0.380000,-0.070461,0
49.213889,-0.385000,-0.071402,0
49.216667,-0.370000,-0.070647,0
49.219444,-0.355000,-0.068596,0
49.222222,-0.355000,-0.066135,0
49.225000,-0.355000,-0.063845,0
49.227778,-0.375000,-0.061714,0
49.230556,-0.370000,-0.059538,0
49.233333,-0.345000,-0.057410,0
49.236111,-0.345000,-0.055669,0
49.238889,-0.350000,-0.054399,0
49.241667,-0.355000,-0.053180,0
49.244444,-0.365000,-0.051454,0
49.247222,-0.355000,-0.049168,0
49.250000,-0.340000,-0.047012,0
49.252778,-0.330000,-0.045909,0
49.255556,-0.340000,-0.046188,0
49.258333,-0.355000,-0.047241,0
49.261111,-0.365000,-0.048093,0
49.263889,-0.360000,-0.048360,0
49.266667,-0.335000,-0.048675,0
49.269444,-0.340000,-0.050122,0
49.272222,-0.350000,-0.053215,0
49.275000,-0.365000,-0.057383,0
49.277778,-0.370000,-0.061335,0
49.280556,-0.370000,-0.063917,0
49.283333,-0.370000,-0.064763,0
49.286111,-0.365000,-0.064375,0
49.288889,-0.360000,-0.063675,0
49.291667,-0.355000,-0.063365,0
49.294444,-0.375000,-0.063576,0
49.297222,-0.380000,-0.064074,0
49.300000,-0.370000,-0.064778,0
49.302778,-0.360000,-0.065995,0
49.305556,-0.365000,-0.068107,0
49.308333,-0.380000,-0.071125,0
49.311111,-0.385000,-0.074633,0
49.313889,-0.385000,-0.078127,0
49.316667,-0.390000,-0.081314,0
49.319444,-0.380000,-0.084053,0
49.322222,-0.385000,-0.086017,0
49.325000,-0.390000,-0.086456,0
49.327778,-0.405000,-0.084457,0
49.330556,-0.395000,-0.079622,0
49.333333,-0.380000,-0.072585,0
49.336111,-0.360000,-0.064772,0
49.338889,-0.350000,-0.057498,0
49.341667,-0.360000,-0.051119,0
49.344444,-0.360000,-0.044975,0
49.347222,-0.360000,-0.038184,0
49.350000,-0.340000,-0.030555,0
49.352778,-0.325000,-0.022882,0
49.355556,-0.320000,-0.016419,0
49.358333,-0.310000,-0.012008,0
49.361111,-0.320000,-0.009561,0
49.363889,-0.335000,-0.008223,0
49.366667,-0.315000,-0.007003,0
49.369444,-0.305000,-0.005256,0
49.372222,-0.315000,-0.002681,0
49.375000,-0.305000,0.000872,0
49.377778,-0.315000,0.005394,0
49.380556,-0.310000,0.010504,0
49.383333,-0.280000,0.015406,0
49.386111,-0.290000,0.019264,0
49.388889,-0.285000,0.021711,0
49.391667,-0.295000,0.022985,0
49.394444,-0.300000,0.023559,0
49.397222,-0.285000,0.023629,0
49.400000,-0.285000,0.022999,0
49.402778,-0.290000,0.021405,0
49.405556,-0.290000,0.018963,0
49.408333,-0.295000,0.016345,0
49.411111,-0.300000,0.014552,0
49.413889,-0.315000,0.014363,0
49.416667,-0.300000,0.015793,0
49.419444,-0.290000,0.018003,0
49.422222,-0.280000,0.019843,0
49.425000,-0.295000,0.020610,0
49.427778,-0.305000,0.020312,0
49.430556,-0.300000,0.019309,0
49.433333,-0.300000,0.017790,0
49.436111,-0.290000,0.015660,0
49.438889,-0.300000,0.012836,0
49.441667,-0.310000,0.009536,0
49.444444,-0.315000,0.006208,0
49.447222,-0.320000,0.003178,0
49.450000,-0.310000,0.000435,0
49.452778,-0.320000,-0.002239,0
49.455556,-0.315000,-0.004902,0
49.458333,-0.325000,-0.007206,0
49.461111,-0.330000,-0.008517,0
49.463889,-0.335000,-0.008371,0
49.466667,-0.330000,-0.006976,0
49.469444,-0.325000,-0.005325,0
49.472222,-0.310000,-0.004732,0
49.475000,-0.320000,-0.006028,0
49.477778,-0.330000,-0.009024,0
49.480556,-0.340000,-0.012657,0
49.483333,-0.345000,-0.015684,0
49.486111,-0.335000,-0.017348,0
49.488889,-0.330000,-0.017531,0
49.491667,-0.335000,-0.016476,0
49.494444,-0.345000,-0.014510,0
49.497222,-0.335000,-0.012042,0
49.500000,-0.330000,-0.009652,0
49.502778,-0.325000,-0.007965,0
49.505556,-0.325000,-0.007343,0
49.508333,-0.335000,-0.007709,0
49.511111,-0.335000,-0.008712,0
49.513889,-0.335000,-0.010075,0
49.516667,-0.340000,-0.011837,0
49.519444,-0.330000,-0.014248,0
49.522222,-0.335000,-0.017397,0
49.525000,-0.345000,-0.020864,0
49.527778,-0.350000,-0.023763,0
49.530556,-0.360000,-0.025213,0
49.533333,-0.355000,-0.024925,0
49.536111,-0.345000,-0.023410,0
49.538889,-0.335000,-0.021601,0
49.541667,-0.340000,-0.020182,0
49.544444,-0.355000,-0.019239,0
49.547222,-0.355000,-0.018537,0
49.550000,-0.345000,-0.018042,0
49.552778,-0.335000,-0.018076,0
49.555556,-0.340000,-0.018937,0
49.558333,-0.350000,-0.020472,0
49.561111,-0.355000,-0.022074,0
49.563889,-0.355000,-0.023107,0
49.566667,-0.355000,-0.023342,0
49.569444,-0.345000,-0.023012,0
49.572222,-0.345000,-0.022484,0
49.575000,-0.350000,-0.021869,0
49.577778,-0.355000,-0.020937,0
49.580556,-0.355000,-0.019421,0
49.583333,-0.345000,-0.017396,0
49.586111,-0.350000,-0.015389,0
49.588889,-0.335000,-0.014097,0
49.591667,-0.335000,-0.013944,0
49.594444,-0.355000,-0.014816,0
49.597222,-0.355000,-0.016262,0
49.600000,-0.350000,-0.017954,0
49.602778,-0.350000,-0.019905,0
49.605556,-0.340000,-0.022204,0
49.608333,-0.355000,-0.024604,0
49.611111,-0.375000,-0.026485,0
49.613889,-0.365000,-0.027285,0
49.616667,-0.355000,-0.026898,0
49.619444,-0.345000,-0.025529,0
49.622222,-0.360000,-0.023172,0
49.625000,-0.350000,-0.019329,0
49.627778,-0.355000,-0.013312,0
49.630556,-0.345000,-0.004858,0
49.633333,-0.335000,0.005389,0
49.636111,-0.315000,0.015952,0
49.638889,-0.295000,0.025218,0
49.641667,-0.295000,0.032338,0
49.644444,-0.305000,0.037690,0
49.647222,-0.305000,0.042477,0
49.650000,-0.290000,0.047857,0
49.652778,-0.280000,0.054326,0
49.655556,-0.265000,0.061744,0
49.658333,-0.265000,0.069735,0
49.661111,-0.265000,0.077917,0
49.663889,-0.265000,0.085738,0
49.666667,-0.240000,0.092263,0
49.669444,-0.230000,0.096373,0
49.672222,-0.235000,0.097370,0
49.675000,-0.250000,0.095427,0
49.677778,-0.250000,0.091459,0
49.680556,-0.255000,0.086595,0
49.683333,-0.255000,0.081739,0
49.686111,-0.260000,0.077466,0
49.688889,-0.265000,0.074122,0
49.691667,-0.270000,0.071930,0
49.694444,-0.270000,0.071015,0
49.697222,-0.265000,0.071401,0
49.700000,-0.260000,0.073042,0
49.702778,-0.275000,0.075757,0
49.705556,-0.270000,0.078973,0
49.708333,-0.260000,0.081485,0
49.711111,-0.250000,0.081617,0
49.713889,-0.260000,0.077835,0
49.716667,-0.275000,0.069381,0
49.719444,-0.290000,0.056497,0
49.722222,-0.295000,0.040271,0
49.725000,-0.320000,0.022356,0
49.727778,-0.340000,0.004619,0
49.730556,-0.370000,-0.011315,0
49.733333,-0.360000,-0.024457,0
49.736111,-0.370000,-0.034470,0
49.738889,-0.385000,-0.041320,0
49.741667,-0.390000,-0.045000,0
49.744444,-0.400000,-0.045620,0
49.747222,-0.385000,-0.043694,0
49.750000,-0.385000,-0.040220,0
49.752778,-0.380000,-0.036413,0
49.755556,-0.370000,-0.033294,0
49.758333,-0.380000,-0.031400,0
49.761111,-0.385000,-0.030837,0
49.763889,-0.380000,-0.031548,0
49.766667,-0.375000,-0.033471,0
49.769444,-0.375000,-0.036356,0
49.772222,-0.380000,-0.039451,0
49.775000,-0.395000,-0.041546,0
49.777778,-0.400000,-0.041552,0
49.780556,-0.395000,-0.039291,0
49.783333,-0.380000,-0.035809,0
49.786111,-0.370000,-0.032857,0
49.788889,-0.370000,-0.031827,0
49.791667,-0.375000,-0.032908,0
49.794444,-0.395000,-0.035100,0
49.797222,-0.400000,-0.037097,0
49.800000,-0.385000,-0.038369,0
49.802778,-0.385000,-0.039658,0
49.805556,-0.385000,-0.042708,0
49.808333,-0.400000,-0.049680,0
49.811111,-0.430000,-0.062773,0
49.813889,-0.445000,-0.084006,0
49.816667,-0.465000,-0.114560,0
49.819444,-0.475000,-0.153195,0
49.822222,-0.510000,-0.194176,0
49.825000,-0.575000,-0.226163,0
49.827778,-0.605000,-0.233469,0
49.830556,-0.565000,-0.199658,0
49.833333,-0.450000,-0.111973,0
49.836111,-0.305000,0.034902,0
49.838889,-0.140000,0.235934,0
49.841667,0.060000,0.473371,0
49.844444,0.300000,0.715787,0
49.847222,0.550000,0.920936,0
49.850000,0.740000,1.044378,0
49.852778,0.810000,1.052897,1
49.855556,0.715000,0.937935,0
49.858333,0.420000,0.722278,0
49.861111,0.035000,0.455005,0
49.863889,-0.300000,0.195290,0
49.866667,-0.465000,-0.007884,0
49.869444,-0.520000,-0.130408,0
49.872222,-0.490000,-0.175897,0
49.875000,-0.450000,-0.167364,0
49.877778,-0.425000,-0.133802,0
49.880556,-0.445000,-0.098676,0
49.883333,-0.435000,-0.074519,0
49.886111,-0.435000,-0.063603,0
49.888889,-0.440000,-0.062021,0
49.891667,-0.430000,-0.064208,0
49.894444,-0.425000,-0.066078,0
49.897222,-0.430000,-0.066215,0
49.900000,-0.410000,-0.065446,0
49.902778,-0.415000,-0.065503,0
49.905556,-0.415000,-0.067555,0
49.908333,-0.420000,-0.071339,0
49.911111,-0.445000,-0.075326,0
49.913889,-0.455000,-0.077758,0
49.916667,-0.435000,-0.077829,0
49.919444,-0.425000,-0.076089,0
49.922222,-0.420000,-0.073822,0
49.925000,-0.430000,-0.072081,0
49.927778,-0.435000,-0.071213,0
49.930556,-0.435000,-0.071086,0
49.933333,-0.435000,-0.071586,0
49.936111,-0.425000,-0.072829,0
49.938889,-0.430000,-0.074941,0
49.941667,-0.430000,-0.077654,0
49.944444,-0.445000,-0.080190,0
49.947222,-0.450000,-0.081600,0
49.950000,-0.445000,-0.081313,0
49.952778,-0.430000,-0.079408,0
49.955556,-0.435000,-0.076406,0
49.958333,-0.430000,-0.072857,0
49.961111,-0.435000,-0.069150,0
49.963889,-0.430000,-0.065642,0
49.966667,-0.425000,-0.062856,0
49.969444,-0.420000,-0.061435,0
49.972222,-0.415000,-0.061804,0
49.975000,-0.415000,-0.063792,0
49.977778,-0.440000,-0.066616,0
49.980556,-0.445000,-0.069423,0
49.983333,-0.435000,-0.071963,0
49.986111,-0.425000,-0.074712,0
49.988889,-0.430000,-0.078255,0
49.991667,-0.440000,-0.082534,0
49.994444,-0.465000,-0.086719,0
49.997222,-0.460000,-0.089810,0
50.000000,-0.450000,-0.091304,0
50.002778,-0.445000,-0.091301,0
50.005556,-0.450000,-0.090065,0
50.008333,-0.455000,-0.087631,0
50.011111,-0.445000,-0.083839,0
50.013889,-0.450000,-0.078709,0
50.016667,-0.440000,-0.072788,0
50.019444,-0.430000,-0.067195,0
50.022222,-0.415000,-0.063226,0
50.025000,-0.425000,-0.061748,0
50.027778,-0.425000,-0.062810,0
50.030556,-0.445000,-0.065788,0
50.033333,-0.430000,-0.069827,0
50.036111,-0.430000,-0.074156,0
50.038889,-0.445000,-0.078067,0
50.041667,-0.445000,-0.080879,0
50.044444,-0.455000,-0.082112,0
50.047222,-0.445000,-0.081783,0
50.050000,-0.450000,-0.080501,0
50.052778,-0.440000,-0.079214,0
50.055556,-0.435000,-0.078702,0
50.058333,-0.440000,-0.079109,0
50.061111,-0.450000,-0.079893,0
50.063889,-0.460000,-0.080340,0
50.066667,-0.450000,-0.080291,0
50.069444,-0.440000,-0.080436,0
50.072222,-0.440000,-0.081900,0
50.075000,-0.450000,-0.085452,0
50.077778,-0.455000,-0.090977,0
50.080556,-0.470000,-0.097514,0
50.083333,-0.470000,-0.103728,0
50.086111,-0.475000,-0.108466,0
50.088889,-0.485000,-0.111157,0
50.091667,-0.475000,-0.111963,0
50.094444,-0.475000,-0.111669,0
50.097222,-0.485000,-0.111400,0
50.100000,-0.480000,-0.112301,0
50.102778,-0.475000,-0.115197,0
50.105556,-0.485000,-0.120230,0
50.108333,-0.490000,-0.126625,0
50.111111,-0.505000,-0.132843,0
50.113889,-0.510000,-0.137165,0
50.116667,-0.515000,-0.138402,0
50.119444,-0.505000,-0.136295,0
50.122222,-0.480000,-0.131324,0
50.125000,-0.495000,-0.124112,0
50.127778,-0.485000,-0.115010,0
50.130556,-0.485000,-0.104239,0
50.133333,-0.460000,-0.092284,0
50.136111,-0.440000,-0.079984,0
50.138889,-0.435000,-0.068157,0
50.141667,-0.420000,-0.057121,0
50.144444,-0.415000,-0.046585,0
50.147222,-0.420000,-0.036044,0
50.150000,-0.400000,-0.025389,0
50.152778,-0.380000,-0.015192,0
50.155556,-0.360000,-0.006300,0
50.158333,-0.360000,0.000949,0
50.161111,-0.370000,0.007110,0
50.163889,-0.370000,0.013171,0
50.166667,-0.355000,0.019632,0
50.169444,-0.340000,0.025988,0
50.172222,-0.330000,0.031062,0
50.175000,-0.325000,0.033886,0
50.177778,-0.335000,0.034381,0
50.180556,-0.350000,0.033311,0
50.183333,-0.345000,0.031636,0
50.186111,-0.335000,0.029891,0
50.188889,-0.335000,0.028152,0
50.191667,-0.335000,0.026462,0
50.194444,-0.355000,0.025125,0
50.197222,-0.350000,0.024539,0
50.200000,-0.350000,0.024776,0
50.202778,-0.340000,0.025436,0
50.205556,-0.335000,0.025965,0
50.208333,-0.340000,0.026164,0
50.211111,-0.350000,0.026349,0
50.213889,-0.355000,0.026996,0
50.216667,-0.345000,0.028177,0
50.219444,-0.330000,0.029401,0
50.222222,-0.335000,0.030008,0
50.225000,-0.340000,0.029698,0
50.227778,-0.350000,0.028641,0
50.230556,-0.350000,0.027111,0
50.233333,-0.345000,0.025106,0
50.236111,-0.340000,0.022351,0
50.238889,-0.350000,0.018703,0
50.241667,-0.355000,0.014501,0
50.244444,-0.360000,0.010537,0
50.247222,-0.375000,0.007615,0
50.250000,-0.370000,0.006015,0
50.252778,-0.360000,0.005292,0
50.255556,-0.355000,0.004620,0
50.258333,-0.370000,0.003400,0
50.261111,-0.370000,0.001574,0
50.263889,-0.380000,-0.000567,0
50.266667,-0.380000,-0.002809,0
50.269444,-0.365000,-0.005186,0
50.272222,-0.375000,-0.007745,0
50.275000,-0.380000,-0.010199,0
50.277778,-0.390000,-0.011941,0
50.280556,-0.390000,-0.012456,0
50.283333,-0.390000,-0.011759,0
50.286111,-0.370000,-0.010405,0
50.288889,-0.370000,-0.008973,0
50.291667,-0.375000,-0.007516,0
50.294444,-0.395000,-0.005571,0
50.297222,-0.380000,-0.002809,0
50.300000,-0.375000,0.000328,0
50.302778,-0.355000,0.002699,0
50.305556,-0.360000,0.003217,0
50.308333,-0.370000,0.001624,0
50.311111,-0.380000,-0.001401,0
50.313889,-0.385000,-0.004797,0
50.316667,-0.380000,-0.007799,0
50.319444,-0.375000,-0.010184,0
50.322222,-0.380000,-0.012003,0
50.325000,-0.380000,-0.013191,0
50.327778,-0.395000,-0.013513,0
50.330556,-0.390000,-0.012875,0
50.333333,-0.385000,-0.011674,0
50.336111,-0.375000,-0.010748,0
50.338889,-0.380000,-0.010899,0
50.341667,-0.380000,-0.012329,0
50.344444,-0.385000,-0.014441,0
50.347222,-0.395000,-0.016105,0
50.350000,-0.390000,-0.016259,0
50.352778,-0.395000,-0.014460,0
50.355556,-0.370000,-0.011060,0
50.358333,-0.380000,-0.006944,0
50.361111,-0.375000,-0.003124,0
50.363889,-0.380000,-0.000491,0
50.366667,-0.370000,0.000276,0
50.369444,-0.360000,-0.001095,0
50.372222,-0.375000,-0.004196,0
50.375000,-0.385000,-0.007903,0
50.377778,-0.385000,-0.010841,0
50.380556,-0.390000,-0.012086,0
50.383333,-0.390000,-0.011661,0
50.386111,-0.375000,-0.010499,0
50.388889,-0.375000,-0.009847,0
50.391667,-0.375000,-0.010488,0
50.394444,-0.385000,-0.012283,0
50.397222,-0.395000,-0.014365,0
50.400000,-0.400000,-0.015796,0
50.402778,-0.380000,-0.016071,0
50.405556,-0.375000,-0.015028,0
50.408333,-0.375000,-0.012341,0
50.411111,-0.390000,-0.007299,0
50.413889,-0.385000,0.000709,0
50.416667,-0.365000,0.011431,0
50.419444,-0.335000,0.023521,0
50.422222,-0.335000,0.035155,0
50.425000,-0.315000,0.044981,0
50.427778,-0.325000,0.052674,0
50.430556,-0.320000,0.058792,0
50.433333,-0.305000,0.064178,0
50.436111,-0.305000,0.069420,0
50.438889,-0.295000,0.074633,0
50.441667,-0.290000,0.079521,0
50.444444,-0.290000,0.083530,0
50.447222,-0.290000,0.086003,0
50.450000,-0.285000,0.086350,0
50.452778,-0.275000,0.084363,0
50.455556,-0.285000,0.080589,0
50.458333,-0.295000,0.076393,0
50.461111,-0.315000,0.073396,0
50.463889,-0.305000,0.072530,0
50.466667,-0.300000,0.073422,0
50.469444,-0.285000,0.074677,0
50.472222,-0.285000,0.074915,0
50.475000,-0.290000,0.073797,0
50.477778,-0.305000,0.072275,0
50.480556,-0.310000,0.071854,0
50.483333,-0.305000,0.073384,0
50.486111,-0.305000,0.076195,0
50.488889,-0.280000,0.078192,0
50.491667,-0.285000,0.076868,0
50.494444,-0.290000,0.070629,0
50.497222,-0.315000,0.059568,0
50.500000,-0.335000,0.045278,0
50.502778,-0.345000,0.029997,0
50.505556,-0.345000,0.015752,0
50.508333,-0.375000,0.003930,0
50.511111,-0.375000,-0.004833,0
50.513889,-0.380000,-0.010636,0
50.516667,-0.385000,-0.014183,0
50.519444,-0.390000,-0.016532,0
50.522222,-0.385000,-0.018778,0
50.525000,-0.390000,-0.021705,0
50.527778,-0.390000,-0.025509,0
50.530556,-0.400000,-0.029766,0
50.533333,-0.420000,-0.033769,0
50.536111,-0.405000,-0.037036,0
50.538889,-0.405000,-0.039575,0
50.541667,-0.405000,-0.041664,0
50.544444,-0.415000,-0.043473,0
50.547222,-0.420000,-0.044930,0
50.550000,-0.420000,-0.045933,0
50.552778,-0.420000,-0.046558,0
50.555556,-0.400000,-0.046953,0
50.558333,-0.415000,-0.047003,0
50.561111,-0.420000,-0.046214,0
50.563889,-0.425000,-0.044141,0
50.566667,-0.415000,-0.041101,0
50.569444,-0.405000,-0.038555,0
50.572222,-0.405000,-0.038816,0
50.575000,-0.410000,-0.044299,0
50.577778,-0.425000,-0.056775,0
50.580556,-0.450000,-0.076953,0
50.583333,-0.480000,-0.104391,0
50.586111,-0.510000,-0.137465,0
50.588889,-0.525000,-0.173131,0
50.591667,-0.550000,-0.206551,0
50.594444,-0.610000,-0.231276,0
50.597222,-0.645000,-0.240681,0
50.600000,-0.630000,-0.230202,0
50.602778,-0.565000,-0.198614,0
50.605556,-0.485000,-0.146866,0
50.608333,-0.395000,-0.074917,0
50.611111,-0.310000,0.021026,0
50.613889,-0.230000,0.148141,0
50.616667,-0.095000,0.312424,0
50.619444,0.070000,0.511497,0
50.622222,0.300000,0.728520,0
50.625000,0.545000,0.931133,0
50.627778,0.725000,1.077493,0
50.630556,0.815000,1.128346,1
50.633333,0.810000,1.061235,0
50.636111,0.630000,0.881410,0
50.638889,0.270000,0.623916,0
50.641667,-0.140000,0.343962,0
50.644444,-0.405000,0.098362,0
50.647222,-0.515000,-0.073463,0
50.650000,-0.535000,-0.159796,0
50.652778,-0.485000,-0.174530,0
50.655556,-0.435000,-0.145872,0
50.658333,-0.430000,-0.102860,0
50.661111,-0.430000,-0.065926,0
50.663889,-0.435000,-0.044088,0
50.666667,-0.420000,-0.037358,0
50.669444,-0.425000,-0.041129,0
50.672222,-0.415000,-0.049857,0
50.675000,-0.420000,-0.059053,0
50.677778,-0.440000,-0.065916,0
50.680556,-0.445000,-0.069352,0
50.683333,-0.430000,-0.069743,0
50.686111,-0.435000,-0.068415,0
50.688889,-0.425000,-0.066855,0
50.691667,-0.430000,-0.066026,0
50.694444,-0.440000,-0.066171,0
50.697222,-0.445000,-0.067105,0
50.700000,-0.430000,-0.068645,0
50.702778,-0.430000,-0.070695,0
50.705556,-0.440000,-0.073000,0
50.708333,-0.440000,-0.074946,0
50.711111,-0.445000,-0.075749,0
50.713889,-0.455000,-0.074925,0
50.716667,-0.435000,-0.072683,0
50.719444,-0.435000,-0.069883,0
50.722222,-0.425000,-0.067507,0
50.725000,-0.425000,-0.066022,0
50.727778,-0.435000,-0.065166,0
50.730556,-0.450000,-0.064358,0
50.733333,-0.430000,-0.063398,0
50.736111,-0.420000,-0.062748,0
50.738889,-0.420000,-0.063079,0
50.741667,-0.425000,-0.064560,0
50.744444,-0.445000,-0.066611,0
50.747222,-0.440000,-0.068327,0
50.750000,-0.435000,-0.069080,0
50.752778,-0.425000,-0.068729,0
50.755556,-0.430000,-0.067384,0
50.758333,-0.435000,-0.065146,0
50.761111,-0.435000,-0.062192,0
50.763889,-0.430000,-0.059029,0
50.766667,-0.410000,-0.056501,0
50.769444,-0.420000,-0.055375,0
50.772222,-0.415000,-0.055819,0
50.775000,-0.420000,-0.057241,0
50.777778,-0.440000,-0.058684,0
50.780556,-0.430000,-0.059511,0
50.783333,-0.420000,-0.059847,0
50.786111,-0.420000,-0.060360,0
50.788889,-0.415000,-0.061559,0
50.791667,-0.430000,-0.063256,0
50.794444,-0.440000,-0.064649,0
50.797222,-0.435000,-0.064937,0
50.800000,-0.425000,-0.063900,0
50.802778,-0.425000,-0.061975,0
50.805556,-0.425000,-0.059875,0
50.808333,-0.410000,-0.058104,0
50.811111,-0.425000,-0.056705,0
50.813889,-0.430000,-0.055411,0
50.816667,-0.425000,-0.054085,0
50.819444,-0.405000,-0.052989,0
50.822222,-0.415000,-0.052591,0
50.825000,-0.415000,-0.053128,0
50.827778,-0.420000,-0.054437,0
50.830556,-0.430000,-0.056180,0
50.833333,-0.420000,-0.058194,0
50.836111,-0.420000,-0.060605,0
50.838889,-0.425000,-0.063612,0
50.841667,-0.430000,-0.067203,0
50.844444,-0.435000,-0.071082,0
50.847222,-0.445000,-0.074870,0
50.850000,-0.445000,-0.078373,0
50.852778,-0.440000,-0.081666,0
50.855556,-0.440000,-0.084866,0
50.858333,-0.450000,-0.087825,0
50.861111,-0.460000,-0.090135,0
50.863889,-0.465000,-0.091522,0
50.866667,-0.455000,-0.092272,0
50.869444,-0.450000,-0.093176,0
50.872222,-0.445000,-0.094965,0
50.875000,-0.465000,-0.097697,0
50.877778,-0.465000,-0.100656,0
50.880556,-0.470000,-0.102851,0
50.883333,-0.480000,-0.103695,0
50.886111,-0.460000,-0.103338,0
50.888889,-0.450000,-0.102395,0
50.891667,-0.460000,-0.101278,0
50.894444,-0.470000,-0.099832,0
50.897222,-0.475000,-0.097620,0
50.900000,-0.455000,-0.094481,0
50.902778,-0.440000,-0.090647,0
50.905556,-0.445000,-0.086272,0
50.908333,-0.435000,-0.080940,0
50.911111,-0.450000,-0.073798,0
50.913889,-0.445000,-0.064290,0
50.916667,-0.405000,-0.052846,0
50.919444,-0.395000,-0.040805,0
50.922222,-0.385000,-0.029594,0
50.925000,-0.380000,-0.019893,0
50.927778,-0.375000,-0.011432,0
50.930556,-0.375000,-0.003448,0
50.933333,-0.360000,0.004638,0
50.936111,-0.345000,0.012813,0
50.938889,-0.340000,0.020592,0
50.941667,-0.325000,0.027451,0
50.944444,-0.330000,0.033208,0
50.947222,-0.330000,0.038019,0
50.950000,-0.325000,0.042080,0
50.952778,-0.310000,0.045352,0
50.955556,-0.310000,0.047647,0
50.958333,-0.305000,0.048920,0
50.961111,-0.320000,0.049404,0
50.963889,-0.320000,0.049368,0
50.966667,-0.315000,0.048785,0
50.969444,-0.300000,0.047339,0
50.972222,-0.310000,0.044893,0
50.975000,-0.320000,0.041905,0
50.977778,-0.330000,0.039315,0
50.980556,-0.330000,0.037930,0
50.983333,-0.320000,0.037871,0
50.986111,-0.320000,0.038536,0
50.988889,-0.315000,0.039048,0
50.991667,-0.320000,0.038792,0
50.994444,-0.325000,0.037653,0
50.997222,-0.330000,0.035855,0
51.000000,-0.330000,0.033635,0
51.002778,-0.325000,0.031074,0
51.005556,-0.325000,0.028250,0
51.008333,-0.330000,0.025496,0
51.011111,-0.350000,0.023404,0
51.013889,-0.340000,0.022461,0
51.016667,-0.335000,0.022676,0
51.019444,-0.335000,0.023585,0
51.022222,-0.330000,0.024633,0
51.025000,-0.330000,0.025566,0
51.027778,-0.335000,0.026524,0
51.030556,-0.345000,0.027732,0
51.033333,-0.335000,0.029041,0
51.036111,-0.320000,0.029799,0
51.038889,-0.320000,0.029275,0
51.041667,-0.335000,0.027255,0
51.044444,-0.335000,0.024207,0
51.047222,-0.355000,0.020855,0
51.050000,-0.340000,0.017609,0
51.052778,-0.335000,0.014402,0
51.055556,-0.345000,0.011049,0
51.058333,-0.350000,0.007697,0
51.061111,-0.360000,0.004864,0
51.063889,-0.360000,0.003042,0
51.066667,-0.365000,0.002231,0
51.069444,-0.355000,0.001844,0
51.072222,-0.340000,0.001132,0
51.075000,-0.355000,-0.000170,0
51.077778,-0.375000,-0.001583,0
51.080556,-0.365000,-0.002345,0
51.083333,-0.365000,-0.002127,0
51.086111,-0.355000,-0.001338,0
51.088889,-0.360000,-0.000816,0
51.091667,-0.350000,-0.001232,0
51.094444,-0.360000,-0.002640,0
51.097222,-0.375000,-0.004472,0
51.100000,-0.365000,-0.005927,0
51.102778,-0.360000,-0.006392,0
51.105556,-0.365000,-0.005587,0
51.108333,-0.360000,-0.003499,0
51.111111,-0.365000,-0.000357,0
51.113889,-0.355000,0.003302,0
51.116667,-0.355000,0.006645,0
51.119444,-0.345000,0.008781,0
51.122222,-0.340000,0.009170,0
51.125000,-0.350000,0.007945,0
51.127778,-0.360000,0.005832,0
51.130556,-0.365000,0.003631,0
51.133333,-0.355000,0.001694,0
51.136111,-0.345000,-0.000137,0
51.138889,-0.365000,-0.002130,0
51.141667,-0.360000,-0.004296,0
51.144444,-0.370000,-0.006378,0
51.147222,-0.365000,-0.008113,0
51.150000,-0.375000,-0.009456,0
51.152778,-0.360000,-0.010587,0
51.155556,-0.370000,-0.011695,0
51.158333,-0.365000,-0.012715,0
51.161111,-0.375000,-0.013286,0
51.163889,-0.380000,-0.013016,0
51.166667,-0.370000,-0.011869,0
51.169444,-0.365000,-0.010302,0
51.172222,-0.365000,-0.009008,0
51.175000,-0.360000,-0.008468,0
51.177778,-0.370000,-0.008677,0
51.180556,-0.370000,-0.009212,0
51.183333,-0.370000,-0.009556,0
51.186111,-0.370000,-0.009389,0
51.188889,-0.360000,-0.008625,0
51.191667,-0.360000,-0.007229,0
51.194444,-0.370000,-0.005043,0
51.197222,-0.365000,-0.001835,0
51.200000,-0.350000,0.002543,0
51.202778,-0.345000,0.008157,0
51.205556,-0.340000,0.015137,0
51.208333,-0.335000,0.023663,0
51.211111,-0.340000,0.033621,0
51.213889,-0.315000,0.044183,0
51.216667,-0.300000,0.053815,0
51.219444,-0.285000,0.060947,0
51.222222,-0.285000,0.064917,0
51.225000,-0.290000,0.066493,0
51.227778,-0.300000,0.067513,0
51.230556,-0.300000,0.069831,0
51.233333,-0.285000,0.074289,0
51.236111,-0.275000,0.080368,0
51.238889,-0.260000,0.086704,0
51.241667,-0.260000,0.091985,0
51.244444,-0.265000,0.095550,0
51.247222,-0.270000,0.097349,0
51.250000,-0.265000,0.097477,0
51.252778,-0.255000,0.095865,0
51.255556,-0.260000,0.092440,0
51.258333,-0.265000,0.087531,0
51.261111,-0.280000,0.082042,0
51.263889,-0.295000,0.077154,0
51.266667,-0.275000,0.073874,0
51.269444,-0.280000,0.072868,0
51.272222,-0.270000,0.074622,0
51.275000,-0.290000,0.079456,0
51.277778,-0.285000,0.087003,0
51.280556,-0.275000,0.095523,0
51.283333,-0.250000,0.101882,0
51.286111,-0.225000,0.102677,0
51.288889,-0.255000,0.095921,0
51.291667,-0.285000,0.082030,0
51.294444,-0.305000,0.063371,0
51.297222,-0.320000,0.042885,0
51.300000,-0.340000,0.022914,0
51.302778,-0.340000,0.004851,0
51.305556,-0.365000,-0.010495,0
51.308333,-0.375000,-0.022433,0
51.311111,-0.400000,-0.030358,0
51.313889,-0.400000,-0.034180,0
51.316667,-0.390000,-0.034733,0
51.319444,-0.390000,-0.033649,0
51.322222,-0.380000,-0.032669,0
51.325000,-0.385000,-0.032842,0
51.327778,-0.395000,-0.034160,0
51.330556,-0.400000,-0.035874,0
51.333333,-0.405000,-0.037228,0
51.336111,-0.395000,-0.038056,0
51.338889,-0.390000,-0.038782,0
51.341667,-0.385000,-0.039893,0
51.344444,-0.405000,-0.041392,0
51.347222,-0.410000,-0.042763,0
51.350000,-0.400000,-0.043407,0
51.352778,-0.400000,-0.043045,0
51.355556,-0.395000,-0.041773,0
51.358333,-0.395000,-0.039912,0
51.361111,-0.405000,-0.037969,0
51.363889,-0.400000,-0.036789,0
51.366667,-0.395000,-0.037631,0
51.369444,-0.390000,-0.041860,0
51.372222,-0.405000,-0.050318,0
51.375000,-0.420000,-0.062836,0
51.377778,-0.435000,-0.078262,0
51.380556,-0.455000,-0.095035,0
51.383333,-0.485000,-0.112033,0
51.386111,-0.500000,-0.129292,0
51.388889,-0.505000,-0.148029,0
51.391667,-0.520000,-0.169575,0
51.394444,-0.535000,-0.193458,0
51.397222,-0.555000,-0.215511,0
51.400000,-0.585000,-0.227082,0
51.402778,-0.580000,-0.215975,0
51.405556,-0.530000,-0.168915,0
51.408333,-0.415000,-0.074740,0
51.411111,-0.285000,0.072266,0
51.413889,-0.120000,0.268932,0
51.416667,0.080000,0.499938,0
51.419444,0.320000,0.736283,0
51.422222,0.575000,0.938011,0
51.425000,0.755000,1.062711,0
51.427778,0.805000,1.078269,1
51.430556,0.720000,0.975203,0
51.433333,0.470000,0.772854,0
51.436111,0.120000,0.515453,0
51.438889,-0.210000,0.258394,0
51.441667,-0.425000,0.050024,0
51.444444,-0.485000,-0.082943,0
51.447222,-0.475000,-0.140034,0
51.450000,-0.435000,-0.140890,0
51.452778,-0.410000,-0.113081,0
51.455556,-0.405000,-0.080521,0
51.458333,-0.435000,-0.057177,0
51.461111,-0.425000,-0.046950,0
51.463889,-0.430000,-0.047394,0
51.466667,-0.420000,-0.053987,0
51.469444,-0.415000,-0.062820,0
51.472222,-0.425000,-0.071348,0
51.475000,-0.435000,-0.078078,0
51.477778,-0.445000,-0.082156,0
51.480556,-0.445000,-0.083286,0
51.483333,-0.445000,-0.081851,0
51.486111,-0.440000,-0.078888,0
51.488889,-0.425000,-0.075766,0
51.491667,-0.430000,-0.073663,0
51.494444,-0.440000,-0.073188,0
51.497222,-0.435000,-0.074368,0
51.500000,-0.435000,-0.076868,0
51.502778,-0.440000,-0.080131,0
51.505556,-0.440000,-0.083385,0
51.508333,-0.440000,-0.085660,0
51.511111,-0.450000,-0.085999,0
51.513889,-0.460000,-0.083913,0
51.516667,-0.440000,-0.079833,0
51.519444,-0.425000,-0.075062,0
51.522222,-0.425000,-0.071114,0
51.525000,-0.425000,-0.068877,0
51.527778,-0.430000,-0.068279,0
51.530556,-0.440000,-0.068627,0
51.533333,-0.435000,-0.069283,0
51.536111,-0.425000,-0.070083,0
51.538889,-0.420000,-0.071216,0
51.541667,-0.440000,-0.072796,0
51.544444,-0.435000,-0.074655,0
51.547222,-0.440000,-0.076501,0
51.550000,-0.445000,-0.078197,0
51.552778,-0.435000,-0.079824,0
51.555556,-0.435000,-0.081452,0
51.558333,-0.440000,-0.082830,0
51.561111,-0.450000,-0.083354,0
51.563889,-0.455000,-0.082477,0
51.566667,-0.440000,-0.080243,0
51.569444,-0.435000,-0.077419,0
51.572222,-0.430000,-0.075089,0
51.575000,-0.435000,-0.074051,0
51.577778,-0.435000,-0.074455,0
51.580556,-0.440000,-0.075851,0
51.583333,-0.440000,-0.077499,0
51.586111,-0.440000,-0.078722,0
51.588889,-0.445000,-0.079122,0
51.591667,-0.435000,-0.078622,0
51.594444,-0.435000,-0.077375,0
51.597222,-0.445000,-0.075655,0
51.600000,-0.440000,-0.073856,0
51.602778,-0.430000,-0.072473,0
51.605556,-0.425000,-0.071876,0
51.608333,-0.430000,-0.071972,0
51.611111,-0.440000,-0.072164,0
51.613889,-0.445000,-0.071796,0
51.616667,-0.435000,-0.070760,0
51.619444,-0.430000,-0.069703,0
51.622222,-0.420000,-0.069603,0
51.625000,-0.430000,-0.071024,0
51.627778,-0.435000,-0.073697,0
51.630556,-0.455000,-0.076722,0
51.633333,-0.440000,-0.079187,0
51.636111,-0.440000,-0.080623,0
51.638889,-0.440000,-0.080973,0
51.641667,-0.440000,-0.080295,0
51.644444,-0.445000,-0.078605,0
51.647222,-0.445000,-0.076010,0
51.650000,-0.435000,-0.072949,0
51.652778,-0.435000,-0.070221,0
51.655556,-0.425000,-0.068706,0
51.658333,-0.425000,-0.068930,0
51.661111,-0.440000,-0.070802,0
51.663889,-0.440000,-0.073770,0
51.666667,-0.450000,-0.077235,0
51.669444,-0.435000,-0.080834,0
51.672222,-0.440000,-0.084346,0
51.675000,-0.455000,-0.087420,0
51.677778,-0.455000,-0.089558,0
51.680556,-0.465000,-0.090441,0
51.683333,-0.450000,-0.090245,0
51.686111,-0.450000,-0.089573,0
51.688889,-0.445000,-0.089006,0
51.691667,-0.455000,-0.088664,0
51.694444,-0.455000,-0.088148,0
51.697222,-0.455000,-0.086861,0
51.700000,-0.455000,-0.084405,0
51.702778,-0.435000,-0.080696,0
51.705556,-0.435000,-0.075750,0
51.708333,-0.435000,-0.069403,0
51.711111,-0.430000,-0.061367,0
51.713889,-0.425000,-0.051629,0
51.716667,-0.410000,-0.040838,0
51.719444,-0.385000,-0.030223,0
51.722222,-0.375000,-0.020998,0
51.725000,-0.380000,-0.013704,0
51.727778,-0.380000,-0.008065,0
51.730556,-0.380000,-0.003423,0
51.733333,-0.355000,0.000732,0
51.736111,-0.355000,0.004666,0
51.738889,-0.355000,0.008620,0
51.741667,-0.355000,0.012901,0
51.744444,-0.365000,0.017590,0
51.747222,-0.340000,0.022192,0
51.750000,-0.330000,0.025758,0
51.752778,-0.330000,0.027532,0
51.755556,-0.335000,0.027594,0
51.758333,-0.350000,0.026883,0
51.761111,-0.345000,0.026541,0
51.763889,-0.340000,0.027154,0
51.766667,-0.340000,0.028430,0
51.769444,-0.330000,0.029499,0
51.772222,-0.330000,0.029553,0
51.775000,-0.335000,0.028404,0
51.777778,-0.345000,0.026573,0
51.780556,-0.350000,0.024869,0
51.783333,-0.345000,0.023794,0
51.786111,-0.340000,0.023267,0
51.788889,-0.340000,0.022844,0
51.791667,-0.335000,0.022185,0
51.794444,-0.355000,0.021316,0
51.797222,-0.355000,0.020464,0
51.800000,-0.345000,0.019694,0
51.802778,-0.340000,0.018806,0
51.805556,-0.350000,0.017564,0
51.808333,-0.355000,0.015939,0
51.811111,-0.355000,0.014068,0
51.813889,-0.355000,0.012079,0
51.816667,-0.360000,0.009987,0
51.819444,-0.355000,0.007769,0
51.822222,-0.360000,0.005519,0
51.825000,-0.365000,0.003505,0
51.827778,-0.370000,0.002021,0
51.830556,-0.375000,0.001088,0
51.833333,-0.365000,0.000278,0
51.836111,-0.365000,-0.001097,0
51.838889,-0.365000,-0.003479,0
51.841667,-0.370000,-0.006623,0
51.844444,-0.385000,-0.009634,0
51.847222,-0.390000,-0.011538,0
51.850000,-0.390000,-0.011999,0
51.852778,-0.370000,-0.011570,0
51.855556,-0.370000,-0.011213,0
51.858333,-0.375000,-0.011498,0
51.861111,-0.385000,-0.012209,0
51.863889,-0.395000,-0.012722,0
51.866667,-0.395000,-0.012749,0
51.869444,-0.365000,-0.012704,0
51.872222,-0.370000,-0.013284,0
51.875000,-0.390000,-0.014727,0
51.877778,-0.390000,-0.016564,0
51.880556,-0.395000,-0.018047,0
51.883333,-0.385000,-0.018740,0
51.886111,-0.390000,-0.018768,0
51.888889,-0.390000,-0.018667,0
51.891667,-0.380000,-0.019037,0
51.894444,-0.390000,-0.020238,0
51.897222,-0.405000,-0.022289,0
51.900000,-0.390000,-0.025004,0
51.902778,-0.395000,-0.028095,0
51.905556,-0.400000,-0.031109,0
51.908333,-0.400000,-0.033372,0
51.911111,-0.415000,-0.034197,0
51.913889,-0.410000,-0.033314,0
51.916667,-0.405000,-0.031166,0
51.919444,-0.390000,-0.028708,0
51.922222,-0.385000,-0.026737,0
51.925000,-0.395000,-0.025271,0
51.927778,-0.410000,-0.023600,0
51.930556,-0.405000,-0.021004,0
51.933333,-0.380000,-0.017446,0
51.936111,-0.375000,-0.013567,0
51.938889,-0.385000,-0.010086,0
51.941667,-0.375000,-0.007296,0
51.944444,-0.380000,-0.005040,0
51.947222,-0.385000,-0.003065,0
51.950000,-0.370000,-0.001384,0
51.952778,-0.370000,-0.000335,0
51.955556,-0.370000,-0.000316,0
51.958333,-0.370000,-0.001428,0
51.961111,-0.380000,-0.003348,0
51.963889,-0.380000,-0.005503,0
51.966667,-0.385000,-0.007364,0
51.969444,-0.375000,-0.008622,0
51.972222,-0.380000,-0.009122,0
51.975000,-0.380000,-0.008700,0
51.977778,-0.385000,-0.007193,0
51.980556,-0.390000,-0.004633,0
51.983333,-0.365000,-0.001358,0
51.986111,-0.365000,0.002248,0
51.988889,-0.355000,0.006256,0
51.991667,-0.375000,0.011376,0
51.994444,-0.360000,0.018499,0
51.997222,-0.355000,0.027902,0
52.000000,-0.335000,0.038802,0
52.002778,-0.315000,0.049674,0
52.005556,-0.305000,0.059131,0
52.008333,-0.300000,0.066738,0
52.011111,-0.310000,0.073124,0
52.013889,-0.315000,0.079257,0
52.016667,-0.290000,0.085500,0
52.019444,-0.270000,0.091299,0
52.022222,-0.270000,0.095776,0
52.025000,-0.270000,0.098549,0
52.027778,-0.290000,0.099949,0
52.030556,-0.285000,0.100470,0
52.033333,-0.275000,0.100112,0
52.036111,-0.265000,0.098357,0
52.038889,-0.270000,0.094828,0
52.041667,-0.285000,0.089949,0
52.044444,-0.300000,0.084909,0
52.047222,-0.310000,0.080938,0
52.050000,-0.295000,0.078576,0
52.052778,-0.285000,0.077620,0
52.055556,-0.285000,0.077784,0
52.058333,-0.295000,0.079277,0
52.061111,-0.310000,0.082544,0
52.063889,-0.315000,0.087227,0
52.066667,-0.285000,0.091359,0
52.069444,-0.260000,0.091842,0
52.072222,-0.265000,0.086209,0
52.075000,-0.300000,0.074286,0
52.077778,-0.345000,0.058296,0
52.080556,-0.350000,0.041375,0
52.083333,-0.350000,0.025857,0
52.086111,-0.345000,0.012687,0
52.088889,-0.370000,0.001999,0
52.091667,-0.395000,-0.006186,0
52.094444,-0.390000,-0.011892,0
52.097222,-0.400000,-0.015533,0
52.100000,-0.390000,-0.018076,0
52.102778,-0.395000,-0.020718,0
52.105556,-0.400000,-0.024331,0
52.108333,-0.400000,-0.029040,0
52.111111,-0.415000,-0.034207,0
52.113889,-0.430000,-0.038857,0
52.116667,-0.425000,-0.042254,0
52.119444,-0.405000,-0.044163,0
52.122222,-0.420000,-0.044611,0
52.125000,-0.430000,-0.043581,0
52.127778,-0.425000,-0.041107,0
52.130556,-0.420000,-0.037644,0
52.133333,-0.410000,-0.034160,0
52.136111,-0.405000,-0.031748,0
52.138889,-0.400000,-0.030979,0
52.141667,-0.405000,-0.031520,0
52.144444,-0.425000,-0.032422,0
52.147222,-0.425000,-0.033043,0
52.150000,-0.415000,-0.034003,0
52.152778,-0.415000,-0.037404,0
52.155556,-0.420000,-0.046097,0
52.158333,-0.430000,-0.062449,0
52.161111,-0.475000,-0.087265,0
52.163889,-0.505000,-0.119312,0
52.166667,-0.535000,-0.155296,0
52.169444,-0.535000,-0.189930,0
52.172222,-0.585000,-0.216234,0
52.175000,-0.640000,-0.226831,0
52.177778,-0.650000,-0.216526,0
52.180556,-0.585000,-0.184625,0
52.183333,-0.480000,-0.134620,0
52.186111,-0.390000,-0.070562,0
52.188889,-0.340000,0.007545,0
52.191667,-0.265000,0.105650,0
52.194444,-0.175000,0.232803,0
52.197222,-0.040000,0.394497,0
52.200000,0.150000,0.585424,0
52.202778,0.375000,0.785351,0
52.205556,0.560000,0.960655,0
52.208333,0.705000,1.071869,0
52.211111,0.770000,1.085473,1
52.213889,0.725000,0.986502,0
52.216667,0.490000,0.787115,0
52.219444,0.140000,0.526275,0
52.222222,-0.230000,0.258593,0
52.225000,-0.480000,0.036055,0
52.227778,-0.565000,-0.109083,0
52.230556,-0.540000,-0.172085,0
52.233333,-0.480000,-0.171463,0
52.236111,-0.450000,-0.136584,0
52.238889,-0.440000,-0.094543,0
52.241667,-0.450000,-0.062220,0
52.244444,-0.450000,-0.045164,0
52.247222,-0.450000,-0.041199,0
52.250000,-0.445000,-0.045253,0
52.252778,-0.430000,-0.052767,0
52.255556,-0.430000,-0.060854,0
52.258333,-0.450000,-0.067907,0
52.261111,-0.460000,-0.072952,0
52.263889,-0.465000,-0.075476,0
52.266667,-0.460000,-0.075578,0
52.269444,-0.455000,-0.073975,0
52.272222,-0.450000,-0.071671,0
52.275000,-0.450000,-0.069500,0
52.277778,-0.455000,-0.067890,0
52.280556,-0.460000,-0.066985,0
52.283333,-0.450000,-0.066906,0
52.286111,-0.445000,-0.067810,0
52.288889,-0.450000,-0.069643,0
52.291667,-0.455000,-0.071904,0
52.294444,-0.465000,-0.073772,0
52.297222,-0.470000,-0.074568,0
52.300000,-0.455000,-0.074142,0
52.302778,-0.445000,-0.072790,0
52.305556,-0.455000,-0.070789,0
52.308333,-0.455000,-0.068077,0
52.311111,-0.455000,-0.064436,0
52.313889,-0.455000,-0.059990,0
52.316667,-0.435000,-0.055513,0
52.319444,-0.435000,-0.052199,0
52.322222,-0.425000,-0.051058,0
52.325000,-0.445000,-0.052366,0
52.327778,-0.440000,-0.055595,0
52.330556,-0.450000,-0.059770,0
52.333333,-0.450000,-0.063926,0
52.336111,-0.455000,-0.067401,0
52.338889,-0.450000,-0.069859,0
52.341667,-0.455000,-0.071189,0
52.344444,-0.465000,-0.071435,0
52.347222,-0.460000,-0.070890,0
52.350000,-0.460000,-0.070148,0
52.352778,-0.445000,-0.069862,0
52.355556,-0.445000,-0.070228,0
52.358333,-0.460000,-0.070664,0
52.361111,-0.470000,-0.070143,0
52.363889,-0.465000,-0.068075,0
52.366667,-0.455000,-0.065002,0
52.369444,-0.435000,-0.062440,0
52.372222,-0.440000,-0.061908,0
52.375000,-0.450000,-0.063895,0
52.377778,-0.455000,-0.067517,0
52.380556,-0.465000,-0.071015,0
52.383333,-0.465000,-0.072683,0
52.386111,-0.465000,-0.071655,0
52.388889,-0.450000,-0.068171,0
52.391667,-0.445000,-0.063264,0
52.394444,-0.445000,-0.058164,0
52.397222,-0.445000,-0.053865,0
52.400000,-0.445000,-0.051003,0
52.402778,-0.430000,-0.049861,0
52.405556,-0.430000,-0.050260,0
52.408333,-0.435000,-0.051484,0
52.411111,-0.460000,-0.052582,0
52.413889,-0.450000,-0.053077,0
52.416667,-0.440000,-0.053461,0
52.419444,-0.425000,-0.054873,0
52.422222,-0.440000,-0.058128,0
52.425000,-0.455000,-0.062979,0
52.427778,-0.460000,-0.068240,0
52.430556,-0.475000,-0.072635,0
52.433333,-0.470000,-0.075644,0
52.436111,-0.455000,-0.077694,0
52.438889,-0.455000,-0.079590,0
52.441667,-0.470000,-0.081732,0
52.444444,-0.485000,-0.083877,0
52.447222,-0.485000,-0.085610,0
52.450000,-0.470000,-0.086897,0
52.452778,-0.470000,-0.088077,0
52.455556,-0.470000,-0.089334,0
52.458333,-0.480000,-0.090297,0
52.461111,-0.490000,-0.090232,0
52.463889,-0.490000,-0.088736,0
52.466667,-0.475000,-0.086290,0
52.469444,-0.460000,-0.084099,0
52.472222,-0.465000,-0.083291,0
52.475000,-0.475000,-0.084169,0
52.477778,-0.485000,-0.086145,0
52.480556,-0.485000,-0.088290,0
52.483333,-0.475000,-0.089909,0
52.486111,-0.480000,-0.090635,0
52.488889,-0.470000,-0.090111,0
52.491667,-0.475000,-0.087671,0
52.494444,-0.480000,-0.082446,0
52.497222,-0.480000,-0.073924,0
52.500000,-0.445000,-0.062520,0
52.502778,-0.440000,-0.049590,0
52.505556,-0.415000,-0.036815,0
52.508333,-0.415000,-0.025447,0
52.511111,-0.410000,-0.015971,0
52.513889,-0.410000,-0.008331,0
52.516667,-0.390000,-0.002355,0
52.519444,-0.380000,0.002111,0
52.522222,-0.380000,0.005417,0
52.525000,-0.385000,0.008276,0
52.527778,-0.390000,0.011508,0
52.530556,-0.380000,0.015519,0
52.533333,-0.365000,0.020025,0
52.536111,-0.360000,0.024332,0
52.538889,-0.355000,0.027932,0
52.541667,-0.365000,0.030843,0
52.544444,-0.365000,0.033381,0
52.547222,-0.365000,0.035587,0
52.550000,-0.350000,0.036881,0
52.552778,-0.350000,0.036351,0
52.555556,-0.345000,0.033532,0
52.558333,-0.355000,0.029081,0
52.561111,-0.375000,0.024742,0
52.563889,-0.385000,0.022466,0
52.566667,-0.375000,0.023249,0
52.569444,-0.355000,0.026569,0
52.572222,-0.355000,0.030819,0
52.575000,-0.350000,0.034304,0
52.577778,-0.355000,0.036010,0
52.580556,-0.370000,0.035721,0
52.583333,-0.355000,0.033695,0
52.586111,-0.355000,0.030392,0
52.588889,-0.355000,0.026514,0
52.591667,-0.375000,0.023049,0
52.594444,-0.380000,0.020918,0
52.597222,-0.380000,0.020354,0
52.600000,-0.370000,0.020583,0
52.602778,-0.360000,0.020266,0
52.605556,-0.360000,0.018488,0
52.608333,-0.370000,0.015557,0
52.611111,-0.395000,0.012908,0
52.613889,-0.395000,0.012080,0
52.616667,-0.380000,0.013582,0
52.619444,-0.365000,0.016595,0
52.622222,-0.355000,0.019685,0
52.625000,-0.375000,0.021775,0
52.627778,-0.380000,0.022491,0
52.630556,-0.375000,0.021789,0
52.633333,-0.370000,0.019513,0
52.636111,-0.370000,0.015441,0
52.638889,-0.370000,0.009743,0
52.641667,-0.395000,0.003270,0
52.644444,-0.405000,-0.002714,0
52.647222,-0.405000,-0.007225,0
52.650000,-0.395000,-0.010045,0
52.652778,-0.400000,-0.011608,0
52.655556,-0.400000,-0.012503,0
52.658333,-0.410000,-0.013093,0
52.661111,-0.405000,-0.013504,0
52.663889,-0.410000,-0.013836,0
52.666667,-0.410000,-0.014328,0
52.669444,-0.400000,-0.015266,0
52.672222,-0.400000,-0.016669,0
52.675000,-0.410000,-0.018024,0
52.677778,-0.420000,-0.018442,0
52.680556,-0.415000,-0.017233,0
52.683333,-0.410000,-0.014449,0
52.686111,-0.395000,-0.010904,0
52.688889,-0.390000,-0.007624,0
52.691667,-0.395000,-0.005225,0
52.694444,-0.405000,-0.003731,0
52.697222,-0.405000,-0.002965,0
52.700000,-0.390000,-0.003016,0
52.702778,-0.390000,-0.004260,0
52.705556,-0.395000,-0.006944,0
52.708333,-0.405000,-0.010776,0
52.711111,-0.405000,-0.014930,0
52.713889,-0.415000,-0.018396,0
52.716667,-0.415000,-0.020462,0
52.719444,-0.420000,-0.021049,0
52.722222,-0.405000,-0.020690,0
52.725000,-0.405000,-0.020142,0
52.727778,-0.405000,-0.019874,0
52.730556,-0.430000,-0.019902,0
52.733333,-0.410000,-0.020064,0
52.736111,-0.410000,-0.020340,0
52.738889,-0.405000,-0.020804,0
52.741667,-0.410000,-0.021338,0
52.744444,-0.420000,-0.021550,0
52.747222,-0.420000,-0.021074,0
52.750000,-0.415000,-0.019962,0
52.752778,-0.400000,-0.018711,0
52.755556,-0.405000,-0.017844,0
52.758333,-0.405000,-0.017422,0
52.761111,-0.420000,-0.016979,0
52.763889,-0.405000,-0.015920,0
52.766667,-0.415000,-0.014014,0
52.769444,-0.400000,-0.011545,0
52.772222,-0.390000,-0.009006,0
52.775000,-0.395000,-0.006547,0
52.777778,-0.395000,-0.003645,0
52.780556,-0.395000,0.000691,0
52.783333,-0.390000,0.007284,0
52.786111,-0.380000,0.016151,0
52.788889,-0.365000,0.026284,0
52.791667,-0.345000,0.035981,0
52.794444,-0.350000,0.043555,0
52.797222,-0.345000,0.047983,0
52.800000,-0.335000,0.049269,0
52.802778,-0.340000,0.048525,0
52.805556,-0.340000,0.047774,0
52.808333,-0.345000,0.049401,0
52.811111,-0.345000,0.055246,0
52.813889,-0.335000,0.065676,0
52.816667,-0.315000,0.079146,0
52.819444,-0.290000,0.092640,0
52.822222,-0.275000,0.102905,0
52.825000,-0.275000,0.107844,0
52.827778,-0.285000,0.107269,0
52.830556,-0.300000,0.102639,0
52.833333,-0.295000,0.096114,0
52.836111,-0.300000,0.089623,0
52.838889,-0.310000,0.084405,0
52.841667,-0.305000,0.081024,0
52.844444,-0.305000,0.079615,0
52.847222,-0.310000,0.080122,0
52.850000,-0.310000,0.082310,0
52.852778,-0.320000,0.085510,0
52.855556,-0.295000,0.088409,0
52.858333,-0.295000,0.089287,0
52.861111,-0.295000,0.086673,0
52.863889,-0.310000,0.079969,0
52.866667,-0.330000,0.069546,0
52.869444,-0.335000,0.056364,0
52.872222,-0.340000,0.041552,0
52.875000,-0.365000,0.026254,0
52.877778,-0.375000,0.011601,0
52.880556,-0.400000,-0.001422,0
52.883333,-0.405000,-0.012223,0
52.886111,-0.400000,-0.020664,0
52.888889,-0.415000,-0.026823,0
52.891667,-0.415000,-0.030662,0
52.894444,-0.425000,-0.031992,0
52.897222,-0.425000,-0.030811,0
52.900000,-0.430000,-0.027771,0
52.902778,-0.405000,-0.024299,0
52.905556,-0.400000,-0.022090,0
52.908333,-0.400000,-0.022221,0
52.911111,-0.420000,-0.024588,0
52.913889,-0.425000,-0.028161,0
52.916667,-0.430000,-0.031794,0
52.919444,-0.415000,-0.034862,0
52.922222,-0.415000,-0.037258,0
52.925000,-0.430000,-0.038996,0
52.927778,-0.435000,-0.039986,0
52.930556,-0.430000,-0.040180,0
52.933333,-0.425000,-0.039759,0
52.936111,-0.420000,-0.039036,0
52.938889,-0.425000,-0.038197,0
52.941667,-0.425000,-0.037214,0
52.944444,-0.430000,-0.036092,0
52.947222,-0.425000,-0.035290,0
52.950000,-0.425000,-0.035973,0
52.952778,-0.425000,-0.039873,0
52.955556,-0.430000,-0.048777,0
52.958333,-0.445000,-0.063917,0
52.961111,-0.475000,-0.085593,0
52.963889,-0.525000,-0.113216,0
52.966667,-0.540000,-0.145384,0
52.969444,-0.535000,-0.179295,0
52.972222,-0.570000,-0.209312,0
52.975000,-0.605000,-0.225790,0
52.977778,-0.620000,-0.215645,0
52.980556,-0.555000,-0.164971,0
52.983333,-0.420000,-0.062618,0
52.986111,-0.285000,0.096241,0
52.988889,-0.130000,0.306505,0
52.991667,0.095000,0.549679,0
52.994444,0.355000,0.792512,0
52.997222,0.600000,0.990770,0
53.000000,0.775000,1.099514,1
53.002778,0.830000,1.087672,0
53.005556,0.685000,0.951200,0
53.008333,0.360000,0.718020,0
53.011111,-0.030000,0.440615,0
53.013889,-0.345000,0.178356,0
53.016667,-0.495000,-0.022399,0
53.019444,-0.535000,-0.141066,0
53.022222,-0.530000,-0.183665,0
53.025000,-0.490000,-0.173700,0
53.027778,-0.475000,-0.139393,0
53.030556,-0.480000,-0.103439,0
53.033333,-0.465000,-0.078419,0
53.036111,-0.470000,-0.067448,0
53.038889,-0.465000,-0.067599,0
53.041667,-0.455000,-0.073626,0
53.044444,-0.465000,-0.080597,0
53.047222,-0.480000,-0.085286,0
53.050000,-0.480000,-0.086643,0
53.052778,-0.450000,-0.085465,0
53.055556,-0.455000,-0.083358,0
53.058333,-0.460000,-0.081533,0
53.061111,-0.470000,-0.080268,0
53.063889,-0.475000,-0.079279,0
53.066667,-0.460000,-0.078396,0
53.069444,-0.450000,-0.077800,0
53.072222,-0.445000,-0.077624,0
53.075000,-0.465000,-0.077512,0
53.077778,-0.470000,-0.076762,0
53.080556,-0.465000,-0.074985,0
53.083333,-0.445000,-0.072584,0
53.086111,-0.445000,-0.070522,0
53.088889,-0.445000,-0.069605,0
53.091667,-0.450000,-0.069952,0
53.094444,-0.455000,-0.071039,0
53.097222,-0.465000,-0.072215,0
53.100000,-0.450000,-0.073227,0
53.102778,-0.450000,-0.074291,0
53.105556,-0.445000,-0.075677,0
53.108333,-0.455000,-0.077224,0
53.111111,-0.465000,-0.078313,0
53.113889,-0.465000,-0.078371,0
53.116667,-0.465000,-0.077475,0
53.119444,-0.445000,-0.076473,0
53.122222,-0.445000,-0.076422,0
53.125000,-0.450000,-0.077783,0
53.127778,-0.465000,-0.080067,0
53.130556,-0.470000,-0.082228,0
53.133333,-0.465000,-0.083418,0
53.136111,-0.455000,-0.083451,0
53.138889,-0.455000,-0.082662,0
53.141667,-0.460000,-0.081465,0
53.144444,-0.455000,-0.080056,0
53.147222,-0.460000,-0.078446,0
53.150000,-0.460000,-0.076680,0
53.152778,-0.445000,-0.074960,0
53.155556,-0.445000,-0.073510,0
53.158333,-0.445000,-0.072305,0
53.161111,-0.450000,-0.071024,0
53.163889,-0.460000,-0.069361,0
53.166667,-0.440000,-0.067444,0
53.169444,-0.435000,-0.065849,0
53.172222,-0.430000,-0.065138,0
53.175000,-0.440000,-0.065334,0
53.177778,-0.450000,-0.065903,0
53.180556,-0.450000,-0.066283,0
53.183333,-0.440000,-0.066422,0
53.186111,-0.435000,-0.066787,0
53.188889,-0.430000,-0.067820,0
53.191667,-0.440000,-0.069364,0
53.194444,-0.455000,-0.070657,0
53.197222,-0.460000,-0.070960,0
53.200000,-0.435000,-0.070257,0
53.202778,-0.440000,-0.069331,0
53.205556,-0.435000,-0.069186,0
53.208333,-0.440000,-0.070344,0
53.211111,-0.445000,-0.072572,0
53.213889,-0.455000,-0.075154,0
53.216667,-0.460000,-0.077448,0
53.219444,-0.440000,-0.079264,0
53.222222,-0.445000,-0.080757,0
53.225000,-0.455000,-0.082043,0
53.227778,-0.460000,-0.083047,0
53.230556,-0.460000,-0.083727,0
53.233333,-0.450000,-0.084318,0
53.236111,-0.455000,-0.085269,0
53.238889,-0.450000,-0.086919,0
53.241667,-0.460000,-0.089253,0
53.244444,-0.465000,-0.091970,0
53.247222,-0.475000,-0.094859,0
53.250000,-0.465000,-0.098136,0
53.252778,-0.470000,-0.102387,0
53.255556,-0.465000,-0.108054,0
53.258333,-0.475000,-0.114860,0
53.261111,-0.500000,-0.121728,0
53.263889,-0.515000,-0.127385,0
53.266667,-0.495000,-0.131187,0
53.269444,-0.490000,-0.133366,0
53.272222,-0.495000,-0.134517,0
53.275000,-0.505000,-0.134942,0
53.277778,-0.505000,-0.134525,0
53.280556,-0.510000,-0.133113,0
53.283333,-0.495000,-0.130921,0
53.286111,-0.490000,-0.128506,0
53.288889,-0.485000,-0.126302,0
53.291667,-0.485000,-0.124155,0
53.294444,-0.495000,-0.121288,0
53.297222,-0.490000,-0.116811,0
53.300000,-0.480000,-0.110367,0
53.302778,-0.460000,-0.102368,0
53.305556,-0.450000,-0.093651,0
53.308333,-0.450000,-0.084894,0
53.311111,-0.445000,-0.076330,0
53.313889,-0.435000,-0.067883,0
53.316667,-0.420000,-0.059452,0
53.319444,-0.415000,-0.051013,0
53.322222,-0.400000,-0.042538,0
53.325000,-0.400000,-0.033922,0
53.327778,-0.390000,-0.025055,0
53.330556,-0.380000,-0.016008,0
53.333333,-0.370000,-0.007145,0
53.336111,-0.360000,0.000970,0
53.338889,-0.345000,0.007859,0
53.341667,-0.350000,0.013399,0
53.344444,-0.345000,0.017853,0
53.347222,-0.345000,0.021601,0
53.350000,-0.340000,0.024824,0
53.352778,-0.325000,0.027443,0
53.355556,-0.320000,0.029412,0
53.358333,-0.335000,0.031030,0
53.361111,-0.330000,0.032876,0
53.363889,-0.330000,0.035359,0
53.366667,-0.325000,0.038307,0
53.369444,-0.310000,0.041013,0
53.372222,-0.305000,0.042756,0
53.375000,-0.310000,0.043368,0
53.377778,-0.330000,0.043306,0
53.380556,-0.320000,0.043132,0
53.383333,-0.315000,0.042913,0
53.386111,-0.305000,0.042165,0
53.388889,-0.315000,0.040347,0
53.391667,-0.310000,0.037399,0
53.394444,-0.335000,0.033811,0
53.397222,-0.335000,0.030209,0
53.400000,-0.325000,0.026880,0
53.402778,-0.325000,0.023746,0
53.405556,-0.325000,0.020796,0
53.408333,-0.335000,0.018461,0
53.411111,-0.355000,0.017409,0
53.413889,-0.345000,0.017896,0
53.416667,-0.325000,0.019332,0
53.419444,-0.325000,0.020585,0
53.422222,-0.330000,0.020787,0
53.425000,-0.330000,0.019897,0
53.427778,-0.340000,0.018607,0
53.430556,-0.350000,0.017720,0
53.433333,-0.330000,0.017534,0
53.436111,-0.325000,0.017727,0
53.438889,-0.335000,0.017761,0
53.441667,-0.335000,0.017349,0
53.444444,-0.330000,0.016584,0
53.447222,-0.345000,0.015744,0
53.450000,-0.340000,0.015008,0
53.452778,-0.330000,0.014339,0
53.455556,-0.325000,0.013695,0
53.458333,-0.340000,0.013334,0
53.461111,-0.340000,0.013784,0
53.463889,-0.345000,0.015383,0
53.466667,-0.330000,0.017807,0
53.469444,-0.320000,0.020073,0
53.472222,-0.330000,0.021051,0
53.475000,-0.320000,0.020085,0
53.477778,-0.330000,0.017312,0
53.480556,-0.335000,0.013529,0
53.483333,-0.355000,0.009691,0
53.486111,-0.335000,0.006373,0
53.488889,-0.335000,0.003637,0
53.491667,-0.340000,0.001373,0
53.494444,-0.350000,-0.000343,0
53.497222,-0.355000,-0.001308,0
53.500000,-0.350000,-0.001544,0
53.502778,-0.345000,-0.001494,0
53.505556,-0.335000,-0.001787,0
53.508333,-0.350000,-0.002795,0
53.511111,-0.350000,-0.004415,0
53.513889,-0.355000,-0.006282,0
53.516667,-0.360000,-0.008157,0
53.519444,-0.350000,-0.010098,0
53.522222,-0.340000,-0.012201,0
53.525000,-0.355000,-0.014148,0
53.527778,-0.365000,-0.015118,0
53.530556,-0.370000,-0.014329,0
53.533333,-0.360000,-0.011784,0
53.536111,-0.340000,-0.008464,0
53.538889,-0.335000,-0.005712,0
53.541667,-0.345000,-0.004306,0
53.544444,-0.345000,-0.004015,0
53.547222,-0.355000,-0.003926,0
53.550000,-0.350000,-0.003185,0
53.552778,-0.335000,-0.001518,0
53.555556,-0.335000,0.000801,0
53.558333,-0.330000,0.003343,0
53.561111,-0.340000,0.005790,0
53.563889,-0.340000,0.007838,0
53.566667,-0.330000,0.008963,0
53.569444,-0.320000,0.008499,0
53.572222,-0.325000,0.006103,0
53.575000,-0.335000,0.002180,0
53.577778,-0.350000,-0.002193,0
53.580556,-0.345000,-0.005834,0
53.583333,-0.345000,-0.008033,0
53.586111,-0.340000,-0.008727,0
53.588889,-0.350000,-0.008301,0
53.591667,-0.335000,-0.007283,0
53.594444,-0.340000,-0.006134,0
53.597222,-0.355000,-0.005214,0
53.600000,-0.340000,-0.004878,0
53.602778,-0.330000,-0.005394,0
53.605556,-0.330000,-0.006544,0
53.608333,-0.345000,-0.007281,0
53.611111,-0.345000,-0.005955,0
53.613889,-0.345000,-0.001117,0
53.616667,-0.330000,0.007654,0
53.619444,-0.305000,0.019516,0
53.622222,-0.295000,0.032825,0
53.625000,-0.285000,0.045886,0
53.627778,-0.275000,0.057455,0
53.630556,-0.270000,0.066791,0
53.633333,-0.265000,0.073465,0
53.636111,-0.245000,0.077281,0
53.638889,-0.245000,0.078476,0
53.641667,-0.250000,0.077987,0
53.644444,-0.260000,0.077336,0
53.647222,-0.260000,0.078026,0
53.650000,-0.255000,0.080816,0
53.652778,-0.235000,0.085454,0
53.655556,-0.230000,0.091028,0
53.658333,-0.235000,0.096554,0
53.661111,-0.230000,0.101283,0
53.663889,-0.230000,0.104591,0
53.666667,-0.225000,0.105796,0
53.669444,-0.215000,0.104286,0
53.672222,-0.215000,0.099972,0
53.675000,-0.235000,0.093675,0
53.677778,-0.250000,0.086931,0
53.680556,-0.255000,0.081235,0
53.683333,-0.255000,0.077312,0
53.686111,-0.235000,0.075089,0
53.688889,-0.240000,0.074397,0
53.691667,-0.240000,0.075715,0
53.694444,-0.255000,0.080096,0
53.697222,-0.265000,0.088049,0
53.700000,-0.240000,0.098213,0
53.702778,-0.205000,0.107084,0
53.705556,-0.180000,0.110446,0
53.708333,-0.210000,0.105589,0
53.711111,-0.240000,0.092632,0
53.713889,-0.265000,0.074056,0
53.716667,-0.275000,0.053134,0
53.719444,-0.285000,0.032588,0
53.722222,-0.300000,0.014184,0
53.725000,-0.325000,-0.001042,0
53.727778,-0.340000,-0.012552,0
53.730556,-0.340000,-0.020311,0
53.733333,-0.350000,-0.024810,0
53.736111,-0.340000,-0.026878,0
53.738889,-0.345000,-0.027319,0
53.741667,-0.345000,-0.026625,0
53.744444,-0.350000,-0.024994,0
53.747222,-0.350000,-0.022649,0
53.750000,-0.340000,-0.020133,0
53.752778,-0.330000,-0.018242,0
53.755556,-0.330000,-0.017556,0
53.758333,-0.330000,-0.017975,0
53.761111,-0.345000,-0.018716,0
53.763889,-0.350000,-0.018886,0
53.766667,-0.335000,-0.018195,0
53.769444,-0.335000,-0.017184,0
53.772222,-0.315000,-0.016738,0
53.775000,-0.335000,-0.017325,0
53.777778,-0.340000,-0.018650,0
53.780556,-0.345000,-0.019983,0
53.783333,-0.340000,-0.020783,0
53.786111,-0.330000,-0.021005,0
53.788889,-0.325000,-0.020869,0
53.791667,-0.340000,-0.020488,0
53.794444,-0.335000,-0.019834,0
53.797222,-0.345000,-0.019187,0
53.800000,-0.340000,-0.019623,0
53.802778,-0.330000,-0.023063,0
53.805556,-0.335000,-0.031648,0
53.808333,-0.355000,-0.046848,0
53.811111,-0.385000,-0.068929,0
53.813889,-0.425000,-0.097118,0
53.816667,-0.460000,-0.130122,0
53.819444,-0.465000,-0.166155,0
53.822222,-0.490000,-0.202009,0
53.825000,-0.525000,-0.231699,0
53.827778,-0.570000,-0.246004,0
53.830556,-0.570000,-0.233732,0
53.833333,-0.485000,-0.184043,0
53.836111,-0.380000,-0.088539,0
53.838889,-0.225000,0.057289,0
53.841667,-0.065000,0.252266,0
53.844444,0.110000,0.486479,0
53.847222,0.360000,0.737858,0
53.850000,0.640000,0.971398,0
53.852778,0.840000,1.144024,0
53.855556,0.960000,1.215390,1
53.858333,0.970000,1.161537,0
53.861111,0.790000,0.986034,0
53.863889,0.440000,0.722874,0
53.866667,0.025000,0.427825,0
53.869444,-0.285000,0.160442,0
53.872222,-0.425000,-0.035326,0
53.875000,-0.460000,-0.142863,0
53.877778,-0.435000,-0.172523,0
53.880556,-0.395000,-0.151513,0
53.883333,-0.365000,-0.110466,0
53.886111,-0.355000,-0.072837,0
53.888889,-0.370000,-0.050327,0
53.891667,-0.370000,-0.044052,0
53.894444,-0.370000,-0.048939,0
53.897222,-0.375000,-0.058389,0
53.900000,-0.380000,-0.067401,0
53.902778,-0.375000,-0.073665,0
53.905556,-0.365000,-0.077052,0
53.908333,-0.375000,-0.078364,0
53.911111,-0.390000,-0.078318,0
53.913889,-0.385000,-0.077301,0
53.916667,-0.380000,-0.075661,0
53.919444,-0.380000,-0.073917,0
53.922222,-0.360000,-0.072585,0
53.925000,-0.370000,-0.071802,0
53.927778,-0.380000,-0.071224,0
53.930556,-0.390000,-0.070464,0
53.933333,-0.370000,-0.069679,0
53.936111,-0.360000,-0.069644,0
53.938889,-0.360000,-0.071091,0
53.941667,-0.375000,-0.073956,0
53.944444,-0.385000,-0.077283,0
53.947222,-0.390000,-0.079867,0
53.950000,-0.385000,-0.081060,0
53.952778,-0.375000,-0.081052,0
53.955556,-0.365000,-0.080457,0
53.958333,-0.380000,-0.079683,0
53.961111,-0.390000,-0.078717,0
53.963889,-0.380000,-0.077477,0
53.966667,-0.375000,-0.076220,0
53.969444,-0.365000,-0.075474,0
53.972222,-0.365000,-0.075530,0
53.975000,-0.375000,-0.076042,0
53.977778,-0.380000,-0.076179,0
53.980556,-0.385000,-0.075278,0
53.983333,-0.370000,-0.073466,0
53.986111,-0.365000,-0.071680,0
53.988889,-0.355000,-0.071012,0
53.991667,-0.360000,-0.071868,0
53.994444,-0.375000,-0.073646,0
53.997222,-0.390000,-0.075228,0
54.000000,-0.375000,-0.075866,0
54.002778,-0.360000,-0.075632,0
54.005556,-0.355000,-0.075039,0
54.008333,-0.375000,-0.074373,0
54.011111,-0.380000,-0.073521,0
54.013889,-0.370000,-0.072381,0
54.016667,-0.360000,-0.071238,0
54.019444,-0.360000,-0.070626,0
54.022222,-0.360000,-0.070856,0
54.025000,-0.365000,-0.071732,0
54.027778,-0.375000,-0.072704,0
54.030556,-0.370000,-0.073326,0
54.033333,-0.365000,-0.073600,0
54.036111,-0.360000,-0.073898,0
54.038889,-0.365000,-0.074570,0
54.041667,-0.365000,-0.075606,0
54.044444,-0.375000,-0.076655,0
54.047222,-0.370000,-0.077342,0
54.050000,-0.375000,-0.077629,0
54.052778,-0.365000,-0.077892,0
54.055556,-0.365000,-0.078646,0
54.058333,-0.365000,-0.080102,0
54.061111,-0.370000,-0.081913,0
54.063889,-0.390000,-0.083376,0
54.066667,-0.375000,-0.083945,0
54.069444,-0.365000,-0.083584,0
54.072222,-0.370000,-0.082633,0
54.075000,-0.370000,-0.081446,0
54.077778,-0.375000,-0.080219,0
54.080556,-0.370000,-0.079093,0
54.083333,-0.365000,-0.078271,0
54.086111,-0.365000,-0.077937,0
54.088889,-0.360000,-0.078017,0
54.091667,-0.360000,-0.078049,0
54.094444,-0.380000,-0.077398,0
54.097222,-0.375000,-0.075815,0
54.100000,-0.355000,-0.073842,0
54.102778,-0.350000,-0.072586,0
54.105556,-0.350000,-0.072935,0
54.108333,-0.365000,-0.074943,0
54.111111,-0.375000,-0.077944,0
54.113889,-0.375000,-0.081232,0
54.116667,-0.370000,-0.084635,0
54.119444,-0.365000,-0.088455,0
54.122222,-0.370000,-0.092881,0
54.125000,-0.385000,-0.097468,0
54.127778,-0.390000,-0.101202,0
54.130556,-0.400000,-0.103112,0
54.133333,-0.390000,-0.102934,0
54.136111,-0.380000,-0.101267,0
54.138889,-0.375000,-0.099111,0
54.141667,-0.380000,-0.097168,0
54.144444,-0.380000,-0.095487,0
54.147222,-0.390000,-0.093653,0
54.150000,-0.375000,-0.091230,0
54.152778,-0.360000,-0.087990,0
54.155556,-0.365000,-0.083767,0
54.158333,-0.370000,-0.078285,0
54.161111,-0.350000,-0.071285,0
54.163889,-0.355000,-0.062836,0
54.166667,-0.335000,-0.053498,0
54.169444,-0.320000,-0.044140,0
54.172222,-0.310000,-0.035502,0
54.175000,-0.315000,-0.027832,0
54.177778,-0.305000,-0.020906,0
54.180556,-0.300000,-0.014388,0
54.183333,-0.290000,-0.008168,0
54.186111,-0.285000,-0.002387,0
54.188889,-0.265000,0.002848,0
54.191667,-0.265000,0.007807,0
54.194444,-0.285000,0.013115,0
54.197222,-0.270000,0.019210,0
54.200000,-0.255000,0.025734,0
54.202778,-0.240000,0.031563,0
54.205556,-0.230000,0.035556,0
54.208333,-0.245000,0.037360,0
54.211111,-0.245000,0.037588,0
54.213889,-0.255000,0.037247,0
54.216667,-0.245000,0.036987,0
54.219444,-0.230000,0.036800,0
54.222222,-0.240000,0.036345,0
54.225000,-0.245000,0.035453,0
54.227778,-0.240000,0.034311,0
54.230556,-0.260000,0.033253,0
54.233333,-0.240000,0.032445,0
54.236111,-0.240000,0.031811,0
54.238889,-0.245000,0.031244,0
54.241667,-0.250000,0.030803,0
54.244444,-0.245000,0.030657,0
54.247222,-0.255000,0.030823,0
54.250000,-0.245000,0.030984,0
54.252778,-0.245000,0.030581,0
54.255556,-0.235000,0.029201,0
54.258333,-0.250000,0.026987,0
54.261111,-0.255000,0.024670,0
54.263889,-0.265000,0.023094,0
54.266667,-0.255000,0.022616,0
54.269444,-0.245000,0.022912,0
54.272222,-0.245000,0.023348,0
54.275000,-0.250000,0.023515,0
54.277778,-0.260000,0.023392,0
54.280556,-0.260000,0.023040,0
54.283333,-0.250000,0.022231,0
54.286111,-0.250000,0.020477,0
54.288889,-0.245000,0.017467,0
54.291667,-0.270000,0.013448,0
54.294444,-0.265000,0.009164,0
54.297222,-0.275000,0.005404,0
54.300000,-0.275000,0.002551,0
54.302778,-0.265000,0.000508,0
54.305556,-0.270000,-0.001021,0
54.308333,-0.280000,-0.002186,0
54.311111,-0.275000,-0.002910,0
54.313889,-0.280000,-0.003104,0
54.316667,-0.285000,-0.002918,0
54.319444,-0.265000,-0.002769,0
54.322222,-0.270000,-0.003061,0
54.325000,-0.275000,-0.003826,0
54.327778,-0.285000,-0.004692,0
54.330556,-0.285000,-0.005263,0
54.333333,-0.275000,-0.005531,0
54.336111,-0.275000,-0.005877,0
54.338889,-0.270000,-0.006668,0
54.341667,-0.275000,-0.007840,0
54.344444,-0.290000,-0.008915,0
54.347222,-0.295000,-0.009505,0
54.350000,-0.280000,-0.009845,0
54.352778,-0.270000,-0.010744,0
54.355556,-0.275000,-0.012900,0
54.358333,-0.285000,-0.016205,0
54.361111,-0.300000,-0.019720,0
54.363889,-0.305000,-0.022350,0
54.366667,-0.290000,-0.023609,0
54.369444,-0.290000,-0.023832,0
54.372222,-0.290000,-0.023783,0
54.375000,-0.295000,-0.024092,0
54.377778,-0.290000,-0.024971,0
54.380556,-0.305000,-0.026293,0
54.383333,-0.305000,-0.027866,0
54.386111,-0.290000,-0.029594,0
54.388889,-0.290000,-0.031312,0
54.391667,-0.300000,-0.032515,0
54.394444,-0.320000,-0.032485,0
54.397222,-0.305000,-0.030874,0
54.400000,-0.295000,-0.028146,0
54.402778,-0.280000,-0.025326,0
54.405556,-0.285000,-0.023223,0
54.408333,-0.300000,-0.021881,0
54.411111,-0.290000,-0.020725,0
54.413889,-0.290000,-0.019178,0
54.416667,-0.295000,-0.017194,0
54.419444,-0.280000,-0.015352,0
54.422222,-0.270000,-0.014453,0
54.425000,-0.275000,-0.014873,0
54.427778,-0.290000,-0.016217,0
54.430556,-0.300000,-0.017671,0
54.433333,-0.290000,-0.018718,0
54.436111,-0.280000,-0.019510,0
54.438889,-0.275000,-0.020502,0
54.441667,-0.285000,-0.021786,0
54.444444,-0.300000,-0.022852,0
54.447222,-0.300000,-0.023041,0
54.450000,-0.290000,-0.022214,0
54.452778,-0.285000,-0.020958,0
54.455556,-0.275000,-0.020116,0
54.458333,-0.285000,-0.020081,0
54.461111,-0.290000,-0.020434,0
54.463889,-0.295000,-0.020163,0
54.466667,-0.280000,-0.018203,0
54.469444,-0.280000,-0.013828,0
54.472222,-0.270000,-0.006771,0
54.475000,-0.270000,0.002763,0
54.477778,-0.250000,0.014069,0
54.480556,-0.245000,0.025971,0
54.483333,-0.225000,0.037064,0
54.486111,-0.215000,0.046167,0
54.488889,-0.205000,0.052833,0
54.491667,-0.205000,0.057579,0
54.494444,-0.215000,0.061582,0
54.497222,-0.210000,0.065912,0
54.500000,-0.195000,0.070843,0
54.502778,-0.180000,0.075803,0
54.505556,-0.175000,0.079999,0
54.508333,-0.180000,0.083140,0
54.511111,-0.185000,0.085582,0
54.513889,-0.190000,0.087809,0
54.516667,-0.180000,0.089753,0
54.519444,-0.165000,0.090646,0
54.522222,-0.160000,0.089612,0
54.525000,-0.180000,0.086498,0
54.527778,-0.180000,0.082184,0
54.530556,-0.200000,0.078090,0
54.533333,-0.195000,0.075289,0
54.536111,-0.185000,0.073902,0
54.538889,-0.190000,0.073185,0
54.541667,-0.190000,0.072127,0
54.544444,-0.185000,0.070146,0
54.547222,-0.200000,0.067499,0
54.550000,-0.195000,0.065256,0
54.552778,-0.195000,0.064851,0
54.555556,-0.210000,0.067331,0
54.558333,-0.200000,0.072545,0
54.561111,-0.190000,0.078681,0
54.563889,-0.180000,0.082653,0
54.566667,-0.155000,0.081388,0
54.569444,-0.180000,0.073405,0
54.572222,-0.210000,0.059627,0
54.575000,-0.235000,0.042799,0
54.577778,-0.245000,0.025956,0
54.580556,-0.255000,0.011064,0
54.583333,-0.260000,-0.001378,0
54.586111,-0.270000,-0.011796,0
54.588889,-0.270000,-0.020611,0
54.591667,-0.290000,-0.027612,0
54.594444,-0.305000,-0.032059,0
54.597222,-0.310000,-0.033456,0
54.600000,-0.300000,-0.032327,0
54.602778,-0.275000,-0.030263,0
54.605556,-0.290000,-0.029116,0
54.608333,-0.290000,-0.030022,0
54.611111,-0.295000,-0.032938,0
54.613889,-0.300000,-0.036887,0
54.616667,-0.315000,-0.040597,0
54.619444,-0.305000,-0.043151,0
54.622222,-0.300000,-0.044292,0
54.625000,-0.310000,-0.044274,0
54.627778,-0.300000,-0.043518,0
54.630556,-0.310000,-0.042369,0
54.633333,-0.300000,-0.041028,0
54.636111,-0.305000,-0.039584,0
54.638889,-0.290000,-0.038060,0
54.641667,-0.300000,-0.036527,0
54.644444,-0.305000,-0.035418,0
54.647222,-0.315000,-0.036021,0
54.650000,-0.300000,-0.040715,0
54.652778,-0.305000,-0.052450,0
54.655556,-0.325000,-0.073463,0
54.658333,-0.360000,-0.103944,0
54.661111,-0.415000,-0.141427,0
54.663889,-0.450000,-0.181043,0
54.666667,-0.455000,-0.216165,0
54.669444,-0.490000,-0.239048,0
54.672222,-0.530000,-0.241766,0
54.675000,-0.505000,-0.217734,0
54.677778,-0.430000,-0.163104,0
54.680556,-0.305000,-0.076744,0
54.683333,-0.180000,0.041248,0
54.686111,-0.060000,0.190808,0
54.688889,0.080000,0.370873,0
54.691667,0.285000,0.575767,0
54.694444,0.485000,0.790959,0
54.697222,0.690000,0.991037,0
54.700000,0.865000,1.142003,0
54.702778,0.955000,1.208533,1
54.705556,0.995000,1.165040,0
54.708333,0.880000,1.007257,0
54.711111,0.585000,0.758945,0
54.713889,0.135000,0.468413,0
54.716667,-0.210000,0.193794,0
54.719444,-0.400000,-0.016908,0
54.722222,-0.425000,-0.140873,0
54.725000,-0.405000,-0.183515,0
54.727778,-0.360000,-0.169938,0
54.730556,-0.335000,-0.131179,0
54.733333,-0.335000,-0.092454,0
54.736111,-0.340000,-0.067530,0
54.738889,-0.335000,-0.059201,0
54.741667,-0.340000,-0.063292,0
54.744444,-0.350000,-0.073265,0
54.747222,-0.355000,-0.083619,0
54.750000,-0.350000,-0.091434,0
54.752778,-0.350000,-0.096210,0
54.755556,-0.350000,-0.098708,0
54.758333,-0.355000,-0.099722,0
54.761111,-0.370000,-0.099522,0
54.763889,-0.370000,-0.098089,0
54.766667,-0.355000,-0.095657,0
54.769444,-0.350000,-0.092929,0
54.772222,-0.355000,-0.090775,0
54.775000,-0.340000,-0.089731,0
54.777778,-0.350000,-0.089690,0
54.780556,-0.365000,-0.090016,0
54.783333,-0.355000,-0.090010,0
54.786111,-0.345000,-0.089322,0
54.788889,-0.345000,-0.087947,0
54.791667,-0.345000,-0.085936,0
54.794444,-0.350000,-0.083268,0
54.797222,-0.350000,-0.080052,0
54.800000,-0.340000,-0.076784,0
54.802778,-0.330000,-0.074281,0
54.805556,-0.325000,-0.073176,0
54.808333,-0.330000,-0.073385,0
54.811111,-0.345000,-0.074064,0
54.813889,-0.350000,-0.074207,0
54.816667,-0.335000,-0.073401,0
54.819444,-0.325000,-0.072061,0
54.822222,-0.330000,-0.070963,0
54.825000,-0.325000,-0.070577,0
54.827778,-0.340000,-0.070783,0
54.830556,-0.340000,-0.071133,0
54.833333,-0.335000,-0.071339,0
54.836111,-0.330000,-0.071522,0
54.838889,-0.330000,-0.072026,0
54.841667,-0.330000,-0.073038,0
54.844444,-0.345000,-0.074411,0
54.847222,-0.340000,-0.075803,0
54.850000,-0.335000,-0.076948,0
54.852778,-0.345000,-0.077763,0
54.855556,-0.335000,-0.078269,0
54.858333,-0.335000,-0.078443,0
54.861111,-0.350000,-0.078193,0
54.863889,-0.345000,-0.077521,0
54.866667,-0.335000,-0.076705,0
54.869444,-0.335000,-0.076205,0
54.872222,-0.335000,-0.076337,0
54.875000,-0.340000,-0.077016,0
54.877778,-0.345000,-0.077846,0
54.880556,-0.345000,-0.078460,0
54.883333,-0.345000,-0.078834,0
54.886111,-0.335000,-0.079279,0
54.888889,-0.340000,-0.080102,0
54.891667,-0.335000,-0.081218,0
54.894444,-0.355000,-0.082098,0
54.897222,-0.355000,-0.082175,0
54.900000,-0.345000,-0.081360,0
54.902778,-0.335000,-0.080155,0
54.905556,-0.335000,-0.079212,0
54.908333,-0.340000,-0.078800,0
54.911111,-0.350000,-0.078705,0
54.913889,-0.350000,-0.078629,0
54.916667,-0.345000,-0.078652,0
54.919444,-0.330000,-0.079212,0
54.922222,-0.335000,-0.080601,0
54.925000,-0.350000,-0.082466,0
54.927778,-0.350000,-0.083886,0
54.930556,-0.360000,-0.084009,0
54.933333,-0.350000,-0.082693,0
54.936111,-0.330000,-0.080603,0
54.938889,-0.340000,-0.078697,0
54.941667,-0.340000,-0.077579,0
54.944444,-0.345000,-0.077284,0
54.947222,-0.350000,-0.077536,0
54.950000,-0.335000,-0.078103,0
54.952778,-0.345000,-0.078900,0
54.955556,-0.335000,-0.079820,0
54.958333,-0.345000,-0.080595,0
54.961111,-0.355000,-0.080929,0
54.963889,-0.355000,-0.080856,0
54.966667,-0.335000,-0.080921,0
54.969444,-0.340000,-0.081833,0
54.972222,-0.340000,-0.083811,0
54.975000,-0.355000,-0.086219,0
54.977778,-0.360000,-0.087878,0
54.980556,-0.360000,-0.087793,0
54.983333,-0.350000,-0.085710,0
54.986111,-0.340000,-0.082071,0
54.988889,-0.330000,-0.077462,0
54.991667,-0.340000,-0.072073,0
54.994444,-0.340000,-0.065706,0
54.997222,-0.335000,-0.058269,0
55.000000,-0.305000,-0.050187,0
55.002778,-0.300000,-0.042228,0
55.005556,-0.295000,-0.034929,0
55.008333,-0.300000,-0.028245,0
55.011111,-0.290000,-0.021763,0
55.013889,-0.290000,-0.015223,0
55.016667,-0.270000,-0.008818,0
55.019444,-0.255000,-0.003006,0
55.022222,-0.265000,0.001956,0
55.025000,-0.265000,0.006234,0
55.027778,-0.260000,0.010173,0
55.030556,-0.255000,0.013875,0
55.033333,-0.245000,0.017065,0
55.036111,-0.240000,0.019372,0
55.038889,-0.240000,0.020746,0
55.041667,-0.250000,0.021608,0
55.044444,-0.250000,0.022541,0
55.047222,-0.250000,0.023780,0
55.050000,-0.235000,0.024977,0
55.052778,-0.235000,0.025512,0
55.055556,-0.230000,0.025104,0
55.058333,-0.250000,0.024149,0
55.061111,-0.250000,0.023453,0
55.063889,-0.250000,0.023547,0
55.066667,-0.245000,0.024211,0
55.069444,-0.230000,0.024626,0
55.072222,-0.235000,0.024048,0
55.075000,-0.245000,0.022418,0
55.077778,-0.255000,0.020373,0
55.080556,-0.255000,0.018696,0
55.083333,-0.250000,0.017709,0
55.086111,-0.245000,0.017157,0
55.088889,-0.245000,0.016564,0
55.091667,-0.250000,0.015712,0
55.094444,-0.255000,0.014790,0
55.097222,-0.260000,0.014131,0
55.100000,-0.260000,0.013780,0
55.102778,-0.250000,0.013304,0
55.105556,-0.250000,0.012068,0
55.108333,-0.250000,0.009770,0
55.111111,-0.265000,0.006775,0
55.113889,-0.270000,0.003925,0
55.116667,-0.275000,0.001955,0
55.119444,-0.265000,0.001031,0
55.122222,-0.260000,0.000784,0
55.125000,-0.260000,0.000779,0
55.127778,-0.270000,0.000912,0
55.130556,-0.280000,0.001333,0
55.133333,-0.270000,0.002020,0
55.136111,-0.260000,0.002552,0
55.138889,-0.255000,0.002403,0
55.141667,-0.270000,0.001459,0
55.144444,-0.270000,0.000191,0
55.147222,-0.280000,-0.000701,0
55.150000,-0.270000,-0.000816,0
55.152778,-0.265000,-0.000303,0
55.155556,-0.270000,0.000346,0
55.158333,-0.260000,0.000691,0
55.161111,-0.275000,0.000598,0
55.163889,-0.275000,0.000208,0
55.166667,-0.265000,-0.000273,0
55.169444,-0.270000,-0.000688,0
55.172222,-0.270000,-0.000899,0
55.175000,-0.270000,-0.000772,0
55.177778,-0.275000,-0.000289,0
55.180556,-0.275000,0.000277,0
55.183333,-0.270000,0.000331,0
55.186111,-0.260000,-0.000776,0
55.188889,-0.270000,-0.003267,0
55.191667,-0.280000,-0.006672,0
55.194444,-0.285000,-0.010056,0
55.197222,-0.290000,-0.012631,0
55.200000,-0.290000,-0.014272,0
55.202778,-0.285000,-0.015550,0
55.205556,-0.270000,-0.017186,0
55.208333,-0.285000,-0.019330,0
55.211111,-0.305000,-0.021301,0
55.213889,-0.305000,-0.022105,0
55.216667,-0.290000,-0.021267,0
55.219444,-0.290000,-0.019175,0
55.222222,-0.280000,-0.016740,0
55.225000,-0.285000,-0.014758,0
55.227778,-0.285000,-0.013520,0
55.230556,-0.290000,-0.012866,0
55.233333,-0.295000,-0.012536,0
55.236111,-0.275000,-0.012415,0
55.238889,-0.275000,-0.012408,0
55.241667,-0.285000,-0.012133,0
55.244444,-0.290000,-0.010929,0
55.247222,-0.290000,-0.008325,0
55.250000,-0.280000,-0.004550,0
55.252778,-0.265000,-0.000548,0
55.255556,-0.260000,0.002586,0
55.258333,-0.270000,0.004282,0
55.261111,-0.270000,0.004716,0
55.263889,-0.280000,0.004441,0
55.266667,-0.270000,0.003837,0
55.269444,-0.265000,0.002895,0
55.272222,-0.265000,0.001487,0
55.275000,-0.270000,-0.000220,0
55.277778,-0.285000,-0.001667,0
55.280556,-0.280000,-0.002249,0
55.283333,-0.275000,-0.001756,0
55.286111,-0.270000,-0.000487,0
55.288889,-0.275000,0.001009,0
55.291667,-0.265000,0.002285,0
55.294444,-0.275000,0.003200,0
55.297222,-0.275000,0.003894,0
55.300000,-0.270000,0.004654,0
55.302778,-0.260000,0.005877,0
55.305556,-0.265000,0.008153,0
55.308333,-0.265000,0.012249,0
55.311111,-0.260000,0.018785,0
55.313889,-0.255000,0.027723,0
55.316667,-0.245000,0.038091,0
55.319444,-0.215000,0.048267,0
55.322222,-0.200000,0.056853,0
55.325000,-0.210000,0.063568,0
55.327778,-0.220000,0.069371,0
55.330556,-0.210000,0.075639,0
55.333333,-0.195000,0.083105,0
55.336111,-0.175000,0.091435,0
55.338889,-0.175000,0.099620,0
55.341667,-0.160000,0.106661,0
55.344444,-0.175000,0.111956,0
55.347222,-0.165000,0.115228,0
55.350000,-0.160000,0.116282,0
55.352778,-0.155000,0.115019,0
55.355556,-0.155000,0.111741,0
55.358333,-0.170000,0.107366,0
55.361111,-0.185000,0.103151,0
55.363889,-0.190000,0.099988,0
55.366667,-0.175000,0.097876,0
55.369444,-0.170000,0.096171,0
55.372222,-0.170000,0.094467,0
55.375000,-0.175000,0.093358,0
55.377778,-0.195000,0.094257,0
55.380556,-0.205000,0.098206,0
55.383333,-0.185000,0.104498,0
55.386111,-0.155000,0.110373,0
55.388889,-0.135000,0.112294,0
55.391667,-0.160000,0.107932,0
55.394444,-0.195000,0.097242,0
55.397222,-0.220000,0.081894,0
55.400000,-0.215000,0.063877,0
55.402778,-0.215000,0.044701,0
55.405556,-0.245000,0.025692,0
55.408333,-0.270000,0.008549,0
55.411111,-0.290000,-0.004766,0
55.413889,-0.310000,-0.012884,0
55.416667,-0.295000,-0.015894,0
55.419444,-0.285000,-0.015419,0
55.422222,-0.285000,-0.013771,0
55.425000,-0.285000,-0.012800,0
55.427778,-0.295000,-0.013226,0
55.430556,-0.305000,-0.014757,0
55.433333,-0.295000,-0.016687,0
55.436111,-0.295000,-0.018402,0
55.438889,-0.295000,-0.019511,0
55.441667,-0.300000,-0.019784,0
55.444444,-0.305000,-0.019207,0
55.447222,-0.305000,-0.018178,0
55.450000,-0.295000,-0.017555,0
55.452778,-0.290000,-0.018294,0
55.455556,-0.295000,-0.020807,0
55.458333,-0.300000,-0.024487,0
55.461111,-0.315000,-0.027861,0
55.463889,-0.320000,-0.029355,0
55.466667,-0.310000,-0.028229,0
55.469444,-0.305000,-0.025091,0
55.472222,-0.300000,-0.021767,0
55.475000,-0.300000,-0.020734,0
55.477778,-0.305000,-0.024478,0
55.480556,-0.315000,-0.035008,0
55.483333,-0.335000,-0.053577,0
55.486111,-0.370000,-0.080543,0
55.488889,-0.405000,-0.115222,0
55.491667,-0.430000,-0.155451,0
55.494444,-0.455000,-0.196729,0
55.497222,-0.510000,-0.231351,0
55.500000,-0.535000,-0.248360,0
55.502778,-0.515000,-0.234763,0
55.505556,-0.440000,-0.177688,0
55.508333,-0.320000,-0.067128,0
55.511111,-0.205000,0.100440,0
55.513889,-0.050000,0.317357,0
55.516667,0.205000,0.560574,0
55.519444,0.490000,0.791528,0
55.522222,0.715000,0.963079,0
55.525000,0.830000,1.032891,1
55.527778,0.815000,0.978588,0
55.530556,0.620000,0.808159,0
55.533333,0.270000,0.560137,0
55.536111,-0.100000,0.291884,0
55.538889,-0.355000,0.060136,0
55.541667,-0.455000,-0.097501,0
55.544444,-0.455000,-0.171735,0
55.547222,-0.400000,-0.178441,0
55.550000,-0.355000,-0.146730,0
55.552778,-0.350000,-0.105269,0
55.555556,-0.345000,-0.073007,0
55.558333,-0.355000,-0.056686,0
55.561111,-0.365000,-0.053826,0
55.563889,-0.370000,-0.058019,0
55.566667,-0.355000,-0.063526,0
55.569444,-0.340000,-0.067467,0
55.572222,-0.345000,-0.069599,0
55.575000,-0.350000,-0.070887,0
55.577778,-0.355000,-0.072225,0
55.580556,-0.365000,-0.073932,0
55.583333,-0.360000,-0.075882,0
55.586111,-0.365000,-0.077812,0
55.588889,-0.360000,-0.079488,0
55.591667,-0.365000,-0.080686,0
55.594444,-0.365000,-0.081143,0
55.597222,-0.370000,-0.080633,0
55.600000,-0.370000,-0.079125,0
55.602778,-0.355000,-0.076864,0
55.605556,-0.355000,-0.074208,0
55.608333,-0.355000,-0.071390,0
55.611111,-0.360000,-0.068497,0
55.613889,-0.365000,-0.065739,0
55.616667,-0.340000,-0.063664,0
55.619444,-0.340000,-0.062930,0
55.622222,-0.345000,-0.063730,0
55.625000,-0.350000,-0.065466,0
55.627778,-0.365000,-0.067063,0
55.630556,-0.365000,-0.067727,0
55.633333,-0.350000,-0.067500,0
55.636111,-0.340000,-0.067105,0
55.638889,-0.350000,-0.067223,0
55.641667,-0.350000,-0.067885,0
55.644444,-0.370000,-0.068551,0
55.647222,-0.360000,-0.068727,0
55.650000,-0.355000,-0.068522,0
55.652778,-0.350000,-0.068592,0
55.655556,-0.345000,-0.069548,0
55.658333,-0.355000,-0.071337,0
55.661111,-0.370000,-0.073177,0
55.663889,-0.370000,-0.074102,0
55.666667,-0.360000,-0.073656,0
55.669444,-0.355000,-0.072122,0
55.672222,-0.355000,-0.070171,0
55.675000,-0.345000,-0.068297,0
55.677778,-0.360000,-0.066535,0
55.680556,-0.360000,-0.064648,0
55.683333,-0.355000,-0.062610,0
55.686111,-0.345000,-0.060874,0
55.688889,-0.340000,-0.060123,0
55.691667,-0.340000,-0.060716,0
55.694444,-0.360000,-0.062356,0
55.697222,-0.355000,-0.064261,0
55.700000,-0.355000,-0.065646,0
55.702778,-0.350000,-0.066042,0
55.705556,-0.350000,-0.065293,0
55.708333,-0.350000,-0.063440,0
55.711111,-0.360000,-0.060772,0
55.713889,-0.350000,-0.057993,0
55.716667,-0.340000,-0.056199,0
55.719444,-0.335000,-0.056421,0
55.722222,-0.340000,-0.058942,0
55.725000,-0.355000,-0.062985,0
55.727778,-0.365000,-0.067073,0
55.730556,-0.360000,-0.069864,0
55.733333,-0.365000,-0.070848,0
55.736111,-0.355000,-0.070493,0
55.738889,-0.355000,-0.069836,0
55.741667,-0.350000,-0.069830,0
55.744444,-0.360000,-0.070871,0
55.747222,-0.375000,-0.072802,0
55.750000,-0.365000,-0.075271,0
55.752778,-0.355000,-0.078006,0
55.755556,-0.370000,-0.080740,0
55.758333,-0.375000,-0.083070,0
55.761111,-0.375000,-0.084583,0
55.763889,-0.380000,-0.085200,0
55.766667,-0.375000,-0.085411,0
55.769444,-0.380000,-0.086170,0
55.772222,-0.365000,-0.088411,0
55.775000,-0.370000,-0.092381,0
55.777778,-0.390000,-0.097268,0
55.780556,-0.405000,-0.101563,0
55.783333,-0.400000,-0.103985,0
55.786111,-0.395000,-0.104260,0
55.788889,-0.380000,-0.103135,0
55.791667,-0.390000,-0.101730,0
55.794444,-0.390000,-0.100858,0
55.797222,-0.400000,-0.100781,0
55.800000,-0.390000,-0.101317,0
55.802778,-0.380000,-0.101919,0
55.805556,-0.385000,-0.101625,0
55.808333,-0.405000,-0.099193,0
55.811111,-0.385000,-0.093659,0
55.813889,-0.385000,-0.084979,0
55.816667,-0.355000,-0.074156,0
55.819444,-0.345000,-0.062674,0
55.822222,-0.335000,-0.051641,0
55.825000,-0.330000,-0.041306,0
55.827778,-0.335000,-0.031292,0
55.830556,-0.320000,-0.021330,0
55.833333,-0.300000,-0.011842,0
55.836111,-0.285000,-0.003822,0
55.838889,-0.280000,0.001873,0
55.841667,-0.285000,0.005195,0
55.844444,-0.285000,0.006972,0
55.847222,-0.295000,0.008343,0
55.850000,-0.285000,0.010013,0
55.852778,-0.270000,0.011951,0
55.855556,-0.270000,0.013719,0
55.858333,-0.270000,0.015114,0
55.861111,-0.275000,0.016472,0
55.863889,-0.285000,0.018360,0
55.866667,-0.275000,0.020943,0
55.869444,-0.265000,0.023609,0
55.872222,-0.255000,0.025275,0
55.875000,-0.255000,0.025137,0
55.877778,-0.275000,0.023241,0
55.880556,-0.280000,0.020410,0
55.883333,-0.270000,0.017725,0
55.886111,-0.265000,0.016121,0
55.888889,-0.275000,0.016299,0
55.891667,-0.280000,0.018635,0
55.894444,-0.270000,0.022886,0
55.897222,-0.270000,0.027937,0
55.900000,-0.255000,0.031972,0
55.902778,-0.250000,0.033197,0
55.905556,-0.245000,0.030807,0
55.908333,-0.265000,0.025618,0
55.911111,-0.275000,0.019824,0
55.913889,-0.290000,0.015898,0
55.916667,-0.285000,0.015242,0
55.919444,-0.270000,0.017455,0
55.922222,-0.265000,0.020684,0
55.925000,-0.250000,0.022771,0
55.927778,-0.270000,0.022401,0
55.930556,-0.280000,0.019524,0
55.933333,-0.280000,0.014965,0
55.936111,-0.280000,0.009756,0
55.938889,-0.280000,0.004786,0
55.941667,-0.285000,0.000774,0
55.944444,-0.305000,-0.001744,0
55.947222,-0.295000,-0.002633,0
55.950000,-0.290000,-0.002337,0
55.952778,-0.295000,-0.001711,0
55.955556,-0.280000,-0.001524,0
55.958333,-0.290000,-0.001972,0
55.961111,-0.295000,-0.002549,0
55.963889,-0.305000,-0.002473,0
55.966667,-0.295000,-0.001364,0
55.969444,-0.290000,0.000354,0
55.972222,-0.285000,0.001675,0
55.975000,-0.275000,0.001693,0
55.977778,-0.290000,0.000232,0
55.980556,-0.305000,-0.002103,0
55.983333,-0.300000,-0.004444,0
55.986111,-0.295000,-0.006255,0
55.988889,-0.290000,-0.007449,0
55.991667,-0.295000,-0.008087,0
55.994444,-0.300000,-0.008117,0
55.997222,-0.310000,-0.007499,0
56.000000,-0.295000,-0.006551,0
56.002778,-0.300000,-0.006077,0
56.005556,-0.285000,-0.007013,0
56.008333,-0.295000,-0.009818,0
56.011111,-0.310000,-0.014084,0
56.013889,-0.315000,-0.018685,0
56.016667,-0.310000,-0.022268,0
56.019444,-0.310000,-0.023692,0
56.022222,-0.310000,-0.022241,0
56.025000,-0.320000,-0.017819,0
56.027778,-0.305000,-0.011203,0
56.030556,-0.295000,-0.004075,0
56.033333,-0.280000,0.001454,0
56.036111,-0.280000,0.003740,0
56.038889,-0.280000,0.002416,0
56.041667,-0.295000,-0.001427,0
56.044444,-0.305000,-0.005814,0
56.047222,-0.305000,-0.008890,0
56.050000,-0.300000,-0.009735,0
56.052778,-0.295000,-0.008558,0
56.055556,-0.290000,-0.006298,0
56.058333,-0.300000,-0.004041,0
56.061111,-0.285000,-0.002605,0
56.063889,-0.295000,-0.002374,0
56.066667,-0.295000,-0.003331,0
56.069444,-0.295000,-0.005178,0
56.072222,-0.295000,-0.007466,0
56.075000,-0.295000,-0.009650,0
56.077778,-0.305000,-0.011175,0
56.080556,-0.310000,-0.011670,0
56.083333,-0.300000,-0.011128,0
56.086111,-0.290000,-0.009791,0
56.088889,-0.290000,-0.007717,0
56.091667,-0.290000,-0.004439,0
56.094444,-0.300000,0.000811,0
56.097222,-0.300000,0.008358,0
56.100000,-0.270000,0.017463,0
56.102778,-0.245000,0.026557,0
56.105556,-0.240000,0.034337,0
56.108333,-0.250000,0.040774,0
56.111111,-0.250000,0.047116,0
56.113889,-0.250000,0.054866,0
56.116667,-0.225000,0.064587,0
56.119444,-0.210000,0.075450,0
56.122222,-0.195000,0.085730,0
56.125000,-0.190000,0.093771,0
56.127778,-0.190000,0.098739,0
56.130556,-0.190000,0.100782,0
56.133333,-0.190000,0.100692,0
56.136111,-0.195000,0.099391,0
56.138889,-0.185000,0.097573,0
56.141667,-0.185000,0.095605,0
56.144444,-0.210000,0.093557,0
56.147222,-0.200000,0.091162,0
56.150000,-0.200000,0.087895,0
56.152778,-0.185000,0.083455,0
56.155556,-0.200000,0.078465,0
56.158333,-0.215000,0.074666,0
56.161111,-0.230000,0.074033,0
56.163889,-0.240000,0.077186,0
56.166667,-0.210000,0.082263,0
56.169444,-0.175000,0.085426,0
56.172222,-0.175000,0.082949,0
56.175000,-0.215000,0.073402,0
56.177778,-0.245000,0.058242,0
56.180556,-0.265000,0.040537,0
56.183333,-0.265000,0.023132,0
56.186111,-0.270000,0.007661,0
56.188889,-0.290000,-0.005260,0
56.191667,-0.300000,-0.015319,0
56.194444,-0.300000,-0.022023,0
56.197222,-0.325000,-0.024751,0
56.200000,-0.315000,-0.023214,0
56.202778,-0.305000,-0.017927,0
56.205556,-0.290000,-0.010263,0
56.208333,-0.285000,-0.002034,0
56.211111,-0.285000,0.004999,0
56.213889,-0.285000,0.009368,0
56.216667,-0.275000,0.009981,0
56.219444,-0.270000,0.006343,0
56.222222,-0.280000,-0.001025,0
56.225000,-0.295000,-0.010398,0
56.227778,-0.310000,-0.019295,0
56.230556,-0.330000,-0.025529,0
56.233333,-0.320000,-0.028276,0
56.236111,-0.305000,-0.028396,0
56.238889,-0.300000,-0.027744,0
56.241667,-0.315000,-0.027993,0
56.244444,-0.315000,-0.029844,0
56.247222,-0.325000,-0.032956,0
56.250000,-0.315000,-0.036337,0
56.252778,-0.320000,-0.038792,0
56.255556,-0.330000,-0.039371,0
56.258333,-0.330000,-0.037919,0
56.261111,-0.325000,-0.035622,0
56.263889,-0.325000,-0.035165,0
56.266667,-0.320000,-0.040232,0
56.269444,-0.335000,-0.054386,0
56.272222,-0.365000,-0.079711,0
56.275000,-0.400000,-0.115597,0
56.277778,-0.430000,-0.157880,0
56.280556,-0.475000,-0.198441,0
56.283333,-0.505000,-0.225487,0
56.286111,-0.515000,-0.224791,0
56.288889,-0.450000,-0.181856,0
56.291667,-0.350000,-0.084748,0
56.294444,-0.210000,0.072378,0
56.297222,-0.060000,0.284925,0
56.300000,0.170000,0.533537,0
56.302778,0.445000,0.782581,0
56.305556,0.715000,0.984775,0
56.308333,0.885000,1.093000,1
56.311111,0.925000,1.076126,0
56.313889,0.760000,0.932250,0
56.316667,0.415000,0.692424,0
56.319444,0.035000,0.411656,0
56.322222,-0.250000,0.150346,0
56.325000,-0.410000,-0.045404,0
56.327778,-0.460000,-0.155916,0
56.330556,-0.440000,-0.188512,0
56.333333,-0.385000,-0.168452,0
56.336111,-0.350000,-0.125920,0
56.338889,-0.350000,-0.085065,0
56.341667,-0.340000,-0.058718,0
56.344444,-0.355000,-0.048985,0
56.347222,-0.360000,-0.051394,0
56.350000,-0.350000,-0.059593,0
56.352778,-0.345000,-0.068466,0
56.355556,-0.350000,-0.075099,0
56.358333,-0.350000,-0.078354,0
56.361111,-0.370000,-0.078215,0
56.363889,-0.365000,-0.075490,0
56.366667,-0.350000,-0.071696,0
56.369444,-0.340000,-0.068626,0
56.372222,-0.340000,-0.067548,0
56.375000,-0.345000,-0.068549,0
56.377778,-0.355000,-0.070563,0
56.380556,-0.370000,-0.072146,0
56.383333,-0.355000,-0.072445,0
56.386111,-0.345000,-0.071642,0
56.388889,-0.340000,-0.070556,0
56.391667,-0.345000,-0.069855,0
56.394444,-0.355000,-0.069623,0
56.397222,-0.360000,-0.069572,0
56.400000,-0.345000,-0.069555,0
56.402778,-0.350000,-0.069808,0
56.405556,-0.345000,-0.070720,0
56.408333,-0.340000,-0.072385,0
56.411111,-0.360000,-0.074384,0
56.413889,-0.365000,-0.076018,0
56.416667,-0.355000,-0.076839,0
56.419444,-0.355000,-0.076962,0
56.422222,-0.350000,-0.076879,0
56.425000,-0.345000,-0.076961,0
56.427778,-0.360000,-0.077135,0
56.430556,-0.365000,-0.077014,0
56.433333,-0.355000,-0.076352,0
56.436111,-0.350000,-0.075333,0
56.438889,-0.345000,-0.074412,0
56.441667,-0.350000,-0.073914,0
56.444444,-0.355000,-0.073813,0
56.447222,-0.350000,-0.073854,0
56.450000,-0.360000,-0.073848,0
56.452778,-0.345000,-0.073844,0
56.455556,-0.345000,-0.073993,0
56.458333,-0.345000,-0.074259,0
56.461111,-0.355000,-0.074309,0
56.463889,-0.365000,-0.073799,0
56.466667,-0.345000,-0.072809,0
56.469444,-0.340000,-0.071907,0
56.472222,-0.350000,-0.071713,0
56.475000,-0.330000,-0.072331,0
56.477778,-0.360000,-0.073181,0
56.480556,-0.360000,-0.073400,0
56.483333,-0.350000,-0.072522,0
56.486111,-0.340000,-0.070828,0
56.488889,-0.335000,-0.069045,0
56.491667,-0.340000,-0.067757,0
56.494444,-0.350000,-0.067108,0
56.497222,-0.345000,-0.066996,0
56.500000,-0.340000,-0.067404,0
56.502778,-0.340000,-0.068478,0
56.505556,-0.340000,-0.070311,0
56.508333,-0.345000,-0.072704,0
56.511111,-0.345000,-0.075187,0
56.513889,-0.370000,-0.077378,0
56.516667,-0.355000,-0.079421,0
56.519444,-0.345000,-0.082051,0
56.522222,-0.345000,-0.086033,0
56.525000,-0.365000,-0.091440,0
56.527778,-0.380000,-0.097484,0
56.530556,-0.380000,-0.103069,0
56.533333,-0.380000,-0.107514,0
56.536111,-0.385000,-0.110854,0
56.538889,-0.375000,-0.113619,0
56.541667,-0.390000,-0.116364,0
56.544444,-0.390000,-0.119352,0
56.547222,-0.400000,-0.122561,0
56.550000,-0.400000,-0.125875,0
56.552778,-0.395000,-0.129178,0
56.555556,-0.395000,-0.132224,0
56.558333,-0.410000,-0.134453,0
56.561111,-0.405000,-0.135104,0
56.563889,-0.415000,-0.133622,0
56.566667,-0.405000,-0.130070,0
56.569444,-0.385000,-0.125110,0
56.572222,-0.380000,-0.119488,0
56.575000,-0.380000,-0.113419,0
56.577778,-0.385000,-0.106469,0
56.580556,-0.380000,-0.098077,0
56.583333,-0.355000,-0.088202,0
56.586111,-0.340000,-0.077462,0
56.588889,-0.325000,-0.066674,0
56.591667,-0.330000,-0.056331,0
56.594444,-0.325000,-0.046519,0
56.597222,-0.305000,-0.037247,0
56.600000,-0.295000,-0.028692,0
56.602778,-0.280000,-0.021076,0
56.605556,-0.285000,-0.014383,0
56.608333,-0.280000,-0.008308,0
56.611111,-0.270000,-0.002518,0
56.613889,-0.270000,0.003015,0
56.616667,-0.260000,0.007904,0
56.619444,-0.250000,0.011568,0
56.622222,-0.245000,0.013682,0
56.625000,-0.250000,0.014564,0
56.627778,-0.260000,0.015115,0
56.630556,-0.255000,0.016290,0
56.633333,-0.250000,0.018492,0
56.636111,-0.245000,0.021350,0
56.638889,-0.235000,0.024051,0
56.641667,-0.230000,0.025941,0
56.644444,-0.240000,0.026971,0
56.647222,-0.250000,0.027606,0
56.650000,-0.240000,0.028316,0
56.652778,-0.230000,0.029158,0
56.655556,-0.230000,0.029832,0
56.658333,-0.235000,0.030037,0
56.661111,-0.235000,0.029702,0
56.663889,-0.240000,0.028906,0
56.666667,-0.240000,0.027672,0
56.669444,-0.235000,0.025913,0
56.672222,-0.230000,0.023646,0
56.675000,-0.235000,0.021285,0
56.677778,-0.260000,0.019595,0
56.680556,-0.250000,0.019158,0
56.683333,-0.245000,0.019799,0
56.686111,-0.235000,0.020572,0
56.688889,-0.235000,0.020413,0
56.691667,-0.235000,0.018912,0
56.694444,-0.250000,0.016613,0
56.697222,-0.260000,0.014588,0
56.700000,-0.255000,0.013636,0
56.702778,-0.240000,0.013781,0
56.705556,-0.240000,0.014458,0
56.708333,-0.240000,0.015105,0
56.711111,-0.255000,0.015536,0
56.713889,-0.250000,0.015785,0
56.716667,-0.245000,0.015750,0
56.719444,-0.245000,0.015097,0
56.722222,-0.235000,0.013566,0
56.725000,-0.245000,0.011375,0
56.727778,-0.260000,0.009267,0
56.730556,-0.260000,0.008053,0
56.733333,-0.250000,0.008008,0
56.736111,-0.250000,0.008667,0
56.738889,-0.245000,0.009154,0
56.741667,-0.245000,0.008743,0
56.744444,-0.255000,0.007243,0
56.747222,-0.255000,0.004989,0
56.750000,-0.260000,0.002565,0
56.752778,-0.255000,0.000514,0
56.755556,-0.255000,-0.000772,0
56.758333,-0.260000,-0.001032,0
56.761111,-0.260000,-0.000174,0
56.763889,-0.260000,0.001561,0
56.766667,-0.260000,0.003489,0
56.769444,-0.245000,0.004649,0
56.772222,-0.240000,0.004312,0
56.775000,-0.255000,0.002501,0
56.777778,-0.260000,0.000036,0
56.780556,-0.275000,-0.002039,0
56.783333,-0.255000,-0.003174,0
56.786111,-0.255000,-0.003549,0
56.788889,-0.255000,-0.003682,0
56.791667,-0.250000,-0.003854,0
56.794444,-0.270000,-0.003895,0
56.797222,-0.265000,-0.003500,0
56.800000,-0.260000,-0.002733,0
56.802778,-0.255000,-0.002205,0
56.805556,-0.250000,-0.002714,0
56.808333,-0.255000,-0.004643,0
56.811111,-0.255000,-0.007573,0
56.813889,-0.280000,-0.010465,0
56.816667,-0.270000,-0.012296,0
56.819444,-0.270000,-0.012682,0
56.822222,-0.255000,-0.011940,0
56.825000,-0.255000,-0.010606,0
56.827778,-0.265000,-0.008924,0
56.830556,-0.270000,-0.006825,0
56.833333,-0.260000,-0.004346,0
56.836111,-0.255000,-0.001964,0
56.838889,-0.245000,-0.000434,0
56.841667,-0.245000,-0.000250,0
56.844444,-0.250000,-0.001206,0
56.847222,-0.265000,-0.002509,0
56.850000,-0.275000,-0.003388,0
56.852778,-0.235000,-0.003615,0
56.855556,-0.245000,-0.003407,0
56.858333,-0.260000,-0.002913,0
56.861111,-0.260000,-0.002011,0
56.863889,-0.255000,-0.000594,0
56.866667,-0.250000,0.001152,0
56.869444,-0.240000,0.002937,0
56.872222,-0.230000,0.004892,0
56.875000,-0.245000,0.007914,0
56.877778,-0.245000,0.013313,0
56.880556,-0.250000,0.021837,0
56.883333,-0.215000,0.032815,0
56.886111,-0.190000,0.044278,0
56.888889,-0.180000,0.054083,0
56.891667,-0.190000,0.061161,0
56.894444,-0.190000,0.065902,0
56.897222,-0.185000,0.069583,0
56.900000,-0.170000,0.073502,0
56.902778,-0.175000,0.078422,0
56.905556,-0.160000,0.084448,0
56.908333,-0.155000,0.091146,0
56.911111,-0.150000,0.097732,0
56.913889,-0.155000,0.103231,0
56.916667,-0.130000,0.106653,0
56.919444,-0.135000,0.107310,0
56.922222,-0.140000,0.105176,0
56.925000,-0.150000,0.100965,0
56.927778,-0.150000,0.095801,0
56.930556,-0.165000,0.090700,0
56.933333,-0.160000,0.086223,0
56.936111,-0.160000,0.082531,0
56.938889,-0.150000,0.079837,0
56.941667,-0.160000,0.078842,0
56.944444,-0.175000,0.080586,0
56.947222,-0.185000,0.085484,0
56.950000,-0.160000,0.092241,0
56.952778,-0.140000,0.097740,0
56.955556,-0.115000,0.098385,0
56.958333,-0.140000,0.092059,0
56.961111,-0.180000,0.079193,0
56.963889,-0.200000,0.062167,0
56.966667,-0.205000,0.043771,0
56.969444,-0.200000,0.026097,0
56.972222,-0.235000,0.010439,0
56.975000,-0.250000,-0.002349,0
56.977778,-0.250000,-0.011678,0
56.980556,-0.265000,-0.017342,0
56.983333,-0.265000,-0.019652,0
56.986111,-0.265000,-0.019447,0
56.988889,-0.250000,-0.017862,0
56.991667,-0.255000,-0.015918,0
56.994444,-0.260000,-0.014209,0
56.997222,-0.260000,-0.012944,0
57.000000,-0.255000,-0.012218,0
57.002778,-0.250000,-0.012185,0
57.005556,-0.250000,-0.012955,0
57.008333,-0.255000,-0.014406,0
57.011111,-0.260000,-0.016186,0
57.013889,-0.265000,-0.017962,0
57.016667,-0.260000,-0.019694,0
57.019444,-0.260000,-0.021664,0
57.022222,-0.260000,-0.024185,0
57.025000,-0.260000,-0.027223,0
57.027778,-0.275000,-0.030271,0
57.030556,-0.285000,-0.032620,0
57.033333,-0.270000,-0.033818,0
57.036111,-0.265000,-0.033847,0
57.038889,-0.265000,-0.032926,0
57.041667,-0.275000,-0.031334,0
57.044444,-0.275000,-0.029672,0
57.047222,-0.280000,-0.029439,0
57.050000,-0.280000,-0.033334,0
57.052778,-0.265000,-0.044747,0
57.055556,-0.300000,-0.066433,0
57.058333,-0.340000,-0.099014,0
57.061111,-0.385000,-0.139995,0
57.063889,-0.415000,-0.183358,0
57.066667,-0.430000,-0.219424,0
57.069444,-0.470000,-0.235088,0
57.072222,-0.450000,-0.215078,0
57.075000,-0.380000,-0.144673,0
57.077778,-0.235000,-0.013559,0
57.080556,-0.080000,0.179710,0
57.083333,0.120000,0.423280,0
57.086111,0.380000,0.689044,0
57.088889,0.670000,0.933884,0
57.091667,0.900000,1.107510,0
57.094444,1.030000,1.166427,1
57.097222,0.980000,1.089644,0
57.100000,0.755000,0.889324,0
57.102778,0.370000,0.610250,0
57.105556,-0.045000,0.316306,0
57.108333,-0.330000,0.068685,0
57.111111,-0.410000,-0.094331,0
57.113889,-0.380000,-0.166495,0
57.116667,-0.320000,-0.168497,0
57.119444,-0.285000,-0.133459,0
57.122222,-0.290000,-0.091730,0
57.125000,-0.295000,-0.061790,0
57.127778,-0.310000,-0.049016,0
57.130556,-0.310000,-0.049868,0
57.133333,-0.310000,-0.057588,0
57.136111,-0.300000,-0.066415,0
57.138889,-0.300000,-0.073244,0
57.141667,-0.300000,-0.077277,0
57.144444,-0.310000,-0.078918,0
57.147222,-0.320000,-0.078925,0
57.150000,-0.310000,-0.078117,0
57.152778,-0.310000,-0.077301,0
57.155556,-0.300000,-0.077097,0
57.158333,-0.310000,-0.077677,0
57.161111,-0.315000,-0.078727,0
57.163889,-0.315000,-0.079730,0
57.166667,-0.315000,-0.080366,0
57.169444,-0.310000,-0.080677,0
57.172222,-0.305000,-0.080906,0
57.175000,-0.315000,-0.081180,0
57.177778,-0.310000,-0.081352,0
57.180556,-0.315000,-0.081125,0
57.183333,-0.320000,-0.080339,0
57.186111,-0.305000,-0.079173,0
57.188889,-0.305000,-0.078039,0
57.191667,-0.300000,-0.077237,0
57.194444,-0.305000,-0.076696,0
57.197222,-0.325000,-0.076150,0
57.200000,-0.310000,-0.075584,0
57.202778,-0.290000,-0.075432,0
57.205556,-0.300000,-0.076153,0
57.208333,-0.305000,-0.077621,0
57.211111,-0.310000,-0.078990,0
57.213889,-0.320000,-0.079246,0
57.216667,-0.315000,-0.077984,0
57.219444,-0.300000,-0.075794,0
57.222222,-0.295000,-0.073907,0
57.225000,-0.290000,-0.073348,0
57.227778,-0.305000,-0.074272,0
57.230556,-0.315000,-0.076005,0
57.233333,-0.310000,-0.077683,0
57.236111,-0.310000,-0.078879,0
57.238889,-0.295000,-0.079695,0
57.241667,-0.305000,-0.080370,0
57.244444,-0.310000,-0.080898,0
57.247222,-0.320000,-0.081069,0
57.250000,-0.305000,-0.080804,0
57.252778,-0.305000,-0.080343,0
57.255556,-0.305000,-0.080072,0
57.258333,-0.305000,-0.080200,0
57.261111,-0.305000,-0.080592,0
57.263889,-0.315000,-0.080866,0
57.266667,-0.305000,-0.080676,0
57.269444,-0.310000,-0.079957,0
57.272222,-0.300000,-0.078969,0
57.275000,-0.305000,-0.078153,0
57.277778,-0.305000,-0.077940,0
57.280556,-0.305000,-0.078626,0
57.283333,-0.305000,-0.080290,0
57.286111,-0.305000,-0.082696,0
57.288889,-0.305000,-0.085222,0
57.291667,-0.315000,-0.086973,0
57.294444,-0.320000,-0.087175,0
57.297222,-0.320000,-0.085709,0
57.300000,-0.305000,-0.083361,0
57.302778,-0.295000,-0.081446,0
57.305556,-0.300000,-0.081007,0
57.308333,-0.305000,-0.082172,0
57.311111,-0.315000,-0.084186,0
57.313889,-0.320000,-0.086019,0
57.316667,-0.310000,-0.087063,0
57.319444,-0.310000,-0.087368,0
57.322222,-0.300000,-0.087337,0
57.325000,-0.310000,-0.087240,0
57.327778,-0.320000,-0.087033,0
57.330556,-0.310000,-0.086604,0
57.333333,-0.315000,-0.086120,0
57.336111,-0.305000,-0.086069,0
57.338889,-0.300000,-0.086922,0
57.341667,-0.310000,-0.088692,0
57.344444,-0.320000,-0.090827,0
57.347222,-0.320000,-0.092564,0
57.350000,-0.320000,-0.093450,0
57.352778,-0.315000,-0.093560,0
57.355556,-0.305000,-0.093234,0
57.358333,-0.310000,-0.092575,0
57.361111,-0.320000,-0.091183,0
57.363889,-0.315000,-0.088375,0
57.366667,-0.310000,-0.083686,0
57.369444,-0.295000,-0.077155,0
57.372222,-0.285000,-0.069174,0
57.375000,-0.275000,-0.060124,0
57.377778,-0.280000,-0.050205,0
57.380556,-0.270000,-0.039656,0
57.383333,-0.250000,-0.029102,0
57.386111,-0.235000,-0.019534,0
57.388889,-0.225000,-0.011809,0
57.391667,-0.220000,-0.006066,0
57.394444,-0.230000,-0.001601,0
57.397222,-0.225000,0.002637,0
57.400000,-0.220000,0.007272,0
57.402778,-0.210000,0.012066,0
57.405556,-0.190000,0.016176,0
57.408333,-0.195000,0.018900,0
57.411111,-0.200000,0.020285,0
57.413889,-0.210000,0.021094,0
57.416667,-0.200000,0.022230,0
57.419444,-0.195000,0.024167,0
57.422222,-0.185000,0.026841,0
57.425000,-0.190000,0.029899,0
57.427778,-0.190000,0.032922,0
57.430556,-0.190000,0.035427,0
57.433333,-0.180000,0.036835,0
57.436111,-0.175000,0.036657,0
57.438889,-0.180000,0.034865,0
57.441667,-0.185000,0.032098,0
57.444444,-0.200000,0.029412,0
57.447222,-0.195000,0.027669,0
57.450000,-0.190000,0.027020,0
57.452778,-0.195000,0.026865,0
57.455556,-0.180000,0.026292,0
57.458333,-0.190000,0.024672,0
57.461111,-0.200000,0.021989,0
57.463889,-0.210000,0.018693,0
57.466667,-0.200000,0.015278,0
57.469444,-0.200000,0.012068,0
57.472222,-0.205000,0.009344,0
57.475000,-0.210000,0.007502,0
57.477778,-0.220000,0.006944,0
57.480556,-0.210000,0.007717,0
57.483333,-0.210000,0.009291,0
57.486111,-0.205000,0.010719,0
57.488889,-0.195000,0.011133,0
57.491667,-0.205000,0.010243,0
57.494444,-0.215000,0.008475,0
57.497222,-0.215000,0.006601,0
57.500000,-0.215000,0.005191,0
57.502778,-0.210000,0.004317,0
57.505556,-0.205000,0.003706,0
57.508333,-0.215000,0.003088,0
57.511111,-0.215000,0.002392,0
57.513889,-0.220000,0.001635,0
57.516667,-0.220000,0.000694,0
57.519444,-0.210000,-0.000724,0
57.522222,-0.210000,-0.002828,0
57.525000,-0.225000,-0.005447,0
57.527778,-0.230000,-0.008080,0
57.530556,-0.230000,-0.010299,0
57.533333,-0.230000,-0.012125,0
57.536111,-0.230000,-0.014014,0
57.538889,-0.215000,-0.016410,0
57.541667,-0.235000,-0.019224,0
57.544444,-0.245000,-0.021726,0
57.547222,-0.245000,-0.023032,0
57.550000,-0.245000,-0.022790,0
57.552778,-0.230000,-0.021440,0
57.555556,-0.225000,-0.019846,0
57.558333,-0.235000,-0.018651,0
57.561111,-0.230000,-0.017924,0
57.563889,-0.245000,-0.017354,0
57.566667,-0.235000,-0.016724,0
57.569444,-0.225000,-0.016185,0
57.572222,-0.225000,-0.016054,0
57.575000,-0.225000,-0.016385,0
57.577778,-0.235000,-0.016798,0
57.580556,-0.250000,-0.016814,0
57.583333,-0.225000,-0.016375,0
57.586111,-0.225000,-0.015969,0
57.588889,-0.225000,-0.016189,0
57.591667,-0.230000,-0.017162,0
57.594444,-0.230000,-0.018372,0
57.597222,-0.245000,-0.019014,0
57.600000,-0.240000,-0.018607,0
57.602778,-0.230000,-0.017364,0
57.605556,-0.215000,-0.015972,0
57.608333,-0.225000,-0.014945,0
57.611111,-0.235000,-0.014187,0
57.613889,-0.230000,-0.013175,0
57.616667,-0.235000,-0.011533,0
57.619444,-0.220000,-0.009409,0
57.622222,-0.210000,-0.007319,0
57.625000,-0.215000,-0.005638,0
57.627778,-0.220000,-0.004263,0
57.630556,-0.230000,-0.002829,0
57.633333,-0.215000,-0.001225,0
57.636111,-0.210000,0.000131,0
57.638889,-0.205000,0.000572,0
57.641667,-0.215000,-0.000263,0
57.644444,-0.210000,-0.002073,0
57.647222,-0.220000,-0.003985,0
57.650000,-0.235000,-0.005000,0
57.652778,-0.205000,-0.004441,0
57.655556,-0.215000,-0.002070,0
57.658333,-0.205000,0.002148,0
57.661111,-0.205000,0.008238,0
57.663889,-0.210000,0.016056,0
57.666667,-0.195000,0.024959,0
57.669444,-0.170000,0.033772,0
57.672222,-0.155000,0.041353,0
57.675000,-0.165000,0.047362,0
57.677778,-0.165000,0.052494,0
57.680556,-0.170000,0.057871,0
57.683333,-0.155000,0.064141,0
57.686111,-0.125000,0.071086,0
57.688889,-0.130000,0.078022,0
57.691667,-0.130000,0.084449,0
57.694444,-0.120000,0.090289,0
57.697222,-0.130000,0.095545,0
57.700000,-0.120000,0.099822,0
57.702778,-0.100000,0.102221,0
57.705556,-0.100000,0.101855,0
57.708333,-0.110000,0.098593,0
57.711111,-0.120000,0.093374,0
57.713889,-0.140000,0.087748,0
57.716667,-0.135000,0.083027,0
57.719444,-0.130000,0.079790,0
57.722222,-0.115000,0.078150,0
57.725000,-0.120000,0.078438,0
57.727778,-0.145000,0.081405,0
57.730556,-0.145000,0.087412,0
57.733333,-0.140000,0.095176,0
57.736111,-0.095000,0.101422,0
57.738889,-0.080000,0.102193,0
57.741667,-0.100000,0.095062,0
57.744444,-0.145000,0.080505,0
57.747222,-0.170000,0.061400,0
57.750000,-0.175000,0.041291,0
57.752778,-0.180000,0.022908,0
57.755556,-0.205000,0.007735,0
57.758333,-0.215000,-0.003720,0
57.761111,-0.220000,-0.011571,0
57.763889,-0.235000,-0.016388,0
57.766667,-0.235000,-0.019136,0
57.769444,-0.230000,-0.021023,0
57.772222,-0.225000,-0.023088,0
57.775000,-0.230000,-0.025700,0
57.777778,-0.245000,-0.028390,0
57.780556,-0.260000,-0.030320,0
57.783333,-0.240000,-0.031048,0
57.786111,-0.240000,-0.030917,0
57.788889,-0.235000,-0.030762,0
57.791667,-0.245000,-0.031269,0
57.794444,-0.235000,-0.032550,0
57.797222,-0.260000,-0.034173,0
57.800000,-0.245000,-0.035532,0
57.802778,-0.250000,-0.036236,0
57.805556,-0.250000,-0.036224,0
57.808333,-0.235000,-0.035557,0
57.811111,-0.245000,-0.034135,0
57.813889,-0.250000,-0.031656,0
57.816667,-0.245000,-0.027956,0
57.819444,-0.240000,-0.023461,0
57.822222,-0.220000,-0.019300,0
57.825000,-0.230000,-0.016986,0
57.827778,-0.230000,-0.017952,0
57.830556,-0.235000,-0.023292,0
57.833333,-0.250000,-0.033711,0
57.836111,-0.255000,-0.049536,0
57.838889,-0.275000,-0.070681,0
57.841667,-0.325000,-0.096689,0
57.844444,-0.350000,-0.126923,0
57.847222,-0.385000,-0.160509,0
57.850000,-0.380000,-0.195429,0
57.852778,-0.410000,-0.226756,0
57.855556,-0.445000,-0.245156,0
57.858333,-0.455000,-0.237203,0
57.861111,-0.410000,-0.188059,0
57.863889,-0.295000,-0.085662,0
57.866667,-0.130000,0.074897,0
57.869444,0.035000,0.287546,0
57.872222,0.255000,0.532503,0
57.875000,0.530000,0.776010,0
57.877778,0.760000,0.974645,0
57.880556,0.910000,1.085055,1
57.883333,0.970000,1.077186,0
57.886111,0.855000,0.946390,0
57.888889,0.560000,0.718692,0
57.891667,0.165000,0.444964,0
57.894444,-0.160000,0.184652,0
57.897222,-0.345000,-0.014249,0
57.900000,-0.375000,-0.129521,0
57.902778,-0.330000,-0.167051,0
57.905556,-0.280000,-0.151784,0
57.908333,-0.270000,-0.113682,0
57.911111,-0.275000,-0.076201,0
57.913889,-0.285000,-0.051447,0
57.916667,-0.275000,-0.041524,0
57.919444,-0.270000,-0.042836,0
57.922222,-0.260000,-0.050135,0
57.925000,-0.270000,-0.058891,0
57.927778,-0.280000,-0.066169,0
57.930556,-0.295000,-0.070742,0
57.933333,-0.280000,-0.072864,0
57.936111,-0.280000,-0.073667,0
57.938889,-0.275000,-0.074274,0
57.941667,-0.290000,-0.075092,0
57.944444,-0.295000,-0.075756,0
57.947222,-0.295000,-0.075668,0
57.950000,-0.290000,-0.074626,0
57.952778,-0.280000,-0.072993,0
57.955556,-0.275000,-0.071363,0
57.958333,-0.285000,-0.070094,0
57.961111,-0.285000,-0.069160,0
57.963889,-0.290000,-0.068438,0
57.966667,-0.280000,-0.068049,0
57.969444,-0.280000,-0.068374,0
57.972222,-0.270000,-0.069654,0
57.975000,-0.280000,-0.071535,0
57.977778,-0.295000,-0.073058,0
57.980556,-0.300000,-0.073253,0
57.983333,-0.290000,-0.071894,0
57.986111,-0.270000,-0.069682,0
57.988889,-0.275000,-0.067649,0
57.991667,-0.270000,-0.066298,0
57.994444,-0.285000,-0.065276,0
57.997222,-0.295000,-0.063847,0
58.000000,-0.275000,-0.061707,0
58.002778,-0.270000,-0.059366,0
58.005556,-0.260000,-0.057742,0
58.008333,-0.265000,-0.057368,0
58.011111,-0.275000,-0.057946,0
58.013889,-0.280000,-0.058600,0
58.016667,-0.280000,-0.058588,0
58.019444,-0.275000,-0.057870,0
58.022222,-0.255000,-0.057049,0
58.025000,-0.270000,-0.056800,0
58.027778,-0.270000,-0.057325,0
58.030556,-0.280000,-0.058315,0
58.033333,-0.280000,-0.059358,0
58.036111,-0.270000,-0.060303,0
58.038889,-0.270000,-0.061243,0
58.041667,-0.270000,-0.062214,0
58.044444,-0.285000,-0.063022,0
58.047222,-0.285000,-0.063466,0
58.050000,-0.285000,-0.063702,0
58.052778,-0.265000,-0.064279,0
58.055556,-0.275000,-0.065672,0
58.058333,-0.280000,-0.067734,0
58.061111,-0.290000,-0.069628,0
58.063889,-0.295000,-0.070333,0
58.066667,-0.280000,-0.069303,0
58.069444,-0.285000,-0.066760,0
58.072222,-0.275000,-0.063509,0
58.075000,-0.270000,-0.060469,0
58.077778,-0.270000,-0.058249,0
58.080556,-0.280000,-0.057014,0
58.083333,-0.275000,-0.056689,0
58.086111,-0.275000,-0.057233,0
58.088889,-0.265000,-0.058662,0
58.091667,-0.270000,-0.060790,0
58.094444,-0.280000,-0.063049,0
58.097222,-0.295000,-0.064742,0
58.100000,-0.285000,-0.065565,0
58.102778,-0.275000,-0.065870,0
58.105556,-0.270000,-0.066325,0
58.108333,-0.285000,-0.067285,0
58.111111,-0.285000,-0.068513,0
58.113889,-0.295000,-0.069495,0
58.116667,-0.290000,-0.070010,0
58.119444,-0.285000,-0.070423,0
58.122222,-0.280000,-0.071454,0
58.125000,-0.285000,-0.073614,0
58.127778,-0.290000,-0.076789,0
58.130556,-0.310000,-0.080333,0
58.133333,-0.305000,-0.083578,0
58.136111,-0.300000,-0.086260,0
58.138889,-0.295000,-0.088457,0
58.141667,-0.305000,-0.090163,0
58.144444,-0.310000,-0.091019,0
58.147222,-0.315000,-0.090514,0
58.150000,-0.310000,-0.088465,0
58.152778,-0.305000,-0.085281,0
58.155556,-0.285000,-0.081723,0
58.158333,-0.290000,-0.078299,0
58.161111,-0.295000,-0.074821,0
58.163889,-0.295000,-0.070565,0
58.166667,-0.290000,-0.064892,0
58.169444,-0.275000,-0.057777,0
58.172222,-0.260000,-0.049811,0
58.175000,-0.255000,-0.041721,0
58.177778,-0.245000,-0.033878,0
58.180556,-0.260000,-0.026237,0
58.183333,-0.245000,-0.018714,0
58.186111,-0.215000,-0.011511,0
58.188889,-0.220000,-0.004970,0
58.191667,-0.215000,0.000818,0
58.194444,-0.220000,0.006116,0
58.197222,-0.215000,0.011193,0
58.200000,-0.205000,0.015951,0
58.202778,-0.180000,0.019990,0
58.205556,-0.200000,0.023066,0
58.208333,-0.190000,0.025440,0
58.211111,-0.200000,0.027716,0
58.213889,-0.195000,0.030318,0
58.216667,-0.185000,0.033094,0
58.219444,-0.175000,0.035404,0
58.222222,-0.180000,0.036584,0
58.225000,-0.190000,0.036384,0
58.227778,-0.175000,0.035065,0
58.230556,-0.195000,0.033203,0
58.233333,-0.190000,0.031393,0
58.236111,-0.190000,0.030030,0
58.238889,-0.185000,0.029291,0
58.241667,-0.185000,0.029303,0
58.244444,-0.195000,0.030237,0
58.247222,-0.195000,0.032110,0
58.250000,-0.190000,0.034449,0
58.252778,-0.185000,0.036231,0
58.255556,-0.170000,0.036346,0
58.258333,-0.175000,0.034343,0
58.261111,-0.195000,0.030858,0
58.263889,-0.210000,0.027237,0
58.266667,-0.200000,0.024617,0
58.269444,-0.190000,0.023276,0
58.272222,-0.195000,0.022728,0
58.275000,-0.195000,0.022303,0
58.277778,-0.200000,0.021597,0
58.280556,-0.210000,0.020526,0
58.283333,-0.200000,0.019132,0
58.286111,-0.200000,0.017490,0
58.288889,-0.200000,0.015835,0
58.291667,-0.205000,0.014672,0
58.294444,-0.215000,0.014565,0
58.297222,-0.220000,0.015609,0
58.300000,-0.205000,0.017019,0
58.302778,-0.195000,0.017358,0
58.305556,-0.190000,0.015445,0
58.308333,-0.210000,0.011252,0
58.311111,-0.230000,0.006024,0
58.313889,-0.225000,0.001509,0
58.316667,-0.230000,-0.001040,0
58.319444,-0.215000,-0.001329,0
58.322222,-0.220000,0.000197,0
58.325000,-0.220000,0.002853,0
58.327778,-0.215000,0.006033,0
58.330556,-0.225000,0.009217,0
58.333333,-0.205000,0.011859,0
58.336111,-0.210000,0.013406,0
58.338889,-0.205000,0.013527,0
58.341667,-0.210000,0.012323,0
58.344444,-0.215000,0.010299,0
58.347222,-0.225000,0.008062,0
58.350000,-0.215000,0.005968,0
58.352778,-0.220000,0.004012,0
58.355556,-0.215000,0.002052,0
58.358333,-0.220000,0.000151,0
58.361111,-0.230000,-0.001324,0
58.363889,-0.235000,-0.001985,0
58.366667,-0.230000,-0.001833,0
58.369444,-0.220000,-0.001378,0
58.372222,-0.215000,-0.001261,0
58.375000,-0.225000,-0.001734,0
58.377778,-0.235000,-0.002508,0
58.380556,-0.240000,-0.003150,0
58.383333,-0.220000,-0.003581,0
58.386111,-0.230000,-0.004174,0
58.388889,-0.230000,-0.005392,0
58.391667,-0.220000,-0.007334,0
58.394444,-0.240000,-0.009558,0
58.397222,-0.250000,-0.011331,0
58.400000,-0.240000,-0.012151,0
58.402778,-0.230000,-0.012026,0
58.405556,-0.230000,-0.011242,0
58.408333,-0.240000,-0.009907,0
58.411111,-0.230000,-0.007785,0
58.413889,-0.235000,-0.004565,0
58.416667,-0.240000,-0.000329,0
58.419444,-0.220000,0.004136,0
58.422222,-0.210000,0.007521,0
58.425000,-0.210000,0.008642,0
58.427778,-0.225000,0.007068,0
58.430556,-0.225000,0.003247,0
58.433333,-0.235000,-0.001843,0
58.436111,-0.230000,-0.007111,0
58.438889,-0.235000,-0.011540,0
58.441667,-0.240000,-0.014209,0
58.444444,-0.245000,-0.014407,0
58.447222,-0.250000,-0.011948,0
58.450000,-0.240000,-0.007465,0
58.452778,-0.220000,-0.002265,0
58.455556,-0.215000,0.002351,0
58.458333,-0.220000,0.005883,0
58.461111,-0.220000,0.008895,0
58.463889,-0.230000,0.012509,0
58.466667,-0.215000,0.017542,0
58.469444,-0.200000,0.023961,0
58.472222,-0.195000,0.031017,0
58.475000,-0.185000,0.037851,0
58.477778,-0.180000,0.044068,0
58.480556,-0.185000,0.049868,0
58.483333,-0.185000,0.055729,0
58.486111,-0.160000,0.061962,0
58.488889,-0.155000,0.068563,0
58.491667,-0.155000,0.075386,0
58.494444,-0.145000,0.082286,0
58.497222,-0.155000,0.088968,0
58.500000,-0.135000,0.094752,0
58.502778,-0.125000,0.098653,0
58.505556,-0.120000,0.099905,0
58.508333,-0.125000,0.098578,0
58.511111,-0.145000,0.095691,0
58.513889,-0.145000,0.092642,0
58.516667,-0.145000,0.090372,0
58.519444,-0.135000,0.088947,0
58.522222,-0.135000,0.087765,0
58.525000,-0.150000,0.086067,0
58.527778,-0.155000,0.083276,0
58.530556,-0.150000,0.079121,0
58.533333,-0.145000,0.073845,0
58.536111,-0.155000,0.068530,0
58.538889,-0.170000,0.065129,0
58.541667,-0.175000,0.065795,0
58.544444,-0.165000,0.071743,0
58.547222,-0.160000,0.082288,0
58.550000,-0.140000,0.094658,0
58.552778,-0.120000,0.104814,0
58.555556,-0.105000,0.109035,0
58.558333,-0.110000,0.105547,0
58.561111,-0.140000,0.095248,0
58.563889,-0.175000,0.080952,0
58.566667,-0.180000,0.065637,0
58.569444,-0.180000,0.050960,0
58.572222,-0.180000,0.037062,0
58.575000,-0.200000,0.023487,0
58.577778,-0.225000,0.010179,0
58.580556,-0.245000,-0.002275,0
58.583333,-0.255000,-0.013099,0
58.586111,-0.245000,-0.021787,0
58.588889,-0.250000,-0.028072,0
58.591667,-0.265000,-0.031658,0
58.594444,-0.280000,-0.032299,0
58.597222,-0.275000,-0.030343,0
58.600000,-0.260000,-0.027139,0
58.602778,-0.245000,-0.024651,0
58.605556,-0.245000,-0.024373,0
58.608333,-0.255000,-0.026376,0
58.611111,-0.275000,-0.029320,0
58.613889,-0.285000,-0.031478,0
58.616667,-0.265000,-0.032015,0
58.619444,-0.265000,-0.031494,0
58.622222,-0.255000,-0.031323,0
58.625000,-0.255000,-0.032671,0
58.627778,-0.275000,-0.035705,0
58.630556,-0.285000,-0.039650,0
58.633333,-0.285000,-0.043493,0
58.636111,-0.280000,-0.046622,0
58.638889,-0.265000,-0.048894,0
58.641667,-0.290000,-0.050331,0
58.644444,-0.295000,-0.051071,0
58.647222,-0.300000,-0.051805,0
58.650000,-0.285000,-0.054209,0
58.652778,-0.290000,-0.060741,0
58.655556,-0.305000,-0.073835,0
58.658333,-0.340000,-0.095020,0
58.661111,-0.370000,-0.124331,0
58.663889,-0.390000,-0.159817,0
58.666667,-0.405000,-0.196803,0
58.669444,-0.465000,-0.227166,0
58.672222,-0.475000,-0.239469,0
58.675000,-0.460000,-0.220432,0
58.677778,-0.375000,-0.157402,0
58.680556,-0.270000,-0.041356,0
58.683333,-0.135000,0.129623,0
58.686111,0.060000,0.346575,0
58.688889,0.300000,0.586990,0
58.691667,0.565000,0.815584,0
58.694444,0.760000,0.990174,0
58.697222,0.890000,1.072122,1
58.700000,0.885000,1.038433,0
58.702778,0.750000,0.891124,0
58.705556,0.440000,0.659415,0
58.708333,0.090000,0.392326,0
58.711111,-0.205000,0.143484,0
58.713889,-0.360000,-0.045628,0
58.716667,-0.420000,-0.156628,0
58.719444,-0.405000,-0.195248,0
58.722222,-0.360000,-0.183534,0
58.725000,-0.330000,-0.148191,0
58.727778,-0.330000,-0.110715,0
58.730556,-0.340000,-0.082813,0
58.733333,-0.330000,-0.067243,0
58.736111,-0.315000,-0.061526,0
58.738889,-0.290000,-0.061575,0
58.741667,-0.305000,-0.063761,0
58.744444,-0.305000,-0.065650,0
58.747222,-0.320000,-0.066188,0
58.750000,-0.300000,-0.065636,0
58.752778,-0.290000,-0.065075,0
58.755556,-0.305000,-0.065557,0
58.758333,-0.310000,-0.067433,0
58.761111,-0.305000,-0.070239,0
58.763889,-0.315000,-0.073049,0
58.766667,-0.325000,-0.074996,0
58.769444,-0.315000,-0.075706,0
58.772222,-0.310000,-0.075408,0
58.775000,-0.310000,-0.074647,0
58.777778,-0.315000,-0.073866,0
58.780556,-0.315000,-0.073227,0
58.783333,-0.315000,-0.072719,0
58.786111,-0.315000,-0.072353,0
58.788889,-0.305000,-0.072228,0
58.791667,-0.315000,-0.072459,0
58.794444,-0.315000,-0.073118,0
58.797222,-0.320000,-0.074292,0
58.800000,-0.315000,-0.076144,0
58.802778,-0.315000,-0.078806,0
58.805556,-0.320000,-0.082108,0
58.808333,-0.325000,-0.085393,0
58.811111,-0.330000,-0.087644,0
58.813889,-0.335000,-0.087900,0
58.816667,-0.330000,-0.085764,0
58.819444,-0.325000,-0.081664,0
58.822222,-0.310000,-0.076694,0
58.825000,-0.310000,-0.072126,0
58.827778,-0.310000,-0.068935,0
58.830556,-0.320000,-0.067644,0
58.833333,-0.305000,-0.068442,0
58.836111,-0.310000,-0.071240,0
58.838889,-0.315000,-0.075554,0
58.841667,-0.320000,-0.080400,0
58.844444,-0.325000,-0.084438,0
58.847222,-0.340000,-0.086437,0
58.850000,-0.330000,-0.085809,0
58.852778,-0.320000,-0.082904,0
58.855556,-0.320000,-0.078817,0
58.858333,-0.315000,-0.074904,0
58.861111,-0.315000,-0.072330,0
58.863889,-0.320000,-0.071806,0
58.866667,-0.305000,-0.073465,0
58.869444,-0.320000,-0.076759,0
58.872222,-0.320000,-0.080493,0
58.875000,-0.330000,-0.083148,0
58.877778,-0.330000,-0.083489,0
58.880556,-0.335000,-0.081166,0
58.883333,-0.320000,-0.076944,0
58.886111,-0.300000,-0.072280,0
58.888889,-0.300000,-0.068430,0
58.891667,-0.315000,-0.065749,0
58.894444,-0.315000,-0.063758,0
58.897222,-0.310000,-0.061866,0
58.900000,-0.305000,-0.060032,0
58.902778,-0.295000,-0.058853,0
58.905556,-0.300000,-0.059117,0
58.908333,-0.300000,-0.061233,0
58.911111,-0.310000,-0.064964,0
58.913889,-0.320000,-0.069570,0
58.916667,-0.315000,-0.074173,0
58.919444,-0.320000,-0.078047,0
58.922222,-0.325000,-0.080701,0
58.925000,-0.320000,-0.081866,0
58.927778,-0.330000,-0.081561,0
58.930556,-0.335000,-0.080255,0
58.933333,-0.320000,-0.078955,0
58.936111,-0.315000,-0.078920,0
58.938889,-0.315000,-0.080999,0
58.941667,-0.330000,-0.085058,0
58.944444,-0.335000,-0.089997,0
58.947222,-0.350000,-0.094396,0
58.950000,-0.345000,-0.097342,0
58.952778,-0.340000,-0.098880,0
58.955556,-0.340000,-0.099814,0
58.958333,-0.340000,-0.101078,0
58.961111,-0.340000,-0.103160,0
58.963889,-0.360000,-0.105953,0
58.966667,-0.365000,-0.109091,0
58.969444,-0.350000,-0.112358,0
58.972222,-0.350000,-0.115710,0
58.975000,-0.360000,-0.118911,0
58.977778,-0.375000,-0.121314,0
58.980556,-0.365000,-0.122103,0
58.983333,-0.370000,-0.120770,0
58.986111,-0.365000,-0.117399,0
58.988889,-0.350000,-0.112564,0
58.991667,-0.350000,-0.106935,0
58.994444,-0.340000,-0.100840,0
58.997222,-0.340000,-0.094083,0
59.000000,-0.335000,-0.086171,0
59.002778,-0.330000,-0.076789,0
59.005556,-0.305000,-0.066182,0
59.008333,-0.300000,-0.055156,0
59.011111,-0.290000,-0.044731,0
59.013889,-0.275000,-0.035707,0
59.016667,-0.275000,-0.028326,0
59.019444,-0.260000,-0.022165,0
59.022222,-0.265000,-0.016278,0
59.025000,-0.255000,-0.009621,0
59.027778,-0.255000,-0.001631,0
59.030556,-0.245000,0.007322,0
59.033333,-0.225000,0.015936,0
59.036111,-0.210000,0.022598,0
59.038889,-0.210000,0.026333,0
59.041667,-0.220000,0.027391,0
59.044444,-0.225000,0.027039,0
59.047222,-0.230000,0.026702,0
59.050000,-0.215000,0.027137,0
59.052778,-0.215000,0.028207,0
59.055556,-0.205000,0.029303,0
59.058333,-0.220000,0.029939,0
59.061111,-0.210000,0.030049,0
59.063889,-0.225000,0.029853,0
59.066667,-0.220000,0.029521,0
59.069444,-0.210000,0.028994,0
59.072222,-0.210000,0.028164,0
59.075000,-0.215000,0.027214,0
59.077778,-0.220000,0.026677,0
59.080556,-0.235000,0.027033,0
59.083333,-0.220000,0.028163,0
59.086111,-0.205000,0.029248,0
59.088889,-0.205000,0.029345,0
59.091667,-0.215000,0.028162,0
59.094444,-0.225000,0.026294,0
59.097222,-0.230000,0.024708,0
59.100000,-0.225000,0.023986,0
59.102778,-0.215000,0.023944,0
59.105556,-0.220000,0.023869,0
59.108333,-0.220000,0.023097,0
59.111111,-0.215000,0.021485,0
59.113889,-0.230000,0.019494,0
59.116667,-0.240000,0.017846,0
59.119444,-0.225000,0.016983,0
59.122222,-0.225000,0.016765,0
59.125000,-0.230000,0.016595,0
59.127778,-0.225000,0.015763,0
59.130556,-0.240000,0.013707,0
59.133333,-0.230000,0.010151,0
59.136111,-0.235000,0.005229,0
59.138889,-0.245000,-0.000418,0
59.141667,-0.255000,-0.005719,0
59.144444,-0.255000,-0.009528,0
59.147222,-0.260000,-0.011079,0
59.150000,-0.260000,-0.010287,0
59.152778,-0.250000,-0.007744,0
59.155556,-0.240000,-0.004395,0
59.158333,-0.245000,-0.001103,0
59.161111,-0.250000,0.001526,0
59.163889,-0.255000,0.002928,0
59.166667,-0.245000,0.002330,0
59.169444,-0.225000,-0.001001,0
59.172222,-0.245000,-0.007039,0
59.175000,-0.265000,-0.014482,0
59.177778,-0.270000,-0.021125,0
59.180556,-0.285000,-0.024947,0
59.183333,-0.275000,-0.025157,0
59.186111,-0.260000,-0.022486,0
59.188889,-0.255000,-0.018591,0
59.191667,-0.260000,-0.015054,0
59.194444,-0.250000,-0.012669,0
59.197222,-0.265000,-0.011384,0
59.200000,-0.265000,-0.010784,0
59.202778,-0.260000,-0.010666,0
59.205556,-0.245000,-0.011197,0
59.208333,-0.250000,-0.012530,0
59.211111,-0.255000,-0.014341,0
59.213889,-0.280000,-0.015856,0
59.216667,-0.265000,-0.016413,0
59.219444,-0.255000,-0.015956,0
59.222222,-0.250000,-0.014944,0
59.225000,-0.260000,-0.013881,0
59.227778,-0.265000,-0.013051,0
59.230556,-0.265000,-0.012668,0
59.233333,-0.255000,-0.013067,0
59.236111,-0.250000,-0.014538,0
59.238889,-0.255000,-0.016872,0
59.241667,-0.265000,-0.019133,0
59.244444,-0.275000,-0.020051,0
59.247222,-0.280000,-0.018865,0
59.250000,-0.255000,-0.015952,0
59.252778,-0.250000,-0.012644,0
59.255556,-0.245000,-0.010314,0
59.258333,-0.250000,-0.009453,0
59.261111,-0.255000,-0.009458,0
59.263889,-0.275000,-0.009274,0
59.266667,-0.260000,-0.008379,0
59.269444,-0.245000,-0.007283,0
59.272222,-0.235000,-0.007057,0
59.275000,-0.250000,-0.008356,0
59.277778,-0.265000,-0.010833,0
59.280556,-0.265000,-0.013399,0
59.283333,-0.255000,-0.014886,0
59.286111,-0.260000,-0.014496,0
59.288889,-0.255000,-0.011879,0
59.291667,-0.255000,-0.007046,0
59.294444,-0.240000,-0.000329,0
59.297222,-0.245000,0.007648,0
59.300000,-0.230000,0.016007,0
59.302778,-0.220000,0.023811,0
59.305556,-0.200000,0.030453,0
59.308333,-0.205000,0.036075,0
59.311111,-0.215000,0.041561,0
59.313889,-0.200000,0.047934,0
59.316667,-0.200000,0.055586,0
59.319444,-0.175000,0.063948,0
59.322222,-0.160000,0.071909,0
59.325000,-0.160000,0.078599,0
59.327778,-0.165000,0.083863,0
59.330556,-0.170000,0.088019,0
59.333333,-0.160000,0.091196,0
59.336111,-0.140000,0.092993,0
59.338889,-0.145000,0.092807,0
59.341667,-0.150000,0.090458,0
59.344444,-0.165000,0.086443,0
59.347222,-0.170000,0.081590,0
59.350000,-0.175000,0.076495,0
59.352778,-0.165000,0.071330,0
59.355556,-0.170000,0.066213,0
59.358333,-0.175000,0.061811,0
59.361111,-0.180000,0.059525,0
59.363889,-0.205000,0.060859,0
59.366667,-0.190000,0.066259,0
59.369444,-0.170000,0.074229,0
59.372222,-0.160000,0.081544,0
59.375000,-0.145000,0.084556,0
59.377778,-0.145000,0.080837,0
59.380556,-0.185000,0.070142,0
59.383333,-0.205000,0.054170,0
59.386111,-0.210000,0.035473,0
59.388889,-0.220000,0.016485,0
59.391667,-0.240000,-0.000827,0
59.394444,-0.265000,-0.014963,0
59.397222,-0.280000,-0.025051,0
59.400000,-0.275000,-0.031085,0
59.402778,-0.265000,-0.033852,0
59.405556,-0.280000,-0.034461,0
59.408333,-0.280000,-0.033871,0
59.411111,-0.280000,-0.032800,0
59.413889,-0.280000,-0.031880,0
59.416667,-0.275000,-0.031740,0
59.419444,-0.270000,-0.032819,0
59.422222,-0.275000,-0.035039,0
59.425000,-0.280000,-0.037667,0
59.427778,-0.295000,-0.039621,0
59.430556,-0.290000,-0.040118,0
59.433333,-0.285000,-0.039194,0
59.436111,-0.275000,-0.037667,0
59.438889,-0.275000,-0.036563,0
59.441667,-0.280000,-0.036442,0
59.444444,-0.275000,-0.037111,0
59.447222,-0.295000,-0.037882,0
59.450000,-0.285000,-0.038180,0
59.452778,-0.280000,-0.038102,0
59.455556,-0.285000,-0.038556,0
59.458333,-0.275000,-0.041016,0
59.461111,-0.300000,-0.047154,0
59.463889,-0.305000,-0.058606,0
59.466667,-0.325000,-0.076825,0
59.469444,-0.355000,-0.102733,0
59.472222,-0.370000,-0.135952,0
59.475000,-0.400000,-0.173667,0
59.477778,-0.440000,-0.209651,0
59.480556,-0.490000,-0.234278,0
59.483333,-0.500000,-0.235910,0
59.486111,-0.445000,-0.203040,0
59.488889,-0.340000,-0.126109,0
59.491667,-0.210000,0.001179,0
59.494444,-0.090000,0.179960,0
59.497222,0.095000,0.402763,0
59.500000,0.350000,0.649743,0
59.502778,0.620000,0.887788,0
59.505556,0.840000,1.075223,0
59.508333,0.985000,1.172023,1
59.511111,1.000000,1.152421,0
59.513889,0.860000,1.014999,0
59.516667,0.550000,0.785474,0
59.519444,0.195000,0.509818,0
59.522222,-0.095000,0.239931,0
59.525000,-0.290000,0.018101,0
59.527778,-0.385000,-0.133047,0
59.530556,-0.430000,-0.211976,0
59.533333,-0.445000,-0.232558,0
59.536111,-0.430000,-0.215495,0
59.538889,-0.415000,-0.180853,0
59.541667,-0.395000,-0.143708,0
59.544444,-0.350000,-0.112914,0
59.547222,-0.340000,-0.091857,0
59.550000,-0.335000,-0.080100,0
59.552778,-0.325000,-0.075215,0
59.555556,-0.320000,-0.074327,0
59.558333,-0.315000,-0.075026,0
59.561111,-0.325000,-0.075724,0
59.563889,-0.325000,-0.075708,0
59.566667,-0.320000,-0.075056,0
59.569444,-0.315000,-0.074325,0
59.572222,-0.310000,-0.074010,0
59.575000,-0.315000,-0.074080,0
59.577778,-0.325000,-0.073957,0
59.580556,-0.335000,-0.073047,0
59.583333,-0.315000,-0.071374,0
59.586111,-0.305000,-0.069677,0
59.588889,-0.305000,-0.068825,0
59.591667,-0.315000,-0.069101,0
59.594444,-0.320000,-0.070008,0
59.597222,-0.320000,-0.070696,0
59.600000,-0.320000,-0.070565,0
59.602778,-0.310000,-0.069599,0
59.605556,-0.320000,-0.068277,0
59.608333,-0.300000,-0.067196,0
59.611111,-0.310000,-0.066675,0
59.613889,-0.320000,-0.066601,0
59.616667,-0.320000,-0.066646,0
59.619444,-0.305000,-0.066572,0
59.622222,-0.305000,-0.066271,0
59.625000,-0.315000,-0.065586,0
59.627778,-0.310000,-0.064264,0
59.630556,-0.315000,-0.062195,0
59.633333,-0.310000,-0.059690,0
59.636111,-0.295000,-0.057469,0
59.638889,-0.300000,-0.056264,0
59.641667,-0.295000,-0.056334,0
59.644444,-0.305000,-0.057274,0
59.647222,-0.320000,-0.058336,0
59.650000,-0.305000,-0.059000,0
59.652778,-0.300000,-0.059270,0
59.655556,-0.300000,-0.059423,0
59.658333,-0.300000,-0.059529,0
59.661111,-0.310000,-0.059276,0
59.663889,-0.320000,-0.058308,0
59.666667,-0.300000,-0.056766,0
59.669444,-0.305000,-0.055450,0
59.672222,-0.290000,-0.055369,0
59.675000,-0.295000,-0.056988,0
59.677778,-0.305000,-0.059783,0
59.680556,-0.330000,-0.062540,0
59.683333,-0.315000,-0.064210,0
59.686111,-0.310000,-0.064561,0
59.688889,-0.295000,-0.064060,0
59.691667,-0.310000,-0.063226,0
59.694444,-0.315000,-0.062192,0
59.697222,-0.320000,-0.060882,0
59.700000,-0.300000,-0.059440,0
59.702778,-0.310000,-0.058370,0
59.705556,-0.300000,-0.058224,0
59.708333,-0.295000,-0.059119,0
59.711111,-0.315000,-0.060510,0
59.713889,-0.320000,-0.061451,0
59.716667,-0.310000,-0.061209,0
59.719444,-0.305000,-0.059700,0
59.722222,-0.305000,-0.057428,0
59.725000,-0.300000,-0.055096,0
59.727778,-0.300000,-0.053242,0
59.730556,-0.305000,-0.052104,0
59.733333,-0.300000,-0.051724,0
59.736111,-0.305000,-0.052115,0
59.738889,-0.300000,-0.053338,0
59.741667,-0.300000,-0.055388,0
59.744444,-0.300000,-0.058038,0
59.747222,-0.320000,-0.060860,0
59.750000,-0.325000,-0.063568,0
59.752778,-0.315000,-0.066347,0
59.755556,-0.305000,-0.069711,0
59.758333,-0.310000,-0.073851,0
59.761111,-0.335000,-0.078172,0
59.763889,-0.350000,-0.081636,0
59.766667,-0.345000,-0.083669,0
59.769444,-0.315000,-0.084695,0
59.772222,-0.335000,-0.085737,0
59.775000,-0.330000,-0.087532,0
59.777778,-0.345000,-0.090047,0
59.780556,-0.355000,-0.092708,0
59.783333,-0.345000,-0.094989,0
59.786111,-0.345000,-0.096775,0
59.788889,-0.350000,-0.098262,0
59.791667,-0.340000,-0.099586,0
59.794444,-0.355000,-0.100571,0
59.797222,-0.365000,-0.100832,0
59.800000,-0.350000,-0.100137,0
59.802778,-0.350000,-0.098609,0
59.805556,-0.340000,-0.096513,0
59.808333,-0.345000,-0.093851,0
59.811111,-0.340000,-0.090168,0
59.813889,-0.350000,-0.084818,0
59.816667,-0.335000,-0.077479,0
59.819444,-0.315000,-0.068468,0
59.822222,-0.310000,-0.058542,0
59.825000,-0.290000,-0.048351,0
59.827778,-0.295000,-0.038067,0
59.830556,-0.290000,-0.027510,0
59.833333,-0.280000,-0.016670,0
59.836111,-0.255000,-0.006074,0
59.838889,-0.240000,0.003431,0
59.841667,-0.235000,0.011309,0
59.844444,-0.245000,0.017741,0
59.847222,-0.240000,0.023409,0
59.850000,-0.225000,0.028896,0
59.852778,-0.220000,0.034322,0
59.855556,-0.210000,0.039462,0
59.858333,-0.210000,0.044101,0
59.861111,-0.205000,0.048270,0
59.863889,-0.210000,0.052136,0
59.866667,-0.210000,0.055682,0
59.869444,-0.195000,0.058493,0
59.872222,-0.185000,0.059979,0
59.875000,-0.190000,0.059948,0
59.877778,-0.195000,0.058984,0
59.880556,-0.220000,0.058152,0
59.883333,-0.200000,0.058204,0
59.886111,-0.200000,0.059012,0
59.888889,-0.185000,0.059763,0
59.891667,-0.190000,0.059717,0
59.894444,-0.205000,0.058827,0
59.897222,-0.205000,0.057711,0
59.900000,-0.205000,0.057103,0
59.902778,-0.205000,0.057329,0
59.905556,-0.195000,0.058177,0
59.908333,-0.195000,0.059172,0
59.911111,-0.200000,0.059950,0
59.913889,-0.205000,0.060401,0
59.916667,-0.200000,0.060546,0
59.919444,-0.200000,0.060396,0
59.922222,-0.190000,0.059986,0
59.925000,-0.205000,0.059509,0
59.927778,-0.205000,0.059253,0
59.930556,-0.210000,0.059311,0
59.933333,-0.200000,0.059333,0
59.936111,-0.200000,0.058653,0
59.938889,-0.195000,0.056795,0
59.941667,-0.205000,0.053943,0
59.944444,-0.220000,0.050961,0
59.947222,-0.220000,0.048867,0
59.950000,-0.220000,0.048141,0
59.952778,-0.210000,0.048440,0
59.955556,-0.210000,0.048896,0
59.958333,-0.210000,0.048734,0
59.961111,-0.215000,0.047711,0
59.963889,-0.230000,0.046112,0
59.966667,-0.220000,0.044398,0
59.969444,-0.215000,0.042921,0
59.972222,-0.225000,0.041912,0
59.975000,-0.220000,0.041606,0
59.977778,-0.225000,0.042194,0
59.980556,-0.235000,0.043559,0
59.983333,-0.220000,0.045016,0
59.986111,-0.220000,0.045373,0
59.988889,-0.210000,0.043452,0
59.991667,-0.230000,0.038721,0
59.994444,-0.245000,0.031569,0
59.997222,-0.245000,0.023065,0
